suggestion,seed,query_used
chiller box,chiller,chiller b
chiller box for car,chiller,chiller b
chiller box near me,chiller,chiller b
chiller bag,chiller,chiller b
chiller box price,chiller,chiller b
chiller blue star,chiller,chiller b
chiller blanking panel,chiller,chiller b
chiller box for beer,chiller,chiller b
chiller box electric,chiller,chiller b
chiller brand,chiller,chiller b
chiller fridge,chiller,chiller f
chiller for aquarium,chiller,chiller f
chiller freezer,chiller,chiller f
chiller font,chiller,chiller f
chiller freezer temperature,chiller,chiller f
chiller fridge second hand,chiller,chiller f
chiller fridge price,chiller,chiller f
chiller for home,chiller,chiller f
chiller fridge temperature,chiller,chiller f
chiller fan,chiller,chiller f
chiller ice box,chiller,chiller i
chiller images,chiller,chiller i
chiller in hvac,chiller,chiller i
chiller interview questions and answers,chiller,chiller i
chiller industrial,chiller,chiller i
chiller in hindi,chiller,chiller i
chiller ice box 25 ltr,chiller,chiller i
chiller ice box near me,chiller,chiller i
chiller ice box 50 ltr price,chiller,chiller i
chiller inlet and outlet temperature,chiller,chiller i
chiller gas type,chiller,chiller g
chiller gas name,chiller,chiller g
chiller gas,chiller,chiller g
chiller gang,chiller,chiller g
chiller gasket,chiller,chiller g
chiller gas pressure,chiller,chiller g
chiller gauge,chiller,chiller g
chiller gas name list,chiller,chiller g
chiller gas filling,chiller,chiller g
chiller glass,chiller,chiller g
chiller,chiller,chiller
chiller plant,chiller,chiller
chiller machine,chiller,chiller
chiller unit,chiller,chiller
chiller working principle,chiller,chiller
chiller temperature,chiller,chiller
chillar party,chiller,chiller
chiller compressor,chiller,chiller c
chiller circuit diagram,chiller,chiller c
chiller cycle,chiller,chiller c
chiller commissioning,chiller,chiller c
chiller cutting photo,chiller,chiller c
chiller condenser pump,chiller,chiller c
chiller condenser,chiller,chiller c
chiller crossword clue,chiller,chiller c
chiller cutting,chiller,chiller c
chiller capacity,chiller,chiller c
chiller ac,chiller,chiller a
chiller ac system,chiller,chiller a
chiller app,chiller,chiller a
chiller aquarium,chiller,chiller a
chiller approach,chiller,chiller a
chiller approach formula,chiller,chiller a
chiller ac price,chiller,chiller a
chiller and freezer temperature,chiller,chiller a
chiller approach temperature,chiller,chiller a
chiller approach calculation,chiller,chiller a
chiller energy systems private limited,chiller,chiller e
chiller expansion valve,chiller,chiller e
chiller evaporator,chiller,chiller e
chiller efficiency formula,chiller,chiller e
chiller efficiency,chiller,chiller e
chiller expansion valve working principle,chiller,chiller e
chiller efficiency calculation,chiller,chiller e
chiller evaporator approach,chiller,chiller e
chiller engineer,chiller,chiller e
chiller exhaust fan,chiller,chiller e
chiller display counter,chiller,chiller d
chiller display,chiller,chiller d
chiller diagram,chiller,chiller d
chiller descaling,chiller,chiller d
chiller design calculation pdf,chiller,chiller d
chiller design,chiller,chiller d
chiller descaling chemical,chiller,chiller d
chiller drawing,chiller,chiller d
chiller descaling chemical name,chiller,chiller d
chiller delta t,chiller,chiller d
chiller hsn code,chiller,chiller h
chiller hvac system,chiller,chiller h
chiller hvac,chiller,chiller h
chiller hindi meaning,chiller,chiller h
chiller hsn code and gst rate,chiller,chiller h
chiller hookah,chiller,chiller h
chiller high pressure alarm,chiller,chiller h
chiller hs code,chiller,chiller h
chiller hose pipe,chiller,chiller h
chiller heat load calculation,chiller,chiller h
chiller job vacancy,chiller,chiller j
chiller juice,chiller,chiller j
chiller jar,chiller,chiller j
chiller jobs near me,chiller,chiller j
chiller jacket,chiller,chiller j
chiller johnson controls,chiller,chiller j
chiller jobs,chiller,chiller j
chiller josena,chiller,chiller j
chiller juice studios discord,chiller,chiller j
chipper jones,chiller,chiller j
chiller service near me,chiller,chiller s
chiller service,chiller,chiller s
chiller system in building,chiller,chiller s
chiller system,chiller,chiller s
chiller service in chennai,chiller,chiller s
chiller safety devices,chiller,chiller s
chiller schematic diagram,chiller,chiller s
chiller service engineer jobs,chiller,chiller s
chiller spare parts,chiller,chiller s
chiller spare parts near me,chiller,chiller s
chiller manufacturers in chennai,chiller,chiller m
chiller meaning in tamil,chiller,chiller m
chiller meaning,chiller,chiller m
chiller manufacturers in coimbatore,chiller,chiller m
chiller machine price,chiller,chiller m
chiller meaning in hindi,chiller,chiller m
chiller manufacturers,chiller,chiller m
chiller make,chiller,chiller m
chiller manufacturers in india,chiller,chiller m
chiller not working,chiller,chiller n
chiller near me,chiller,chiller n
chiller name plate details,chiller,chiller n
chiller not cooling,chiller,chiller n
chiller normal temperature,chiller,chiller n
chiller name,chiller,chiller n
chiller name plate,chiller,chiller n
chiller notes pdf,chiller,chiller n
chiller notification sound,chiller,chiller n
chiller north,chiller,chiller n
chiller operator job,chiller,chiller o
chiller operation,chiller,chiller o
chiller operation diagram,chiller,chiller o
chiller operator jobs in kuwait,chiller,chiller o
chiller operator salary,chiller,chiller o
chiller oil,chiller,chiller o
chiller outdoor unit,chiller,chiller o
chiller on rent,chiller,chiller o
chiller oil name,chiller,chiller o
chiller oil pressure,chiller,chiller o
chiller room,chiller,chiller r
chiller refrigeration cycle,chiller,chiller r
chiller rental near me,chiller,chiller r
chiller repair near me,chiller,chiller r
chiller refrigerant,chiller,chiller r
chiller room temperature,chiller,chiller r
chiller repair,chiller,chiller r
chiller refrigeration cycle diagram,chiller,chiller r
chiller rate,chiller,chiller r
chiller room colombo,chiller,chiller r
chiller kya hota hai,chiller,chiller k
chiller knife,chiller,chiller k
chiller kaise kam karta hai,chiller,chiller k
chiller ka temperature,chiller,chiller k
chiller kitchen,chiller,chiller k
chiller ka matlab,chiller,chiller k
chiller kw to tr,chiller,chiller k
chiller kida,chiller,chiller k
chiller ki cycle,chiller,chiller k
chiller kya kam karta hai,chiller,chiller k
chiller question and answer,chiller,chiller q
chiller questions and answers pdf,chiller,chiller q
chiller que es,chiller,chiller q
chiller qatar,chiller,chiller q
chiller quotes,chiller,chiller q
chiller quotation,chiller,chiller q
chiller quantum,chiller,chiller q
chiller qualification protocol,chiller,chiller q
chiller question,chiller,chiller q
chiller quantor,chiller,chiller q
chiller price,chiller,chiller p
chiller plant diagram,chiller,chiller p
chillar party cast,chiller,chiller p
chiller plant manager,chiller,chiller p
chiller package,chiller,chiller p
chiller plant working,chiller,chiller p
chiller parameters,chiller,chiller p
chiller plant working principle,chiller,chiller p
chiller line insulation,chiller,chiller l
chiller line,chiller,chiller l
chiller lp alarm,chiller,chiller l
chiller lift,chiller,chiller l
chiller line diagram,chiller,chiller l
chiller load calculation,chiller,chiller l
chiller laser machine,chiller,chiller l
chiller load calculation in kw,chiller,chiller l
chiller low pressure alarm,chiller,chiller l
chiller log book,chiller,chiller l
chiller technician,chiller,chiller t
chiller types,chiller,chiller t
chiller temperature range,chiller,chiller t
chiller technician jobs in chennai,chiller,chiller t
chiller tray,chiller,chiller t
chiller technician jobs in dubai,chiller,chiller t
chiller tr,chiller,chiller t
chiller tr calculation formula,chiller,chiller t
chiller temperature in hotel,chiller,chiller t
chiller x,chiller,chiller x
chiller x pro,chiller,chiller x
chiller xaydin,chiller,chiller x
xtreme chiller,chiller,chiller x
blast chiller xtra by foster,chiller,chiller x
vital chiller x2,chiller,chiller x
ultra x2 chiller,chiller,chiller x
ultra x2 chiller manual,chiller,chiller x
chiller explained,chiller,chiller x
chiller used for,chiller,chiller x
chiller water,chiller,chiller w
chiller working principle tamil,chiller,chiller w
chiller working,chiller,chiller w
chiller water cooler,chiller,chiller w
chiller working principle animation,chiller,chiller w
chiller working principle pdf,chiller,chiller w
chiller water pump,chiller,chiller w
chiller webtoon,chiller,chiller w
chiller working diagram,chiller,chiller w
how to chiller work,chiller,how to chiller
how to chiller temperature,chiller,how to chiller
how to chiller maintenance,chiller,how to chiller
how to cooler work,chiller,how to chiller
how to cooler motor connection,chiller,how to chiller
how to cooler connection,chiller,how to chiller
how to cooler wiring,chiller,how to chiller
how to cooler rest a brisket,chiller,how to chiller
how to cooler repair,chiller,how to chiller
how to cooler corn,chiller,how to chiller
chiller yard,chiller,chiller y
chiller york,chiller,chiller y
chiller yard meaning,chiller,chiller y
chiller york 1000 tr,chiller,chiller y
chiller yard area,chiller,chiller y
chiller yang mana,chiller,chiller y
chiller y strainer,chiller,chiller y
chiller yong tau foo,chiller,chiller y
chiller york yvaa,chiller,chiller y
chiller yakult,chiller,chiller y
what is chiller,chiller,what is chiller
what is chiller plant,chiller,what is chiller
what is chiller in hvac,chiller,what is chiller
what is chiller approach,chiller,what is chiller
what is chiller temperature,chiller,what is chiller
what is chiller in refrigerator,chiller,what is chiller
what is chiller system,chiller,what is chiller
what is chiller free in dubai,chiller,what is chiller
what is chiller machine,chiller,what is chiller
what is chiller cop,chiller,what is chiller
chiller unit diagram,chiller,chiller u
chiller unit hsn code,chiller,chiller u
chiller unit service near me,chiller,chiller u
chiller unit price,chiller,chiller u
chiller unit working,chiller,chiller u
chiller uses,chiller,chiller u
chiller unit is a part of,chiller,chiller u
chiller unit hvac,chiller,chiller u
chiller unit working principle,chiller,chiller u
chiller zone,chiller,chiller z
chiller zone items,chiller,chiller z
chiller za vodu,chiller,chiller z
chiller zx spectrum,chiller,chiller z
chiller zone fridge,chiller,chiller z
chiller zimmer,chiller,chiller z
chiller zamil,chiller,chiller z
chiller zero tolerance,chiller,chiller z
chiller zero,chiller,chiller z
chiller zenner,chiller,chiller z
chiller vehicle for rent,chiller,chiller v
chiller valve package,chiller,chiller v
chiller vehicle,chiller,chiller v
chiller vs freezer,chiller,chiller v
chiller vs ac,chiller,chiller v
chiller vs cooling tower,chiller,chiller v
chiller video,chiller,chiller v
chiller valve,chiller,chiller v
chiller van for rent,chiller,chiller v
chiller valve package details,chiller,chiller v
best chiller company in india,chiller,best chiller
best chiller,chiller,best chiller
best chiller box,chiller,best chiller
best chiller brand,chiller,best chiller
best chiller ice box,chiller,best chiller
best chiller box in india,chiller,best chiller
best chiller in india,chiller,best chiller
best chillers in the world,chiller,best chiller
best chiller manufacturers in india,chiller,best chiller
best chiller for cold plunge,chiller,best chiller
why chiller is used,chiller,why chiller
why chiller is used in injection molding,chiller,why chiller
why chiller not cold,chiller,why chiller
why chiller compressor trip,chiller,why chiller
why chiller trip,chiller,why chiller
why chiller surge,chiller,why chiller
why chiller is used in hvac,chiller,why chiller
reason why chiller not cooling,chiller,why chiller
why are chillers so expensive,chiller,why chiller
why are chillies measured in tons,chiller,why chiller
which chiller is best,chiller,which chiller
which chillers punch is best,chiller,which chiller
which chillers punch is non alcoholic,chiller,which chiller
which chiller brand is best,chiller,which chiller
chiller which gas used,chiller,which chiller
which wine chiller is best,chiller,which chiller
which company chiller is best,chiller,which chiller
which year chillers punch launched,chiller,which chiller
which type of chiller is best,chiller,which chiller
which type of chiller,chiller,which chiller
can chiller,chiller,can chiller
can chiller machine,chiller,can chiller
can chiller spinner,chiller,can chiller
can chiller freeze,chiller,can chiller
can chiller 3d print,chiller,can chiller
can chillet swim,chiller,can chiller
can chillers be used for heating,chiller,can chiller
can chiller stanley,chiller,can chiller
can chiller rtic,chiller,can chiller
beer can chiller,chiller,can chiller
chiller in coimbatore,chiller,chiller in coimbatore
chiller service in coimbatore,chiller,chiller in coimbatore
chiller unit manufacturers in coimbatore,chiller,chiller in coimbatore
industrial chiller manufacturers in coimbatore,chiller,chiller in coimbatore
water chiller manufacturers in coimbatore,chiller,chiller in coimbatore
chiller charges,chiller,chiller in coimbatore
chiller room price,chiller,chiller in coimbatore
chiller fees,chiller,chiller in coimbatore
buy chiller,chiller,buy chiller
buy chiller fridge,chiller,buy chiller
buy chiller box,chiller,buy chiller
buy chiller bag,chiller,buy chiller
buy chiller van,chiller,buy chiller
buy chiller trailer,chiller,buy chiller
where to buy chillers,chiller,buy chiller
buy cooler near me,chiller,buy chiller
buy chiller for cold plunge,chiller,buy chiller
buy chiller in india,chiller,buy chiller
chillers in chennai,chiller,chiller in chennai
chiller rental in chennai,chiller,chiller in chennai
chiller supplier in chennai,chiller,chiller in chennai
chiller price in chennai,chiller,chiller in chennai
water chiller in chennai,chiller,chiller in chennai
chiller operator jobs in chennai,chiller,chiller in chennai
chiller unit manufacturers in chennai,chiller,chiller in chennai
top chiller manufacturers in world,chiller,top chiller
top chiller brands,chiller,top chiller
top chiller brands in india,chiller,top chiller
top chiller manufacturers in india,chiller,top chiller
top chiller,chiller,top chiller
top chiller manufacturers in usa,chiller,top chiller
top chiller international,chiller,top chiller
top chiller brands philippines,chiller,top chiller
top chiller companies,chiller,top chiller
top chiller china,chiller,top chiller
does chillerase really work,chiller,does chiller
does chillers punch have alcohol,chiller,does chiller
does chillerase work,chiller,does chiller
does chiller consume more electricity,chiller,does chiller
does chillerase work on skin tags,chiller,does chiller
does chiller have refrigerant,chiller,does chiller
does chillet respawn,chiller,does chiller
does chiller have outdoor unit,chiller,does chiller
does chiller use refrigerant,chiller,does chiller
does chillers punch have non alcoholic,chiller,does chiller
cheap chiller,chiller,cheap chiller
cheap chiller panels nz,chiller,cheap chiller
cheap chiller for cold plunge,chiller,cheap chiller
cheap chiller for aquarium,chiller,cheap chiller
cheap chiller refrigerator,chiller,cheap chiller
cheap chiller bag,chiller,cheap chiller
cheap chiller for ice bath,chiller,cheap chiller
cheap chiller for sale,chiller,cheap chiller
cheap chillers for sale trinidad,chiller,cheap chiller
cheapest chiller in philippines,chiller,cheap chiller
chiller in bangalore,chiller,chiller in bangalore
chiller manufacturers in bangalore,chiller,chiller in bangalore
chiller service in bangalore,chiller,chiller in bangalore
chiller supplier in bangalore,chiller,chiller in bangalore
chiller company in bangalore,chiller,chiller in bangalore
chiller technician jobs in bangalore,chiller,chiller in bangalore
chiller operator jobs in bangalore,chiller,chiller in bangalore
water chiller manufacturers in bangalore,chiller,chiller in bangalore
industrial chiller manufacturers in bangalore,chiller,chiller in bangalore
oil chiller manufacturers in bangalore,chiller,chiller in bangalore
chiller in pune,chiller,chiller in pune
chiller manufacturers in pune,chiller,chiller in pune
water chiller in pune,chiller,chiller in pune
chiller company in pune,chiller,chiller in pune
chiller supplier in pune,chiller,chiller in pune
chiller manufacturing company in pune,chiller,chiller in pune
chiller plant manufacturer in pune,chiller,chiller in pune
chiller maintenance services in pune,chiller,chiller in pune
water chiller manufacturers in pune,chiller,chiller in pune
industrial chiller manufacturers in pune,chiller,chiller in pune
chillers in hyderabad,chiller,chiller in hyderabad
chiller manufacturers in hyderabad,chiller,chiller in hyderabad
chiller repair in hyderabad,chiller,chiller in hyderabad
water chiller manufacturers in hyderabad,chiller,chiller in hyderabad
industrial chiller manufacturers in hyderabad,chiller,chiller in hyderabad
chiller for industrial use,chiller,chiller in hyderabad
chiller manufacturer in delhi,chiller,chiller in delhi
chiller manufacturers in delhi ncr,chiller,chiller in delhi
water chiller in delhi,chiller,chiller in delhi
chiller plant in delhi,chiller,chiller in delhi
chiller price in delhi,chiller,chiller in delhi
chiller operator job in delhi,chiller,chiller in delhi
chiller plant manufacturer in delhi,chiller,chiller in delhi
chiller plant job in delhi,chiller,chiller in delhi
industrial water chiller in delhi,chiller,chiller in delhi
water chiller manufacturers in delhi,chiller,chiller in delhi
cooler near me,chiller,chiller near me
cooler near me shop,chiller,chiller near me
cooler near me cheap,chiller,chiller near me
coolers near me for sale,chiller,chiller near me
coolers near me in stock,chiller,chiller near me
coolers near me with wheels,chiller,chiller near me
cooler near me under 2000,chiller,chiller near me
cooler near me for rent,chiller,chiller near me
coolers near me walmart,chiller,chiller near me
chiller manufacturers in mumbai,chiller,chiller in mumbai
mumbai chiller room,chiller,chiller in mumbai
chiller company in mumbai,chiller,chiller in mumbai
water chiller in mumbai,chiller,chiller in mumbai
chiller operator job in mumbai,chiller,chiller in mumbai
chiller technician jobs in mumbai,chiller,chiller in mumbai
chiller plant operator jobs in mumbai,chiller,chiller in mumbai
water chiller manufacturers in mumbai,chiller,chiller in mumbai
industrial chiller manufacturers in mumbai,chiller,chiller in mumbai
chiller manufacturers in navi mumbai,chiller,chiller in mumbai
chiller price in india,chiller,chiller price
chiller price per ton,chiller,chiller price
chiller price 2 ton,chiller,chiller price
chiller price list,chiller,chiller price
chiller price in pakistan,chiller,chiller price
chiller price philippines,chiller,chiller price
chiller price in nigeria,chiller,chiller price
chiller price in bangladesh,chiller,chiller price
chiller price in nepal,chiller,chiller price
chiller in ahmedabad,chiller,chiller in ahmedabad
chiller manufacturers in ahmedabad,chiller,chiller in ahmedabad
chiller repair in ahmedabad,chiller,chiller in ahmedabad
chiller service in ahmedabad,chiller,chiller in ahmedabad
water chiller in ahmedabad,chiller,chiller in ahmedabad
chiller plant manufacturer in ahmedabad,chiller,chiller in ahmedabad
chiller machine manufacturers in ahmedabad,chiller,chiller in ahmedabad
chiller plant installation in ahmedabad,chiller,chiller in ahmedabad
water chiller manufacturer in ahmedabad,chiller,chiller in ahmedabad
industrial chiller manufacturers in ahmedabad,chiller,chiller in ahmedabad
chiller cost,chiller,chiller cost
chiller cost per ton,chiller,chiller cost
chiller cost per ton in india,chiller,chiller cost
chiller cost dubai,chiller,chiller cost
chiller cost in pakistan,chiller,chiller cost
chiller cost in india,chiller,chiller cost
chiller costco,chiller,chiller cost
costco chiller cold plunge,chiller,chiller cost
pool chiller cost,chiller,chiller cost
chiller plant cost,chiller,chiller cost
chiller for plastic industry,chiller,chiller for plastic
chiller for plastic machine,chiller,chiller for plastic
water chiller for plastic injection machine,chiller,chiller for plastic
chiller plastic curtains,chiller,chiller for plastic
chiller plastic,chiller,chiller for plastic
chiller plastic door,chiller,chiller for plastic
chiller plastic bag,chiller,chiller for plastic
plastic chiller for cooling,chiller,chiller for plastic
chiller plastico,chiller,chiller for plastic
chiller for injection moulding machine,chiller,chiller for injection moulding
chiller for injection moulding,chiller,chiller for injection moulding
water chiller for injection moulding machine,chiller,chiller for injection moulding
chiller for injection molding machine price,chiller,chiller for injection moulding
types of mould in injection moulding,chiller,chiller for injection moulding
injection molding settings,chiller,chiller for injection moulding
chiller for dairy,chiller,chiller for dairy
chiller for dairy farm,chiller,chiller for dairy
milk chiller for dairy farm,chiller,chiller for dairy
milk chiller for dairy,chiller,chiller for dairy
small milk chiller for dairy farm,chiller,chiller for dairy
dairy chiller for sale,chiller,chiller for dairy
how to make chilled milk,chiller,chiller for dairy
what is milk chilling plant,chiller,chiller for dairy
chiller for pharmaceutical industry,chiller,chiller for pharma
chiller for pharmacy,chiller,chiller for pharma
chiller pharma,chiller,chiller for pharma
chiller storage temperature,chiller,chiller for pharma
chiller suppliers in india,chiller,chiller supplier
chiller supplier near me,chiller,chiller supplier
chiller supplier,chiller,chiller supplier
chiller supplier in uae,chiller,chiller supplier
chiller supplier philippines,chiller,chiller supplier
chiller supplier malaysia,chiller,chiller supplier
chiller supplier in bangladesh,chiller,chiller supplier
chiller supplier in qatar,chiller,chiller supplier
chiller supplier in saudi arabia,chiller,chiller supplier
chiller suppliers south africa,chiller,chiller supplier
chiller working principle in hindi,chiller,chiller working principle
chiller working principle diagram,chiller,chiller working principle
chiller working principle in marathi,chiller,chiller working principle
chiller working principle pdf free download,chiller,chiller working principle
chiller working principle video,chiller,chiller working principle
chiller working principle in gujarati,chiller,chiller working principle
chiller manufacturers near me,chiller,chiller manufacturers
chiller manufacturers in madhya pradesh,chiller,chiller manufacturers
chiller manufacturers for data centers,chiller,chiller manufacturers
chiller dealers near me,chiller,chiller dealers
chiller dealers,chiller,chiller dealers
york chiller dealers in india,chiller,chiller dealers
voltas chiller dealers,chiller,chiller dealers
water chiller dealers,chiller,chiller dealers
trane chiller dealers,chiller,chiller dealers
daikin chiller dealers,chiller,chiller dealers
blue star chiller dealers,chiller,chiller dealers
blue star chiller dealers in india,chiller,chiller dealers
blue star chiller dealers in chennai,chiller,chiller dealers
chiller service hsn code,chiller,chiller service
chiller service engineer,chiller,chiller service
chiller services inc,chiller,chiller service
chiller services refrigerants,chiller,chiller service
chiller services phoenix az,chiller,chiller service
chiller services group,chiller,chiller service
chiller repair services,chiller,chiller repair
chiller repair service near me,chiller,chiller repair
chiller repair shop near me,chiller,chiller repair
chiller repairing and maintenance,chiller,chiller repair
chiller repair dubai,chiller,chiller repair
chiller repair qatar,chiller,chiller repair
chiller repair singapore,chiller,chiller repair
chiller repair companies near me,chiller,chiller repair
chiller amc,chiller,chiller amc
chiller amc company in dubai,chiller,chiller amc
chiller amc format,chiller,chiller amc
amcon chiller,chiller,chiller amc
amcon chiller maintenance,chiller,chiller amc
chiller plant amc,chiller,chiller amc
trane chiller amc,chiller,chiller amc
chiller movies,chiller,chiller amc
chiller fee,chiller,chiller amc
chiller specifications,chiller,chiller specification
chiller specification pdf,chiller,chiller specification
chiller specification sheet,chiller,chiller specification
fujidenzo chiller specification,chiller,chiller specification
daikin chiller specifications,chiller,chiller specification
water chiller specifications,chiller,chiller specification
trane chiller specifications,chiller,chiller specification
chiller plant specification,chiller,chiller specification
chiller unit specifications,chiller,chiller specification
chiller technical specifications,chiller,chiller specification
chiller capacity calculation,chiller,chiller capacity calculation
chiller capacity calculation formula,chiller,chiller capacity calculation
chiller capacity calculation in tr,chiller,chiller capacity calculation
chiller capacity calculation in kw,chiller,chiller capacity calculation
chiller capacity calculation pdf,chiller,chiller capacity calculation
chiller capacity calculation online,chiller,chiller capacity calculation
chiller tonnage calculation,chiller,chiller capacity calculation
chiller btu calculator,chiller,chiller capacity calculation
chiller vs fridge,chiller,chiller vs
chiller vs freezer vs refrigerator,chiller,chiller vs
chiller vs vrf,chiller,chiller vs
chiller vs freezer temperature,chiller,chiller vs
chiller vs vrv,chiller,chiller vs
chiller vs hvac,chiller,chiller vs
chiller vs vrf comparison,chiller,chiller vs
chiller 1 ton,chiller,chiller 1 ton
chiller 1 ton price in pakistan,chiller,chiller 1 ton
chiller 1 ton price,chiller,chiller 1 ton
chiller 1 ton kw,chiller,chiller 1 ton
chiller 1 ton ac price in pakistan,chiller,chiller 1 ton
water chiller 1 ton,chiller,chiller 1 ton
chiller ac 1 ton,chiller,chiller 1 ton
dawlance chiller 1 ton,chiller,chiller 1 ton
online chiller 1 ton price,chiller,chiller 1 ton
water chiller 1 ton price,chiller,chiller 1 ton
chiller 10 ton,chiller,chiller 10 ton
chiller 10 ton price,chiller,chiller 10 ton
water chiller 10 ton,chiller,chiller 10 ton
chiller ac 10 ton price in pakistan,chiller,chiller 10 ton
chiller carrier 10 ton,chiller,chiller 10 ton
chiller machine 10 ton,chiller,chiller 10 ton
industrial chiller 10 ton,chiller,chiller 10 ton
chiller ac 10 ton,chiller,chiller 10 ton
chiller 10 19 ton,chiller,chiller 10 ton
glycol chiller 10 ton,chiller,chiller 10 ton
chiller 3 ton price,chiller,chiller 3 ton
chiller 3 ton,chiller,chiller 3 ton
chiller 3 ton pickup,chiller,chiller 3 ton
online chiller 3 ton price,chiller,chiller 3 ton
water chiller 3 ton price,chiller,chiller 3 ton
water chiller 3 ton,chiller,chiller 3 ton
chiller ac 3 ton price in pakistan,chiller,chiller 3 ton
chiller ac 3 ton,chiller,chiller 3 ton
ro chiller 3 ton price,chiller,chiller 3 ton
chiller machine 3 ton,chiller,chiller 3 ton
chiller 2 ton price,chiller,chiller 2 ton
chiller 2 ton,chiller,chiller 2 ton
chiller 2 ton price in pakistan,chiller,chiller 2 ton
chiller 2 ton ac price in pakistan,chiller,chiller 2 ton
chiller 2 ton ac,chiller,chiller 2 ton
cooler 2 ton,chiller,chiller 2 ton
water chiller 2 ton,chiller,chiller 2 ton
water chiller 2 ton price,chiller,chiller 2 ton
online chiller 2 ton price,chiller,chiller 2 ton
ro chiller 2 ton price,chiller,chiller 2 ton
chiller 5 ton price,chiller,chiller 5 ton
chiller 5 ton,chiller,chiller 5 ton
cooler 5 ton,chiller,chiller 5 ton
water chiller 5 ton,chiller,chiller 5 ton
online chiller 5 ton price,chiller,chiller 5 ton
water chiller 5 ton price,chiller,chiller 5 ton
chiller ac 5 ton price in pakistan,chiller,chiller 5 ton
chiller machine 5 ton price,chiller,chiller 5 ton
industrial chiller 5 ton,chiller,chiller 5 ton
chiller ac 5 ton,chiller,chiller 5 ton
chiller 20 ton,chiller,chiller 20 ton
chiller 20 toneladas,chiller,chiller 20 ton
chiller 20 toneladas precio,chiller,chiller 20 ton
water chiller 20 ton,chiller,chiller 20 ton
chiller carrier 20 ton,chiller,chiller 20 ton
trane chiller 20 ton,chiller,chiller 20 ton
air cooled chiller 20 ton,chiller,chiller 20 ton
20 ton chiller price,chiller,chiller 20 ton
20 ton chiller for sale,chiller,chiller 20 ton
20 ton chiller unit,chiller,chiller 20 ton
water chiller,water chiller,water chiller
water chiller machine,water chiller,water chiller
water chiller working principle,water chiller,water chiller
water chiller manufacturers in chennai,water chiller,water chiller
water chiller plant,water chiller,water chiller
water chiller hsn code,water chiller,water chiller
water chiller for home,water chiller,water chiller
water chiller price,water chiller,water chiller
water chiller 500 liter price,water chiller,water chiller
water chiller ac,water chiller,water chiller a
water chiller aquarium,water chiller,water chiller a
water chiller air conditioning system,water chiller,water chiller a
water chiller all parts name,water chiller,water chiller a
water chiller and air chiller,water chiller,water chiller a
water chiller and filter,water chiller,water chiller a
water chiller and heater,water chiller,water chiller a
water chiller adalah,water chiller,water chiller a
water chiller air conditioner,water chiller,water chiller a
water chiller amazon,water chiller,water chiller a
water chiller bottle,water chiller,water chiller b
water chiller box,water chiller,water chiller b
water chiller bahrain,water chiller,water chiller b
water chiller blue star,water chiller,water chiller b
water chiller bakery,water chiller,water chiller b
water chiller bath,water chiller,water chiller b
water chiller buy,water chiller,water chiller b
water chiller bathtub,water chiller,water chiller b
water chiller benchtop,water chiller,water chiller b
water chiller boyu,water chiller,water chiller b
water chiller compressor,water chiller,water chiller c
water chiller compressor price,water chiller,water chiller c
water chiller controller,water chiller,water chiller c
water chiller coil,water chiller,water chiller c
water chiller condenser,water chiller,water chiller c
water chiller cycle,water chiller,water chiller c
water chiller circuit diagram,water chiller,water chiller c
water chiller cycle diagram,water chiller,water chiller c
water chiller cooling tower,water chiller,water chiller c
water chiller calculator,water chiller,water chiller c
water chiller diagram,water chiller,water chiller d
water chiller diy,water chiller,water chiller d
water chiller design,water chiller,water chiller d
water chiller dispenser,water chiller,water chiller d
water chiller drinking,water chiller,water chiller d
water chiller dispenser for home,water chiller,water chiller d
water chiller dubai,water chiller,water chiller d
water chiller daikin,water chiller,water chiller d
water chiller data center,water chiller,water chiller d
water chiller dwg,water chiller,water chiller d
water chiller efficiency calculation,water chiller,water chiller e
water chiller evaporator,water chiller,water chiller e
water chiller egypt,water chiller,water chiller e
water chiller evaporator coil,water chiller,water chiller e
water chiller expansion valve,water chiller,water chiller e
water chiller e6 error,water chiller,water chiller e
water chiller efficiency,water chiller,water chiller e
water chiller e5 error code,water chiller,water chiller e
water chiller error code,water chiller,water chiller e
water chiller ebay,water chiller,water chiller e
water chiller hsn code and gst rate,water chiller,water chiller h
water chiller heat exchanger,water chiller,water chiller h
water chiller hs code,water chiller,water chiller h
water chiller hvac,water chiller,water chiller h
water chiller hydroponic,water chiller,water chiller h
water chiller home depot,water chiller,water chiller h
water chiller hvac system,water chiller,water chiller h
water chiller heat pump,water chiller,water chiller h
water chiller home,water chiller,water chiller h
water chiller for aquarium,water chiller,water chiller f
water chiller for ice bath,water chiller,water chiller f
water chiller for bathroom,water chiller,water chiller f
water chiller for ro plant,water chiller,water chiller f
water chiller for tank,water chiller,water chiller f
water chiller for shower,water chiller,water chiller f
water chiller for injection molding machine,water chiller,water chiller f
water chiller filter,water chiller,water chiller f
water chiller for cold plunge,water chiller,water chiller f
water chiller images,water chiller,water chiller i
water chiller industrial,water chiller,water chiller i
water chiller industrial type,water chiller,water chiller i
water chiller in gem,water chiller,water chiller i
water chiller indoor unit,water chiller,water chiller i
water chiller ice bath,water chiller,water chiller i
water chiller installation,water chiller,water chiller i
water chiller in pakistan,water chiller,water chiller i
water chiller in dubai,water chiller,water chiller i
water chiller in apartment,water chiller,water chiller i
water chiller jar,water chiller,water chiller j
water chiller jawa tengah,water chiller,water chiller j
water chiller jakarta,water chiller,water chiller j
water chiller jug,water chiller,water chiller j
water chiller julabo,water chiller,water chiller j
water jet chiller,water chiller,water chiller j
water jacket chiller,water chiller,water chiller j
water cooler jug,water chiller,water chiller j
water cooler jug size,water chiller,water chiller j
water cooler jar,water chiller,water chiller j
water chiller gas name,water chiller,water chiller g
water chiller gas pressure,water chiller,water chiller g
water chiller glycol,water chiller,water chiller g
water chiller gree,water chiller,water chiller g
water chiller grow,water chiller,water chiller g
water cooler gpu,water chiller,water chiller g
water cooler gossip,water chiller,water chiller g
water cooler glass,water chiller,water chiller g
water cooler gst rate,water chiller,water chiller g
water cooler game,water chiller,water chiller g
water chiller kya hai,water chiller,water chiller k
water chiller kuwait,water chiller,water chiller k
water chiller kit,water chiller,water chiller k
water chiller kaise kam karta hai,water chiller,water chiller k
water chiller kitchen,water chiller,water chiller k
water chiller karachi,water chiller,water chiller k
water chiller kitchen sink,water chiller,water chiller k
water cooler kitne ka aata hai,water chiller,water chiller k
water cooler kmart,water chiller,water chiller k
water cooler kuwait,water chiller,water chiller k
water chiller lahore,water chiller,water chiller l
water chiller loop,water chiller,water chiller l
water chiller laboratory,water chiller,water chiller l
water chiller low pressure alarm,water chiller,water chiller l
water chiller laser,water chiller,water chiller l
water chiller laser cutter,water chiller,water chiller l
water chiller laser cutting machine,water chiller,water chiller l
water chiller line,water chiller,water chiller l
water cooler lowes,water chiller,water chiller l
water cooler leaking,water chiller,water chiller l
water chiller machine 1000 liter price,water chiller,water chiller m
water chiller machine 500 liter price,water chiller,water chiller m
water chiller machine price,water chiller,water chiller m
water chiller manufacturers,water chiller,water chiller m
water chiller machine 2000 liter price,water chiller,water chiller m
water chiller machine 100 liter price,water chiller,water chiller m
water chiller manufacturers in india,water chiller,water chiller m
water chiller machine small,water chiller,water chiller m
water chiller near me,water chiller,water chiller n
water chiller not cooling,water chiller,water chiller n
water chiller nearby,water chiller,water chiller n
water chiller nz,water chiller,water chiller n
water chiller nuvio,water chiller,water chiller n
water cooler near me,water chiller,water chiller n
water cooler nz,water chiller,water chiller n
water cooler nearby,water chiller,water chiller n
water cooler not cooling,water chiller,water chiller n
water cooler nal,water chiller,water chiller n
water chiller on rent,water chiller,water chiller o
water chiller olx,water chiller,water chiller o
water chiller operation,water chiller,water chiller o
water chiller outdoor unit,water chiller,water chiller o
water chiller outdoor,water chiller,water chiller o
water chiller office,water chiller,water chiller o
water chiller online,water chiller,water chiller o
water chiller omtech,water chiller,water chiller o
water chiller on amazon,water chiller,water chiller o
water chiller on sale,water chiller,water chiller o
water chiller qatar,water chiller,water chiller q
water chiller quotation,water chiller,water chiller q
water chiller quiet,water chiller,water chiller q
chiller water quality standards,water chiller,water chiller q
chiller water quality,water chiller,water chiller q
water cooler qatar,water chiller,water chiller q
water cooler question of the day,water chiller,water chiller q
water cooler questions,water chiller,water chiller q
water cooler questions for work,water chiller,water chiller q
water cooler q3 category on gem,water chiller,water chiller q
water chiller plant price,water chiller,water chiller p
water chiller pump,water chiller,water chiller p
water chiller plant diagram,water chiller,water chiller p
water chiller phe price,water chiller,water chiller p
water chiller parts,water chiller,water chiller p
water chiller picture,water chiller,water chiller p
water chiller price in india,water chiller,water chiller p
water chiller price in pakistan,water chiller,water chiller p
water chiller small,water chiller,water chiller s
water chiller system,water chiller,water chiller s
water chiller spare parts,water chiller,water chiller s
water chiller sensor,water chiller,water chiller s
water chiller service near me,water chiller,water chiller s
water chiller small size,water chiller,water chiller s
water chiller suppliers,water chiller,water chiller s
water chiller system for home,water chiller,water chiller s
water chiller service,water chiller,water chiller s
water chiller system diagram,water chiller,water chiller s
water chiller repair near me,water chiller,water chiller r
water chiller repair,water chiller,water chiller r
water chiller repair service near me,water chiller,water chiller r
water chiller rod,water chiller,water chiller r
water chiller refrigeration cycle,water chiller,water chiller r
water chiller rental,water chiller,water chiller r
water chiller rental near me,water chiller,water chiller r
water chiller repair service,water chiller,water chiller r
water chiller radiator,water chiller,water chiller r
water chiller rdwc,water chiller,water chiller r
water chiller tank,water chiller,water chiller t
water chiller tr calculation,water chiller,water chiller t
water chiller tap,water chiller,water chiller t
water chiller temperature setting,water chiller,water chiller t
water chiller temperature range,water chiller,water chiller t
water chiller thermostat,water chiller,water chiller t
water chiller technician near me,water chiller,water chiller t
water chiller temperature controller,water chiller,water chiller t
water chiller temperature sensor,water chiller,water chiller t
water chiller tower,water chiller,water chiller t
water chiller unit,water chiller,water chiller u
water chiller under sink,water chiller,water chiller u
water chiller uae,water chiller,water chiller u
water chiller under counter,water chiller,water chiller u
water chiller unit industrial,water chiller,water chiller u
water chiller used,water chiller,water chiller u
water chiller uk,water chiller,water chiller u
water chiller unit for ice bath,water chiller,water chiller u
water chiller unit price,water chiller,water chiller u
water chiller under bench,water chiller,water chiller u
water chiller vs air chiller,water chiller,water chiller v
water chiller vevor,water chiller,water chiller v
water chiller vs cooling tower,water chiller,water chiller v
water chiller vs glycol chiller,water chiller,water chiller v
water chiller voltas,water chiller,water chiller v
water chiller valve,water chiller,water chiller v
water cooler voltas,water chiller,water chiller v
water cooler voltas price,water chiller,water chiller v
water cooler voltas 40 80,water chiller,water chiller v
water cooler valve,water chiller,water chiller v
water chiller york,water chiller,water chiller y
water chiller yszy 01,water chiller,water chiller y
water cooler yeti,water chiller,water chiller y
water cooler yandere simulator,water chiller,water chiller y
water cooler youtube,water chiller,water chiller y
water cooler yellow,water chiller,water chiller y
water cooler yandere simulator location,water chiller,water chiller y
water cooler yansim,water chiller,water chiller y
water cooler yandere,water chiller,water chiller y
water cooler yorkton,water chiller,water chiller y
water cooler zepto,water chiller,water chiller z
water cooler zomboid,water chiller,water chiller z
water cooler zamzam,water chiller,water chiller z
water cooler zero b,water chiller,water chiller z
water cooler zephyrhills,water chiller,water chiller z
water cooler zalman,water chiller,water chiller z
water cooler zoom background,water chiller,water chiller z
water coolers zimbabwe,water chiller,water chiller z
water cooler zamboni,water chiller,water chiller z
water cooler zero,water chiller,water chiller z
water chiller wiring diagram,water chiller,water chiller w
water chiller working,water chiller,water chiller w
water chiller with tank,water chiller,water chiller w
water chiller with filter,water chiller,water chiller w
water chiller with pump,water chiller,water chiller w
water chiller wattage,water chiller,water chiller w
water chiller with heater,water chiller,water chiller w
water chiller working principle pdf,water chiller,water chiller w
water cooled chiller interview questions,water chiller,water chiller w
water cooler xiaomi,water chiller,water chiller x
water cooler xcite,water chiller,water chiller x
water cooler xigmatek,water chiller,water chiller x
water cooler xbox,water chiller,water chiller x
water cooler x tasque manager,water chiller,water chiller x
water cooler x99,water chiller,water chiller x
water cooler xpg,water chiller,water chiller x
water cooler xeon,water chiller,water chiller x
water cooler xeon x99,water chiller,water chiller x
water cooler xpg levante 240,water chiller,water chiller x
what is water chiller,water chiller,why water chiller
what is water chiller system,water chiller,why water chiller
what is water chiller machine,water chiller,why water chiller
why water cooler,water chiller,why water chiller
why cooler water pump not working,water chiller,why water chiller
why cooler water is cold,water chiller,why water chiller
why is chilled water bad for you,water chiller,why water chiller
why must water be circulated through a chiller,water chiller,why water chiller
how does a water chiller work,water chiller,why water chiller
what is a water chiller used for,water chiller,why water chiller
best water chiller manufacturers in india,water chiller,best water chiller
best water chiller for cold plunge,water chiller,best water chiller
best water chiller,water chiller,best water chiller
best water chiller for axolotl,water chiller,best water chiller
best water chiller for ice bath,water chiller,best water chiller
best water chiller for hydroponics,water chiller,best water chiller
best water chiller cold plunge reddit,water chiller,best water chiller
best water chiller for bathtub,water chiller,best water chiller
best water chiller for aquarium,water chiller,best water chiller
best water chiller for diy cold plunge,water chiller,best water chiller
how to clean water chiller,water chiller,how to water chiller
how to make water chiller,water chiller,how to water chiller
how to install water chiller,water chiller,how to water chiller
how to build water chiller,water chiller,how to water chiller
how water chiller works,water chiller,how to water chiller
how to make a water chiller out of a freezer,water chiller,how to water chiller
how to service a water chiller,water chiller,how to water chiller
how to drain water in fujidenzo chiller,water chiller,how to water chiller
what is water cooled chiller,water chiller,what is water chiller
what is water cooled chiller system,water chiller,what is water chiller
what is a water chiller plant,water chiller,what is water chiller
what is industrial water chiller,water chiller,what is water chiller
what is water cooler talk,water chiller,what is water chiller
what is water cooler,water chiller,what is water chiller
what is water cooler conversation,water chiller,what is water chiller
cheap water chiller,water chiller,cheap water chiller
cheap water chiller for ice bath,water chiller,cheap water chiller
cheap water cooler,water chiller,cheap water chiller
cheapest water chiller,water chiller,cheap water chiller
cheapest aquarium chiller,water chiller,cheap water chiller
top water chillers,water chiller,top water chiller
top water chiller manufacturers in bangalore,water chiller,top water chiller
top water chiller manufacturers,water chiller,top water chiller
top water chiller manufacturers in india,water chiller,top water chiller
buy water chiller,water chiller,buy water chiller
buy water cooler,water chiller,buy water chiller
water chiller 1000 liter price,water chiller,buy water chiller
which water cooler is best,water chiller,which water chiller
which water cooler is best for home,water chiller,which water chiller
which water cooler is best in india,water chiller,which water chiller
which water cooler,water chiller,which water chiller
which water cooler dispenser is best,water chiller,which water chiller
which water cooler is best in pakistan,water chiller,which water chiller
which water cooler to buy,water chiller,which water chiller
which water is used in chiller,water chiller,which water chiller
what is a water chiller,water chiller,which water chiller
does water cooler work,water chiller,does water chiller
is it ok to drink chilled water,water chiller,does water chiller
do water chillers use refrigerant,water chiller,can water chiller
do water chillers work,water chiller,can water chiller
can water cooler,water chiller,can water chiller
can water coolers make you sick,water chiller,can water chiller
can water coolers get mold,water chiller,can water chiller
water can cooler price,water chiller,can water chiller
can a water cooled chiller be placed outdoors,water chiller,can water chiller
water cooler in coimbatore,water chiller,water chiller in coimbatore
water chiller coimbatore,water chiller,water chiller in coimbatore
water cooler manufacturers in coimbatore,water chiller,water chiller in coimbatore
water chiller for industrial use,water chiller,water chiller in coimbatore
how does an industrial water chiller work,water chiller,water chiller in coimbatore
water cooler in pune,water chiller,water chiller in pune
water cooler manufacturer in pune,water chiller,water chiller in pune
water cooler dealers in pune,water chiller,water chiller in pune
water cooler price in pune,water chiller,water chiller in pune
water cooler supplier in pune,water chiller,water chiller in pune
industrial water chiller manufacturers in pune,water chiller,water chiller in pune
water cooled chiller manufacturers in pune,water chiller,water chiller in pune
water bath chiller manufacturers in pune,water chiller,water chiller in pune
water cooler in bangalore,water chiller,water chiller in bangalore
rent water cooler in bangalore,water chiller,water chiller in bangalore
water cooler manufacturers in bangalore,water chiller,water chiller in bangalore
water cooler price in bangalore,water chiller,water chiller in bangalore
water cooler repair in bangalore,water chiller,water chiller in bangalore
water cooler in chennai,water chiller,water chiller in chennai
water cooler manufacturers in chennai,water chiller,water chiller in chennai
water cooler price in chennai,water chiller,water chiller in chennai
water cooler supplier in chennai,water chiller,water chiller in chennai
industrial water chiller manufacturers in chennai,water chiller,water chiller in chennai
water cooler in hyderabad,water chiller,water chiller in hyderabad
water cooler manufacturers in hyderabad,water chiller,water chiller in hyderabad
water cooler price in hyderabad,water chiller,water chiller in hyderabad
water cooler dealers in hyderabad,water chiller,water chiller in hyderabad
2 ton water chiller price in hyderabad,water chiller,water chiller in hyderabad
how cold is chilled water,water chiller,water chiller in hyderabad
what is chilled water,water chiller,water chiller in hyderabad
what is chilled water used for,water chiller,water chiller in hyderabad
water cooler in ahmedabad,water chiller,water chiller in ahmedabad
water cooler manufacturer in ahmedabad,water chiller,water chiller in ahmedabad
water cooler dealers in ahmedabad,water chiller,water chiller in ahmedabad
water cooler supplier in ahmedabad,water chiller,water chiller in ahmedabad
water cooler price in ahmedabad,water chiller,water chiller in ahmedabad
water cooler manufacturer in ahmedabad contact number,water chiller,water chiller in ahmedabad
water cooler machine in ahmedabad,water chiller,water chiller in ahmedabad
industrial water chiller manufacturers in ahmedabad,water chiller,water chiller in ahmedabad
water cooler in mumbai,water chiller,water chiller in mumbai
water cooler manufacturer in mumbai,water chiller,water chiller in mumbai
water cooler price in mumbai,water chiller,water chiller in mumbai
water cooler supplier in mumbai,water chiller,water chiller in mumbai
water cooler dealers in mumbai,water chiller,water chiller in mumbai
how to make chilled water,water chiller,water chiller in mumbai
water chiller cost,water chiller,water chiller cost
water chiller costco,water chiller,water chiller cost
water chiller cost per ton,water chiller,water chiller cost
water cooler costco,water chiller,water chiller cost
water cooler cost,water chiller,water chiller cost
water cooler costume,water chiller,water chiller cost
water cooler costco canada,water chiller,water chiller cost
water cooler cost per month,water chiller,water chiller cost
water cooler cost in india,water chiller,water chiller cost
water cooler cost voltas,water chiller,water chiller cost
water cooler in delhi,water chiller,water chiller in delhi
water cooler manufacturer in delhi,water chiller,water chiller in delhi
water cooler dealers in delhi,water chiller,water chiller in delhi
water cooler market in delhi,water chiller,water chiller in delhi
water cooler price in delhi,water chiller,water chiller in delhi
water cooler manufacturer in delhi ncr,water chiller,water chiller in delhi
water cooler supplier in delhi,water chiller,water chiller in delhi
water cooler near me shop,water chiller,water chiller near me
water cooler near me in stock,water chiller,water chiller near me
water coolers near me sale,water chiller,water chiller near me
water cooler near me open now,water chiller,water chiller near me
water chiller manufacturers near me,water chiller,water chiller near me
water chiller price in uae,water chiller,water chiller price
water chiller price in bangladesh,water chiller,water chiller price
water chiller price in karachi,water chiller,water chiller price
water chiller price in sri lanka,water chiller,water chiller price
water cooler price,water chiller,water chiller price
water cooler price in pakistan,water chiller,water chiller price
water cooler price 20 ltr,water chiller,water chiller price
water chiller plastic,water chiller,water chiller for plastic
water cooler plastic,water chiller,water chiller for plastic
water cooler plastic body,water chiller,water chiller for plastic
water cooler plastic price in pakistan,water chiller,water chiller for plastic
water cooler plastic body price,water chiller,water chiller for plastic
water cooler plastic tap,water chiller,water chiller for plastic
water cooler plastic cups,water chiller,water chiller for plastic
water cooler plastic price,water chiller,water chiller for plastic
water cooler plastic bottle,water chiller,water chiller for plastic
water cooler for injection molding machine,water chiller,water chiller for injection moulding
water cooler working principle,water chiller,water chiller working principle
water cooler working principle in hindi,water chiller,water chiller working principle
water cooled chiller working principle,water chiller,water chiller working principle
water cooled chiller working principle pdf,water chiller,water chiller working principle
water cooled chiller working principle with diagram,water chiller,water chiller working principle
water chiller compressor working principle,water chiller,water chiller working principle
water chiller plant working principle,water chiller,water chiller working principle
water cooled chiller working principle animation,water chiller,water chiller working principle
water chiller supplier in uae,water chiller,water chiller supplier
water chiller supplier near me,water chiller,water chiller supplier
water chiller supplier in saudi arabia,water chiller,water chiller supplier
water chiller supplier in qatar,water chiller,water chiller supplier
water chiller supplier in philippines,water chiller,water chiller supplier
water chiller supplier in dubai,water chiller,water chiller supplier
water chiller supplier in india,water chiller,water chiller supplier
water cooler supplier near me,water chiller,water chiller supplier
water cooler supplier,water chiller,water chiller supplier
water cooler dealers near me,water chiller,water chiller dealers
water cooler dealers,water chiller,water chiller dealers
water cooler dealers in chandigarh,water chiller,water chiller dealers
water cooler dealers in kanpur,water chiller,water chiller dealers
water cooler dealers in faridabad,water chiller,water chiller dealers
water cooler dealers in lucknow,water chiller,water chiller dealers
water cooler dealers in raipur,water chiller,water chiller dealers
water cooler dealers in ludhiana,water chiller,water chiller dealers
water chiller service hsn code,water chiller,water chiller service
water cooler service near me,water chiller,water chiller service
water cooler service,water chiller,water chiller service
water cooler service centre near me,water chiller,water chiller service
water cooler service for home,water chiller,water chiller service
water cooler service for office,water chiller,water chiller service
water cooler service hsn code,water chiller,water chiller service
water cooler service centre,water chiller,water chiller service
water chiller manufacturers in ahmedabad,water chiller,water chiller manufacturers
water chiller manufacturers in rajkot,water chiller,water chiller manufacturers
water cooler repair near me,water chiller,water chiller repair
water cooler repair,water chiller,water chiller repair
water cooler repair shop near me,water chiller,water chiller repair
water boiler repair near me,water chiller,water chiller repair
water boiler repair,water chiller,water chiller repair
water cooler repair hsn code,water chiller,water chiller repair
water cooler repair nassau bahamas,water chiller,water chiller repair
water cooler specification,water chiller,water chiller specification
water cooler specifications pdf,water chiller,water chiller specification
water chiller specs,water chiller,water chiller specification
water cooled chiller specification sheet,water chiller,water chiller specification
water cooled chiller specifications,water chiller,water chiller specification
industrial water chiller specifications,water chiller,water chiller specification
packaged water chillers specifications are in division ___,water chiller,water chiller specification
chilled water specification,water chiller,water chiller specification
water cooled chiller vs air cooled,water chiller,water chiller vs
water cooler vs air,water chiller,water chiller vs
flooded chiller vs dx chiller,water chiller,water chiller vs
water chiller capacity calculation,water chiller,water chiller capacity calculation
water chiller cooling capacity calculation,water chiller,water chiller capacity calculation
water chiller tonnage calculator,water chiller,water chiller capacity calculation
water chiller btu calculator,water chiller,water chiller capacity calculation
water chiller cooling load calculation,water chiller,water chiller capacity calculation
water chiller heat load calculation,water chiller,water chiller capacity calculation
chilled water capacity calculation,water chiller,water chiller capacity calculation
water cooler 1 ton,water chiller,water chiller 1 ton
online water chiller 1 ton price,water chiller,water chiller 1 ton
water chiller machine 1 ton,water chiller,water chiller 1 ton
water cooler compressor 1 ton,water chiller,water chiller 1 ton
1 ton water chiller price in india,water chiller,water chiller 1 ton
water chiller 2 ton compressor price,water chiller,water chiller 2 ton
water chiller 2 ton hsn code,water chiller,water chiller 2 ton
water cooler 2 ton,water chiller,water chiller 2 ton
online water chiller 2 ton price,water chiller,water chiller 2 ton
water chiller machine 2 ton,water chiller,water chiller 2 ton
kirloskar water chiller 2 ton price,water chiller,water chiller 2 ton
online water chiller 2 ton,water chiller,water chiller 2 ton
cruise water chiller 2 ton,water chiller,water chiller 2 ton
water chiller machine 3 ton,water chiller,water chiller 3 ton
kirloskar water chiller 3 ton price,water chiller,water chiller 3 ton
3 ton water chiller compressor price,water chiller,water chiller 3 ton
3 ton water chiller price in india,water chiller,water chiller 3 ton
water cooled chiller 10 ton,water chiller,water chiller 10 ton
10 ton water chiller price,water chiller,water chiller 10 ton
industrial chiller,industrial chiller,industrial chiller
industrial chiller manufacturers in chennai,industrial chiller,industrial chiller
industrial chiller price,industrial chiller,industrial chiller
industrial chiller manufacturers,industrial chiller,industrial chiller
industrial chiller service near me,industrial chiller,industrial chiller
industrial chiller manufacturers in india,industrial chiller,industrial chiller
industrial chiller repair near me,industrial chiller,industrial chiller
industrial chiller machine,industrial chiller,industrial chiller
industrial chiller working principle,industrial chiller,industrial chiller
water cooler 5 ton,water chiller,water chiller 5 ton
water chiller machine 5 ton,water chiller,water chiller 5 ton
online water chiller 5 ton,water chiller,water chiller 5 ton
water cooled chiller 5 ton,water chiller,water chiller 5 ton
industrial water chiller 5 ton,water chiller,water chiller 5 ton
blue star water chiller 5 ton price,water chiller,water chiller 5 ton
vevor air cooled water chiller 5 ton portable,water chiller,water chiller 5 ton
5 ton water chiller price in india,water chiller,water chiller 5 ton
industrial chiller alarm,industrial chiller,industrial chiller a
industrial chiller air cooled,industrial chiller,industrial chiller a
industrial air chiller,industrial chiller,industrial chiller a
water chiller ac system,industrial chiller,industrial chiller a
20 ton water chiller price,water chiller,water chiller 20 ton
industrial chiller brands,industrial chiller,industrial chiller b
industrial chiller box,industrial chiller,industrial chiller b
industrial chiller buyers,industrial chiller,industrial chiller b
industrial blast chiller,industrial chiller,industrial chiller b
industrial blast chiller price,industrial chiller,industrial chiller b
industrial brine chiller,industrial chiller,industrial chiller b
industrial bottle chiller,industrial chiller,industrial chiller b
industrial building chiller,industrial chiller,industrial chiller b
industrial beer chiller,industrial chiller,industrial chiller b
industrial chiller cw-5000,industrial chiller,industrial chiller c
industrial chiller cw 5200 price,industrial chiller,industrial chiller c
industrial chiller cw-5200,industrial chiller,industrial chiller c
industrial chiller cw-3000,industrial chiller,industrial chiller c
industrial chiller cost,industrial chiller,industrial chiller c
industrial chiller compressor,industrial chiller,industrial chiller c
industrial chiller components,industrial chiller,industrial chiller c
industrial chiller cw 5000 alarm,industrial chiller,industrial chiller c
industrial chiller cw 5000 manual,industrial chiller,industrial chiller c
industrial chiller cw-5200 manual,industrial chiller,industrial chiller c
industrial chiller diagram,industrial chiller,industrial chiller d
industrial chiller dealer in chennai,industrial chiller,industrial chiller d
industrial chiller design,industrial chiller,industrial chiller d
industrial chiller design handbook pdf,industrial chiller,industrial chiller d
industrial chiller daikin,industrial chiller,industrial chiller d
industrial chiller dz5200ls qx,industrial chiller,industrial chiller d
industrial chiller drawing,industrial chiller,industrial chiller d
industrial chiller display,industrial chiller,industrial chiller d
industrial chiller definition,industrial chiller,industrial chiller d
industrial chiller data sheet,industrial chiller,industrial chiller d
industrial chiller evaporator,industrial chiller,industrial chiller e
industrial chiller e2 error,industrial chiller,industrial chiller e
industrial chiller e6 error,industrial chiller,industrial chiller e
industrial chiller error code,industrial chiller,industrial chiller e
industrial chiller error,industrial chiller,industrial chiller e
industrial chiller equipment,industrial chiller,industrial chiller e
industrial chiller efficiency,industrial chiller,industrial chiller e
industrial electric chiller,industrial chiller,industrial chiller e
industrial chiller glycol,industrial chiller,industrial chiller g
industrial chiller gas,industrial chiller,industrial chiller g
industrial chiller grabcad,industrial chiller,industrial chiller g
industrial grade chiller,industrial chiller,industrial chiller g
industrial glycol chiller system,industrial chiller,industrial chiller g
industrial glass chiller,industrial chiller,industrial chiller g
water chiller gas,industrial chiller,industrial chiller g
industrial chiller for sale,industrial chiller,industrial chiller f
industrial chiller fan,industrial chiller,industrial chiller f
industrial chiller fridge,industrial chiller,industrial chiller f
industrial chiller for laser,industrial chiller,industrial chiller f
industrial chiller freezer,industrial chiller,industrial chiller f
industrial chiller for laser cutting machine,industrial chiller,industrial chiller f
industrial chiller filter,industrial chiller,industrial chiller f
industrial chiller function,industrial chiller,industrial chiller f
industrial chiller for rent,industrial chiller,industrial chiller f
industrial chiller for co2 laser,industrial chiller,industrial chiller f
industrial kitchen chiller,industrial chiller,industrial chiller k
water chiller kya hota hai,industrial chiller,industrial chiller k
water chiller kitne ka aata hai,industrial chiller,industrial chiller k
water chiller ka photo,industrial chiller,industrial chiller k
water chiller kolam,industrial chiller,industrial chiller k
industrial chiller jobs,industrial chiller,industrial chiller j
industrial chiller technician jobs,industrial chiller,industrial chiller j
jz industrial chiller,industrial chiller,industrial chiller j
industrial chiller hsn code,industrial chiller,industrial chiller h
industrial chiller hs code,industrial chiller,industrial chiller h
industrial chiller hire,industrial chiller,industrial chiller h
industrial chiller how it works,industrial chiller,industrial chiller h
industrial chiller heater,industrial chiller,industrial chiller h
hul 5 industrial chiller,industrial chiller,industrial chiller h
industrial chiller hvac,industrial chiller,industrial chiller h
industrial chiller laser,industrial chiller,industrial chiller l
industrial chiller life expectancy,industrial chiller,industrial chiller l
industrial liquid chiller,industrial chiller,industrial chiller l
chiller industrial lg,industrial chiller,industrial chiller l
water chiller lab,industrial chiller,industrial chiller l
industrial chiller manufacturers near me,industrial chiller,industrial chiller m
industrial chiller manual pdf,industrial chiller,industrial chiller m
industrial chiller malaysia,industrial chiller,industrial chiller m
industrial coolers in hyderabad,industrial chiller,industrial chiller i
water chiller inline,industrial chiller,industrial chiller i
water chiller ice maker,industrial chiller,industrial chiller i
water chiller inlet and outlet temperature,industrial chiller,industrial chiller i
industrial chiller near me,industrial chiller,industrial chiller n
industrial chiller nz,industrial chiller,industrial chiller n
industrial cooler near me,industrial chiller,industrial chiller n
water chiller not working,industrial chiller,industrial chiller n
water chiller not chilling,industrial chiller,industrial chiller n
water chiller nuvio pro,industrial chiller,industrial chiller n
industrial chiller operation,industrial chiller,industrial chiller o
industrial chiller oritech minecraft,industrial chiller,industrial chiller o
industrial chiller on rent,industrial chiller,industrial chiller o
industrial oil chiller,industrial chiller,industrial chiller o
industrial oil chiller manufacturers,industrial chiller,industrial chiller o
industrial cooler for rent,industrial chiller,industrial chiller o
industrial chiller que es,industrial chiller,industrial chiller q
vevor industrial chiller dz3000ls qx,industrial chiller,industrial chiller q
vevor industrial chiller dz5200ls qx,industrial chiller,industrial chiller q
chiller industrial queretaro,industrial chiller,industrial chiller q
industrial chiller repair service near me,industrial chiller,industrial chiller r
industrial chiller rental,industrial chiller,industrial chiller r
industrial chiller repair,industrial chiller,industrial chiller r
industrial chiller rental near me,industrial chiller,industrial chiller r
industrial chiller refrigerant,industrial chiller,industrial chiller r
industrial chiller room,industrial chiller,industrial chiller r
industrial chiller repair service,industrial chiller,industrial chiller r
industrial chiller rental singapore,industrial chiller,industrial chiller r
industrial chiller repair in delhi,industrial chiller,industrial chiller r
industrial chiller plant,industrial chiller,industrial chiller p
industrial chiller price in nigeria,industrial chiller,industrial chiller p
industrial chiller price in bangladesh,industrial chiller,industrial chiller p
industrial chiller pump,industrial chiller,industrial chiller p
industrial chiller parts,industrial chiller,industrial chiller p
industrial chiller price in india,industrial chiller,industrial chiller p
industrial chiller pakistan,industrial chiller,industrial chiller p
industrial chiller plant diagram,industrial chiller,industrial chiller p
industrial chiller price in pakistan,industrial chiller,industrial chiller p
industrial chiller vevor,industrial chiller,industrial chiller v
industrial chiller voltage,industrial chiller,industrial chiller v
water chiller vs ac,industrial chiller,industrial chiller v
water chiller video,industrial chiller,industrial chiller v
water chiller vendor,industrial chiller,industrial chiller v
water chiller vest,industrial chiller,industrial chiller v
industrial chiller system,industrial chiller,industrial chiller s
industrial chiller service,industrial chiller,industrial chiller s
industrial chiller supplier philippines,industrial chiller,industrial chiller s
industrial chiller supplier malaysia,industrial chiller,industrial chiller s
industrial chiller system diagram,industrial chiller,industrial chiller s
industrial chiller schematic,industrial chiller,industrial chiller s
industrial chiller suppliers in uae,industrial chiller,industrial chiller s
industrial chiller s&a,industrial chiller,industrial chiller s
industrial chiller supplier,industrial chiller,industrial chiller s
industrial chiller technician,industrial chiller,industrial chiller t
industrial chiller types,industrial chiller,industrial chiller t
industrial chiller training,industrial chiller,industrial chiller t
industrial chiller temperature,industrial chiller,industrial chiller t
industrial chiller technician salary,industrial chiller,industrial chiller t
industrial chiller tech,industrial chiller,industrial chiller t
industrial chiller tank,industrial chiller,industrial chiller t
industrial chiller trane,industrial chiller,industrial chiller t
industrial chiller tube cleaning machine,industrial chiller,industrial chiller t
industrial chiller unit,industrial chiller,industrial chiller u
industrial chiller uses,industrial chiller,industrial chiller u
industrial chiller unit price,industrial chiller,industrial chiller u
industrial chiller uae,industrial chiller,industrial chiller u
industrial chillers uk,industrial chiller,industrial chiller u
industrial chiller water filter,industrial chiller,industrial chiller w
water chiller walmart,industrial chiller,industrial chiller w
water chiller with ro,industrial chiller,industrial chiller w
xhc industrial chiller,industrial chiller,industrial chiller x
what is an industrial chiller,industrial chiller,industrial chiller x
how does an industrial chiller work,industrial chiller,industrial chiller x
york industrial chiller,industrial chiller,industrial chiller y
how do industrial chillers work,industrial chiller,industrial chiller y
best industrial chiller brands,industrial chiller,best industrial chiller
best industrial chillers,industrial chiller,best industrial chiller
best industrial chiller manufacturers,industrial chiller,best industrial chiller
top industrial chiller manufacturers in india,industrial chiller,best industrial chiller
how to use industrial chiller,industrial chiller,how to industrial chiller
how industrial chillers work,industrial chiller,how to industrial chiller
what is industrial chiller,industrial chiller,what is industrial chiller
what is water chiller used for,industrial chiller,what is industrial chiller
what is an industrial chiller used for,industrial chiller,what is industrial chiller
top industrial chiller manufacturers,industrial chiller,top industrial chiller
largest industrial chiller,industrial chiller,top industrial chiller
top water chiller,industrial chiller,top industrial chiller
top 10 industrial chiller manufacturers in india,industrial chiller,top industrial chiller
chiller prices,industrial chiller,cheap industrial chiller
can water chiller,industrial chiller,can industrial chiller
how does industrial chiller work,industrial chiller,does industrial chiller
what are industrial chillers used for,industrial chiller,does industrial chiller
industrial air cooled chiller manufacturers in pune,industrial chiller,industrial chiller in pune
industrial chiller system in ahmedabad,industrial chiller,industrial chiller in ahmedabad
chiller manufacturing in ahmedabad,industrial chiller,industrial chiller in ahmedabad
industrial chiller manufacturers in delhi,industrial chiller,industrial chiller in delhi
industrial water chiller manufacturers in delhi,industrial chiller,industrial chiller in delhi
industrial chiller companies near me,industrial chiller,industrial chiller near me
industrial water chiller near me,industrial chiller,industrial chiller near me
industrial chiller price in sri lanka,industrial chiller,industrial chiller price
industrial chiller price philippines,industrial chiller,industrial chiller price
cooling time in injection molding,industrial chiller,industrial chiller for injection moulding
industrial chiller working principle pdf,industrial chiller,industrial chiller working principle
industrial chiller working principle diagram,industrial chiller,industrial chiller working principle
industrial water chiller working principle,industrial chiller,industrial chiller working principle
industrial chiller manufacturers in gujarat,industrial chiller,industrial chiller manufacturers
industrial chiller suppliers in india,industrial chiller,industrial chiller supplier
industrial chiller supplier near me,industrial chiller,industrial chiller supplier
industrial chiller supplier in bangladesh,industrial chiller,industrial chiller supplier
water chiller supplier,industrial chiller,industrial chiller supplier
industrial refrigeration services,industrial chiller,industrial chiller service
industrial refrigeration services ltd,industrial chiller,industrial chiller service
industrial refrigeration service inc,industrial chiller,industrial chiller service
industrial cooling services,industrial chiller,industrial chiller service
industrial refrigeration services near me,industrial chiller,industrial chiller service
industrial refrigeration services ltd photos,industrial chiller,industrial chiller service
industrial refrigeration repair,industrial chiller,industrial chiller repair
industrial refrigeration repair near me,industrial chiller,industrial chiller repair
industrial chiller specifications,industrial chiller,industrial chiller specification
chiller specification,industrial chiller,industrial chiller specification
1 ton industrial chiller,industrial chiller,industrial chiller 1 ton
how to size chiller capacity,industrial chiller,industrial chiller capacity calculation
maximum chiller capacity,industrial chiller,industrial chiller capacity calculation
industrial chiller 2 ton,industrial chiller,industrial chiller 2 ton
industrial water chiller 2 ton,industrial chiller,industrial chiller 2 ton
industrial chiller 3 ton,industrial chiller,industrial chiller 3 ton
chiller industrial 3 toneladas,industrial chiller,industrial chiller 3 ton
vevor air cooled chiller industrial 5 ton,industrial chiller,industrial chiller 5 ton
chiller industrial 5 toneladas,industrial chiller,industrial chiller 5 ton
process chiller,process chiller,process chiller
process chiller manufacturers in india,process chiller,process chiller
process chiller unit 45tr,process chiller,process chiller
process chiller working principle,process chiller,process chiller
process chiller manufacturers,process chiller,process chiller
process chiller vs hvac chiller,process chiller,process chiller
process chiller rental,process chiller,process chiller
process chiller blue star,process chiller,process chiller
process chiller unit,process chiller,process chiller
process chiller diagram,process chiller,process chiller
chiller industrial 10 toneladas,industrial chiller,industrial chiller 10 ton
20 ton industrial chiller,industrial chiller,industrial chiller 20 ton
process chiller academy,process chiller,process chiller a
process air cooler,process chiller,process chiller a
advantage process chiller,process chiller,process chiller a
adiabatic process chiller,process chiller,process chiller a
how does a process chiller work,process chiller,process chiller a
what is a process chiller,process chiller,process chiller a
what is process chilled water,process chiller,process chiller a
what is chiller and how it works,process chiller,process chiller a
process chiller brands,process chiller,process chiller b
budzar process chiller,process chiller,process chiller b
chiller process flow diagram,process chiller,process chiller d
chiller descaling process,process chiller,process chiller d
daikin process chiller,process chiller,process chiller d
drake process chiller,process chiller,process chiller d
dimplex process chiller,process chiller,process chiller d
process chiller cost,process chiller,process chiller c
process cooling chiller,process chiller,process chiller c
process chiller hsn code,process chiller,process chiller c
industrial process cooling chiller,process chiller,process chiller c
process air cooled chiller,process chiller,process chiller c
process water cooled chiller,process chiller,process chiller c
chiller cycle process,process chiller,process chiller c
carrier process chiller,process chiller,process chiller c
chiller commissioning process,process chiller,process chiller c
chiller circulation process,process chiller,process chiller c
process chillers for sale,process chiller,process chiller f
chiller process.flow,process chiller,process chiller f
process cooler fan,process chiller,process chiller f
cooler process flow diagram,process chiller,process chiller f
water chiller process flow diagram,process chiller,process chiller f
air cooled chiller process flow diagram,process chiller,process chiller f
filtrine process chiller,process chiller,process chiller f
water cooled chiller process flow diagram,process chiller,process chiller f
chiller for process cooling,process chiller,process chiller f
process glycol chiller,process chiller,process chiller g
process gas chiller,process chiller,process chiller g
process gas cooler,process chiller,process chiller g
process gas cooler ammonia plant,process chiller,process chiller g
gree process chiller,process chiller,process chiller g
process chiller hire,process chiller,process chiller h
haskris process chiller,process chiller,process chiller h
chiller working process,process chiller,process chiller h
industrial process chiller,process chiller,process chiller i
industrial process chiller manufacturers,process chiller,process chiller i
ics process chiller,process chiller,process chiller i
indoor process chiller,process chiller,process chiller i
lauda process chiller,process chiller,process chiller l
lab process chiller,process chiller,process chiller l
nano process chiller,process chiller,process chiller n
nano process chiller manual,process chiller,process chiller n
process of chiller system,process chiller,process chiller o
process of chiller,process chiller,process chiller o
working process of chiller,process chiller,process chiller o
outdoor process chiller,process chiller,process chiller o
process flow diagram of chiller,process chiller,process chiller o
chiller operating procedure,process chiller,process chiller o
process chillers market,process chiller,process chiller m
blue star process chiller manual pdf,process chiller,process chiller m
i chiller process manual,process chiller,process chiller m
mta process chiller,process chiller,process chiller m
mri process chiller,process chiller,process chiller m
process chiller pump,process chiller,process chiller p
chiller plant process,process chiller,process chiller p
portable process chiller,process chiller,process chiller p
parker process chiller,process chiller,process chiller p
process chiller systems,process chiller,process chiller s
process chiller service,process chiller,process chiller s
process water chiller system,process chiller,process chiller s
process sample cooler,process chiller,process chiller s
small process chiller,process chiller,process chiller s
chiller system process flow diagram,process chiller,process chiller s
sterling process chiller,process chiller,process chiller s
trane process chiller,process chiller,process chiller t
process cooler unit,process chiller,process chiller u
used process chiller,process chiller,process chiller u
voltas process chiller,process chiller,process chiller v
process chiller water,process chiller,process chiller w
process water cooler,process chiller,process chiller w
process west cooler,process chiller,process chiller w
industrial process water chiller,process chiller,process chiller w
york process chiller,process chiller,process chiller y
how to process chillers work,process chiller,how to process chiller
what is process chiller,process chiller,what is process chiller
what are process chillers used for,process chiller,what is process chiller
what is the process of switching on chiller,process chiller,what is process chiller
how does a chiller work,process chiller,what is process chiller
how long does a chiller last,process chiller,does process chiller
how do chiller systems work,process chiller,does process chiller
price of a chiller,process chiller,process chiller price
working principle of chiller,process chiller,process chiller working principle
working principle of chiller plant,process chiller,process chiller working principle
what is chiller maintenance,process chiller,process chiller service
1 ton process chiller,process chiller,process chiller 1 ton
2 ton process chiller,process chiller,process chiller 2 ton
3 ton water chiller price,process chiller,process chiller 2 ton
2 ton chiller price,process chiller,process chiller 2 ton
2 tr chiller price,process chiller,process chiller 2 ton
3 ton process chiller,process chiller,process chiller 3 ton
5 ton process chiller,process chiller,process chiller 5 ton
5 ton chiller price,process chiller,process chiller 5 ton
5 ton chiller compressor price,process chiller,process chiller 5 ton
air cooled chiller and water cooled chiller,air cooled chiller,air cooled chiller a
air cooled chiller approach temperature,air cooled chiller,air cooled chiller a
air cooled chiller ahu diagram,air cooled chiller,air cooled chiller a
air cooled chiller animation,air cooled chiller,air cooled chiller a
air cooled chiller all parts name,air cooled chiller,air cooled chiller a
air cooled chiller approach,air cooled chiller,air cooled chiller a
air cooled chiller autocad block,air cooled chiller,air cooled chiller a
air cooled chiller acoustic enclosure,air cooled chiller,air cooled chiller a
air cooled chiller autocad drawing,air cooled chiller,air cooled chiller a
air cooled chiller abbreviation,air cooled chiller,air cooled chiller a
20 ton process chiller,process chiller,process chiller 20 ton
air cooled chiller,air cooled chiller,air cooled chiller
air cooled chiller working principle,air cooled chiller,air cooled chiller
air cooled chiller diagram,air cooled chiller,air cooled chiller
air cooled chiller schematic diagram,air cooled chiller,air cooled chiller
air cooled chiller components,air cooled chiller,air cooled chiller
air cooled chiller circuit diagram,air cooled chiller,air cooled chiller
air cooled chiller images,air cooled chiller,air cooled chiller
air cooled chiller hsn code,air cooled chiller,air cooled chiller
air cooled chiller manufacturers in india,air cooled chiller,air cooled chiller
air cooled chiller plant,air cooled chiller,air cooled chiller
10 ton process chiller,process chiller,process chiller 10 ton
10 ton chiller price,process chiller,process chiller 10 ton
air cooled chiller block diagram,air cooled chiller,air cooled chiller b
air cooled chiller brands,air cooled chiller,air cooled chiller b
air cooled chiller blue star,air cooled chiller,air cooled chiller b
air cooled chiller boq,air cooled chiller,air cooled chiller b
air cooled chiller buffer tank,air cooled chiller,air cooled chiller b
air cooled chiller basics,air cooled chiller,air cooled chiller b
air cooled chiller brochure,air cooled chiller,air cooled chiller b
air cooled chiller book pdf,air cooled chiller,air cooled chiller b
air cooled chiller book,air cooled chiller,air cooled chiller b
air cooled chiller barrel,air cooled chiller,air cooled chiller b
air cooled chiller cop,air cooled chiller,air cooled chiller c
air cooled chiller catalogue pdf,air cooled chiller,air cooled chiller c
air cooled chiller compressor types,air cooled chiller,air cooled chiller c
air cooled chiller cycle,air cooled chiller,air cooled chiller c
air cooled chiller condenser coil,air cooled chiller,air cooled chiller c
air cooled chiller capacity,air cooled chiller,air cooled chiller c
air cooled chiller catalogue,air cooled chiller,air cooled chiller c
air cooled chiller condenser approach temperature,air cooled chiller,air cooled chiller c
air cooled chiller economizer,air cooled chiller,air cooled chiller e
air cooled chiller efficiency,air cooled chiller,air cooled chiller e
air cooled chiller evaporator approach temperature,air cooled chiller,air cooled chiller e
air cooled chiller evaporator,air cooled chiller,air cooled chiller e
air cooled chiller explained,air cooled chiller,air cooled chiller e
air cooled chiller efficiency curve,air cooled chiller,air cooled chiller e
air cooled chiller eer,air cooled chiller,air cooled chiller e
air cooled chiller expansion valve,air cooled chiller,air cooled chiller e
air cooled chiller engineering mindset,air cooled chiller,air cooled chiller e
air cooled chiller expansion tank,air cooled chiller,air cooled chiller e
air cooled chiller flow diagram,air cooled chiller,air cooled chiller f
air cooled chiller for data center,air cooled chiller,air cooled chiller f
air cooled chiller for home,air cooled chiller,air cooled chiller f
air cooled chiller for sale,air cooled chiller,air cooled chiller f
air cooled chiller free cooling,air cooled chiller,air cooled chiller f
air cooled chiller foundation,air cooled chiller,air cooled chiller f
air cooled chiller function,air cooled chiller,air cooled chiller f
air cooled chiller fan,air cooled chiller,air cooled chiller f
air cooled chiller filter,air cooled chiller,air cooled chiller f
air cooled chiller flow switch,air cooled chiller,air cooled chiller f
air cooled chiller diagram pdf,air cooled chiller,air cooled chiller d
air cooled chiller daikin,air cooled chiller,air cooled chiller d
air cooled chiller drawing,air cooled chiller,air cooled chiller d
air cooled chiller delta t,air cooled chiller,air cooled chiller d
air cooled chiller design handbook pdf,air cooled chiller,air cooled chiller d
air cooled chiller diagram with explanation,air cooled chiller,air cooled chiller d
air cooled chiller data center,air cooled chiller,air cooled chiller d
air cooled chiller dwg,air cooled chiller,air cooled chiller d
air cooled chiller daily checklist,air cooled chiller,air cooled chiller d
air cooled chiller gpm per ton,air cooled chiller,air cooled chiller g
air cooled chiller gas name,air cooled chiller,air cooled chiller g
air cooled chiller gif,air cooled chiller,air cooled chiller g
air cooled chiller gas,air cooled chiller,air cooled chiller g
air cooled chiller graphics,air cooled chiller,air cooled chiller g
air cooled chiller glycol,air cooled chiller,air cooled chiller g
air cooled chiller ga drawing,air cooled chiller,air cooled chiller g
air cooled chiller gas charging,air cooled chiller,air cooled chiller g
air cooled chiller gree,air cooled chiller,air cooled chiller g
air cooled gas cooler,air cooled chiller,air cooled chiller g
air cooled chiller life expectancy,air cooled chiller,air cooled chiller l
air cooled chiller log sheet,air cooled chiller,air cooled chiller l
air cooled chiller loop,air cooled chiller,air cooled chiller l
air cooled chiller line diagram,air cooled chiller,air cooled chiller l
air cooled chiller layout,air cooled chiller,air cooled chiller l
air cooled chiller lg,air cooled chiller,air cooled chiller l
air cooled chiller low suction pressure,air cooled chiller,air cooled chiller l
air cooled liquid chiller,air cooled chiller,air cooled chiller l
air cooled chiller single line diagram,air cooled chiller,air cooled chiller l
ashrae air cooled chiller life expectancy,air cooled chiller,air cooled chiller l
air cooled chiller jci,air cooled chiller,air cooled chiller j
jetson air cooled chiller,air cooled chiller,air cooled chiller j
johnson controls air cooled chiller,air cooled chiller,air cooled chiller j
jci air cooled screw chiller,air cooled chiller,air cooled chiller j
how does an air cooled chiller work,air cooled chiller,air cooled chiller j
what is air cooled chiller,air cooled chiller,air cooled chiller j
air cooled chiller installation,air cooled chiller,air cooled chiller i
air cooled chiller interview questions,air cooled chiller,air cooled chiller i
air cooled chiller ikw tr,air cooled chiller,air cooled chiller i
air cooled chiller inlet and outlet temperature,air cooled chiller,air cooled chiller i
air cooled chiller icon,air cooled chiller,air cooled chiller i
air cooled chiller installation manual,air cooled chiller,air cooled chiller i
air cooled chiller in india,air cooled chiller,air cooled chiller i
air cooled chiller in hindi,air cooled chiller,air cooled chiller i
air cooled chiller industrial,air cooled chiller,air cooled chiller i
air cooled chiller kw ton,air cooled chiller,air cooled chiller k
air cooled chiller kaise kam karta hai,air cooled chiller,air cooled chiller k
air cooled chiller kw per ton,air cooled chiller,air cooled chiller k
air cooled chiller kya hota hai,air cooled chiller,air cooled chiller k
air cooled chiller kw/tr,air cooled chiller,air cooled chiller k
air cooled chiller kitne ton ka hota hai,air cooled chiller,air cooled chiller k
air cooled chiller kw,air cooled chiller,air cooled chiller k
typical air cooled chiller kw/ton,air cooled chiller,air cooled chiller k
air cooled chiller me konsa compressor lagta hai,air cooled chiller,air cooled chiller k
air cooled chiller efficiency kw/ton,air cooled chiller,air cooled chiller k
air cooled chiller hs code,air cooled chiller,air cooled chiller h
air cooled chiller heat exchanger,air cooled chiller,air cooled chiller h
air cooled chiller how it works,air cooled chiller,air cooled chiller h
air cooled chiller heat pump,air cooled chiller,air cooled chiller h
air cooled chiller heat recovery,air cooled chiller,air cooled chiller h
air cooled chiller heat rejection,air cooled chiller,air cooled chiller h
air cooled chiller hookup,air cooled chiller,air cooled chiller h
air cooled chiller hvac system,air cooled chiller,air cooled chiller h
air cooled chiller hsn code and gst rate,air cooled chiller,air cooled chiller h
air cooled chiller maintenance checklist,air cooled chiller,air cooled chiller m
air cooled chiller manufacturers,air cooled chiller,air cooled chiller m
air cooled chiller maximum capacity,air cooled chiller,air cooled chiller m
air cooled chiller malaysia,air cooled chiller,air cooled chiller m
air cooled chiller maintenance,air cooled chiller,air cooled chiller m
air cooled chiller manual pdf,air cooled chiller,air cooled chiller m
air cooled chiller midea,air cooled chiller,air cooled chiller m
air cooled chiller manual,air cooled chiller,air cooled chiller m
air cooled chiller maintenance checklist pdf,air cooled chiller,air cooled chiller m
air cooled chiller noise level,air cooled chiller,air cooled chiller n
air cooled chiller near me,air cooled chiller,air cooled chiller n
air cooled chiller noise,air cooled chiller,air cooled chiller n
air cooled chiller need water,air cooled chiller,air cooled chiller n
air cooled chiller parts name,air cooled chiller,air cooled chiller n
air cooled chiller need cooling tower,air cooled chiller,air cooled chiller n
do air cooled chillers need makeup water,air cooled chiller,air cooled chiller n
does air cooled chiller need cooling tower,air cooled chiller,air cooled chiller n
york air cooled chiller model numbers,air cooled chiller,air cooled chiller n
air cooled chiller operation,air cooled chiller,air cooled chiller o
air cooled chiller or water cooled chiller,air cooled chiller,air cooled chiller o
air cooled chiller on roof,air cooled chiller,air cooled chiller o
air cooled chiller operation diagram,air cooled chiller,air cooled chiller o
air cooled chiller outdoor,air cooled chiller,air cooled chiller o
air cooled chiller outdoor unit,air cooled chiller,air cooled chiller o
air cooled chiller oil pressure,air cooled chiller,air cooled chiller o
air cooled oil chiller,air cooled chiller,air cooled chiller o
air cooled oil cooler,air cooled chiller,air cooled chiller o
air cooled oil cooler manufacturers,air cooled chiller,air cooled chiller o
air cooled chiller price,air cooled chiller,air cooled chiller p
air cooled chiller plant diagram,air cooled chiller,air cooled chiller p
air cooled chiller price in india,air cooled chiller,air cooled chiller p
air cooled chiller parameters,air cooled chiller,air cooled chiller p
air cooled chiller parts,air cooled chiller,air cooled chiller p
air cooled chiller power consumption,air cooled chiller,air cooled chiller p
air cooled chiller piping diagram,air cooled chiller,air cooled chiller p
air cooled chiller p&id diagram,air cooled chiller,air cooled chiller p
air cooled chiller system,air cooled chiller,air cooled chiller s
air cooled chiller system schematic diagram,air cooled chiller,air cooled chiller s
air cooled chiller system diagram,air cooled chiller,air cooled chiller s
air cooled chiller suction pressure,air cooled chiller,air cooled chiller s
air cooled chiller sop,air cooled chiller,air cooled chiller s
air cooled chiller safety devices,air cooled chiller,air cooled chiller s
air cooled chiller schematic,air cooled chiller,air cooled chiller s
air cooled chiller supplier in uae,air cooled chiller,air cooled chiller s
air cooled chiller sequence of operation,air cooled chiller,air cooled chiller s
air cooled chiller revit family,air cooled chiller,air cooled chiller r
air cooled chiller refrigeration cycle,air cooled chiller,air cooled chiller r
air cooled chiller rental,air cooled chiller,air cooled chiller r
air cooled chiller refrigerant,air cooled chiller,air cooled chiller r
air cooled chiller repair,air cooled chiller,air cooled chiller r
air cooled chiller rooftop,air cooled chiller,air cooled chiller r
air cooled chiller revit,air cooled chiller,air cooled chiller r
air cooled chiller remote condenser,air cooled chiller,air cooled chiller r
air cooled chiller replacement,air cooled chiller,air cooled chiller r
air cooled chiller roof,air cooled chiller,air cooled chiller r
air cooled chiller types,air cooled chiller,air cooled chiller t
air cooled chiller top view,air cooled chiller,air cooled chiller t
air cooled chiller trane,air cooled chiller,air cooled chiller t
air cooled chiller tonnage,air cooled chiller,air cooled chiller t
air cooled chiller troubleshooting,air cooled chiller,air cooled chiller t
air cooled chiller troubleshooting guide pdf,air cooled chiller,air cooled chiller t
air cooled chiller training,air cooled chiller,air cooled chiller t
air cooled chiller temperature range,air cooled chiller,air cooled chiller t
air cooled chiller trane pdf,air cooled chiller,air cooled chiller t
air cooled chiller tr,air cooled chiller,air cooled chiller t
quantech air cooled chiller,air cooled chiller,air cooled chiller q
quantech air cooled scroll chiller,air cooled chiller,air cooled chiller q
what is difference between air cooled chiller and water cooled chiller,air cooled chiller,air cooled chiller q
air cooled chiller unit,air cooled chiller,air cooled chiller u
air cooled chiller used,air cooled chiller,air cooled chiller u
air cooled chiller useful life,air cooled chiller,air cooled chiller u
does air cooled chiller use water,air cooled chiller,air cooled chiller u
air cooled water chiller unit,air cooled chiller,air cooled chiller u
air cooled chiller water usage,air cooled chiller,air cooled chiller u
air cooled chiller make up water,air cooled chiller,air cooled chiller u
air cooled screw chiller unit,air cooled chiller,air cooled chiller u
do air cooled chillers use refrigerant,air cooled chiller,air cooled chiller u
air cooled chiller vs water cooled chiller,air cooled chiller,air cooled chiller v
air cooled chiller vs water cooled chiller efficiency,air cooled chiller,air cooled chiller v
air cooled chiller vs vrf,air cooled chiller,air cooled chiller v
air cooled chiller vs cooling tower,air cooled chiller,air cooled chiller v
air cooled chiller vs dry cooler,air cooled chiller,air cooled chiller v
air cooled chiller vs condensing unit,air cooled chiller,air cooled chiller v
air cooled chiller valve package,air cooled chiller,air cooled chiller v
air cooled chiller vs dx system,air cooled chiller,air cooled chiller v
air cooled chiller vs air source heat pump,air cooled chiller,air cooled chiller v
air cooled chiller working principle pdf,air cooled chiller,air cooled chiller w
air cooled chiller working,air cooled chiller,air cooled chiller w
air cooled chiller working principle in hindi,air cooled chiller,air cooled chiller w
air cooled chiller water cooled chiller,air cooled chiller,air cooled chiller w
air cooled chiller working animation,air cooled chiller,air cooled chiller w
air cooled chiller water side economizer,air cooled chiller,air cooled chiller w
air cooled chiller with free cooling,air cooled chiller,air cooled chiller w
air cooled chiller with heat recovery,air cooled chiller,air cooled chiller w
air cooled chiller with adiabatic cooling,air cooled chiller,air cooled chiller w
xnergy air cooled chiller,air cooled chiller,air cooled chiller x
xnrgy air cooled chiller,air cooled chiller,air cooled chiller x
air cooled chiller york,air cooled chiller,air cooled chiller y
air cooled chiller yard,air cooled chiller,air cooled chiller y
air cooled chiller york pdf,air cooled chiller,air cooled chiller y
air cooled screw chiller york,air cooled chiller,air cooled chiller y
york air cooled chiller catalogue pdf,air cooled chiller,air cooled chiller y
york air cooled chiller manual pdf,air cooled chiller,air cooled chiller y
york air cooled chiller manual,air cooled chiller,air cooled chiller y
yvaa air cooled chiller,air cooled chiller,air cooled chiller y
york air cooled chiller low discharge superheat,air cooled chiller,air cooled chiller y
zamil air cooled chiller,air cooled chiller,air cooled chiller z
zamil air cooled chiller catalogue,air cooled chiller,air cooled chiller z
zamil air cooled chiller pdf,air cooled chiller,air cooled chiller z
best air cooled chillers,air cooled chiller,best air cooled chiller
best air cooled cpu cooler,air cooled chiller,best air cooled chiller
dry cooler vs air cooled chiller,air cooled chiller,best air cooled chiller
why water cooled chiller is more efficient than air cooled chiller,air cooled chiller,best air cooled chiller
what is air cooled chiller and how it works,air cooled chiller,what is air cooled chiller
what is air cooled chiller system,air cooled chiller,what is air cooled chiller
what is air cooled water chiller,air cooled chiller,what is air cooled chiller
what is air cooled screw chiller,air cooled chiller,what is air cooled chiller
what is air cooled scroll chiller,air cooled chiller,what is air cooled chiller
what is the largest air cooled chiller,air cooled chiller,what is air cooled chiller
what are air cooled chillers used for,air cooled chiller,what is air cooled chiller
what does an air cooled chiller do,air cooled chiller,what is air cooled chiller
what does an air cooled chiller look like,air cooled chiller,what is air cooled chiller
how to air cooled chillers work,air cooled chiller,how to air cooled chiller
how to improve air cooled chiller efficiency,air cooled chiller,how to air cooled chiller
how air cooled chiller works with diagram,air cooled chiller,how to air cooled chiller
how to reset york air cooled chiller,air cooled chiller,how to air cooled chiller
how to size an air cooled chiller,air cooled chiller,how to air cooled chiller
how long do air cooled chillers last,air cooled chiller,how to air cooled chiller
do air cooled chillers use water,air cooled chiller,can air cooled chiller
how do air cooled chillers work,air cooled chiller,can air cooled chiller
difference between air cooled and water cooled chiller,air cooled chiller,can air cooled chiller
how does air cooled chiller work,air cooled chiller,does air cooled chiller
do air cooled chillers have cooling towers,air cooled chiller,does air cooled chiller
do air cooled chillers need cooling towers,air cooled chiller,does air cooled chiller
air cooler in coimbatore,air cooled chiller,air cooled chiller in coimbatore
air cooler in hyderabad,air cooled chiller,air cooled chiller in hyderabad
air cooler in hyderabad online,air cooled chiller,air cooled chiller in hyderabad
air cooler in hyderabad sindh,air cooled chiller,air cooled chiller in hyderabad
air cooler in hyderabad pakistan,air cooled chiller,air cooled chiller in hyderabad
air cooler in hyderabad india,air cooled chiller,air cooled chiller in hyderabad
air cooler in hyderabad price,air cooled chiller,air cooled chiller in hyderabad
air cooled chiller connection details,air cooled chiller,air cooled chiller in hyderabad
air cooled chiller manufacturers in pune,air cooled chiller,air cooled chiller in pune
air cooler in pune,air cooled chiller,air cooled chiller in pune
air cooler in mumbai,air cooled chiller,air cooled chiller in mumbai
air cooler in chennai,air cooled chiller,air cooled chiller in chennai
air cooler in chennai weather,air cooled chiller,air cooled chiller in chennai
air cooler in delhi,air cooled chiller,air cooled chiller in delhi
air cooler in ahmedabad,air cooled chiller,air cooled chiller in ahmedabad
air cooler in bangalore,air cooled chiller,air cooled chiller in bangalore
air cooler in bangalore for rent,air cooled chiller,air cooled chiller in bangalore
air cooler in bangalore reddit,air cooled chiller,air cooled chiller in bangalore
air cooled chiller price in uae,air cooled chiller,air cooled chiller price
air cooled chiller price in pakistan,air cooled chiller,air cooled chiller price
air cooled chiller price per ton,air cooled chiller,air cooled chiller price
air cooled chiller price in bangladesh,air cooled chiller,air cooled chiller price
air cooled chiller price list,air cooled chiller,air cooled chiller price
air cooled chiller price in malaysia,air cooled chiller,air cooled chiller price
trane air cooled chiller price list,air cooled chiller,air cooled chiller price
air cooled screw chiller price,air cooled chiller,air cooled chiller price
air cooler chennai,air cooled chiller,air cooled chiller near me
air cooler coimbatore,air cooled chiller,air cooled chiller near me
air cooler near me,air cooled chiller,air cooled chiller near me
air cooler near me shop,air cooled chiller,air cooled chiller near me
air cooler near me in stock,air cooled chiller,air cooled chiller near me
air cooler near me for rent,air cooled chiller,air cooled chiller near me
air cooler near me to buy,air cooled chiller,air cooled chiller near me
air cooled chiller cost per ton,air cooled chiller,air cooled chiller cost
air cooled chiller cost,air cooled chiller,air cooled chiller cost
air cooled chiller installation cost,air cooled chiller,air cooled chiller cost
daikin air cooled chiller cost,air cooled chiller,air cooled chiller cost
air cooled chiller supplier,air cooled chiller,air cooled chiller manufacturers
air cooled chiller companies,air cooled chiller,air cooled chiller manufacturers
air cooled water chiller manufacturers,air cooled chiller,air cooled chiller manufacturers
air cooled water chiller manufacturers in india,air cooled chiller,air cooled chiller manufacturers
air cooled scroll chiller manufacturers,air cooled chiller,air cooled chiller manufacturers
air cooled chiller working principle animation,air cooled chiller,air cooled chiller working principle
air cooled chiller working principle diagram,air cooled chiller,air cooled chiller working principle
air cooled screw chiller working principle,air cooled chiller,air cooled chiller working principle
air cooled water chiller working principle,air cooled chiller,air cooled chiller working principle
air cooled scroll chiller working principle,air cooled chiller,air cooled chiller working principle
air cooler working principle,air cooled chiller,air cooled chiller working principle
air cooler working principle pdf,air cooled chiller,air cooled chiller working principle
air cooler for dairy farm,air cooled chiller,air cooled chiller for dairy
air cooled chiller service,air cooled chiller,air cooled chiller service
air cooled chiller preventive maintenance,air cooled chiller,air cooled chiller service
air cooled chiller preventive maintenance checklist pdf,air cooled chiller,air cooled chiller service
trane air cooled chiller maintenance checklist,air cooled chiller,air cooled chiller service
air cooled chiller preventive maintenance checklist,air cooled chiller,air cooled chiller service
york air cooled chiller maintenance checklist,air cooled chiller,air cooled chiller service
1 ton air cooled chiller,air cooled chiller,air cooled chiller 1 ton
air cooled chiller 3 ton,air cooled chiller,air cooled chiller 3 ton
air cooler 3 ton,air cooled chiller,air cooled chiller 3 ton
3 ton air cooled water chiller,air cooled chiller,air cooled chiller 3 ton
air cooled chiller vs water cooled chiller cost,air cooled chiller,air cooled chiller vs
air cooled chiller vs liquid cooled chiller,air cooled chiller,air cooled chiller vs
air cooled chiller specification,air cooled chiller,air cooled chiller specification
air cooled chiller specification sheet,air cooled chiller,air cooled chiller specification
air cooled chiller spec section,air cooled chiller,air cooled chiller specification
air cooled chiller technical specifications,air cooled chiller,air cooled chiller specification
air cooled chiller capacity calculation,air cooled chiller,air cooled chiller capacity calculation
air cooler capacity calculation,air cooled chiller,air cooled chiller capacity calculation
air cooled chiller capacity range,air cooled chiller,air cooled chiller capacity calculation
chiller cooling capacity calculation,air cooled chiller,air cooled chiller capacity calculation
how to calculate air cooled chiller efficiency,air cooled chiller,air cooled chiller capacity calculation
air cooled chiller 2 ton,air cooled chiller,air cooled chiller 2 ton
air cooler 2 ton,air cooled chiller,air cooled chiller 2 ton
air cooler 2 ton price,air cooled chiller,air cooled chiller 2 ton
air cooled chiller 5 ton,air cooled chiller,air cooled chiller 5 ton
air cooler 5 ton,air cooled chiller,air cooled chiller 5 ton
5 ton air cooled chiller price,air cooled chiller,air cooled chiller 5 ton
5 ton air cooled water chiller,air cooled chiller,air cooled chiller 5 ton
5 ton air cooled process chiller,air cooled chiller,air cooled chiller 5 ton
air cooled chiller 10 ton,air cooled chiller,air cooled chiller 10 ton
10 ton air cooled chiller price,air cooled chiller,air cooled chiller 10 ton
carrier 10 ton air cooled chiller,air cooled chiller,air cooled chiller 10 ton
trane 10 ton air cooled chiller,air cooled chiller,air cooled chiller 10 ton
10 ton air cooled water chiller,air cooled chiller,air cooled chiller 10 ton
20 ton air cooled chiller price,air cooled chiller,air cooled chiller 20 ton
trane 20 ton air cooled chiller,air cooled chiller,air cooled chiller 20 ton
carrier 20 ton air cooled chiller,air cooled chiller,air cooled chiller 20 ton
20 ton air cooled water chiller,air cooled chiller,air cooled chiller 20 ton
water cooled chiller components,water cooled chiller,water cooled chiller c
water cooled chiller cycle,water cooled chiller,water cooled chiller c
water cooled chiller cycle diagram,water cooled chiller,water cooled chiller c
water cooled chiller compressor types,water cooled chiller,water cooled chiller c
water cooled chiller catalogue pdf,water cooled chiller,water cooled chiller c
water cooled chiller capacity range,water cooled chiller,water cooled chiller c
water cooled chiller circuit diagram,water cooled chiller,water cooled chiller c
water cooled chiller cad block,water cooled chiller,water cooled chiller c
water cooled chiller cop,water cooled chiller,water cooled chiller c
water cooled chiller cop range,water cooled chiller,water cooled chiller c
water cooled chiller approach temperature,water cooled chiller,water cooled chiller a
water cooled chiller autocad drawing 2d,water cooled chiller,water cooled chiller a
water cooled chiller approach,water cooled chiller,water cooled chiller a
water cooled chiller and air cooled chiller,water cooled chiller,water cooled chiller a
water cooled chiller and cooling tower,water cooled chiller,water cooled chiller a
water cooled chiller ac central,water cooled chiller,water cooled chiller a
water cooled chiller animation,water cooled chiller,water cooled chiller a
water cooled chiller all parts name,water cooled chiller,water cooled chiller a
water cooled chiller ac,water cooled chiller,water cooled chiller a
water cooled chiller ahu,water cooled chiller,water cooled chiller a
water cooled chiller brands,water cooled chiller,water cooled chiller b
water cooled chiller block diagram,water cooled chiller,water cooled chiller b
water cooled chiller blue star,water cooled chiller,water cooled chiller b
water cooled chiller boq,water cooled chiller,water cooled chiller b
water cooled chiller bim,water cooled chiller,water cooled chiller b
water cooled chiller basics,water cooled chiller,water cooled chiller b
water cooled chiller book,water cooled chiller,water cooled chiller b
water cooled chiller block,water cooled chiller,water cooled chiller b
water cooled beer chiller,water cooled chiller,water cooled chiller b
water cooled brine chiller,water cooled chiller,water cooled chiller b
water cooled chiller,water cooled chiller,water cooled chiller
water cooled chiller diagram,water cooled chiller,water cooled chiller
water cooled chiller system,water cooled chiller,water cooled chiller
water cooled chiller schematic diagram,water cooled chiller,water cooled chiller
water cooled chiller diagram pdf,water cooled chiller,water cooled chiller
water cooled chiller price,water cooled chiller,water cooled chiller
water cooled chiller plant,water cooled chiller,water cooled chiller
water cooled chiller daikin,water cooled chiller,water cooled chiller d
water cooled chiller diagram with explanation,water cooled chiller,water cooled chiller d
water cooled chiller data center,water cooled chiller,water cooled chiller d
water cooled chiller drawing,water cooled chiller,water cooled chiller d
water cooled chiller discharge superheat,water cooled chiller,water cooled chiller d
water cooled chiller dwg,water cooled chiller,water cooled chiller d
water cooled chiller dunham bush,water cooled chiller,water cooled chiller d
water cooled chiller definition,water cooled chiller,water cooled chiller d
water cooled chiller flow diagram,water cooled chiller,water cooled chiller f
water cooled chiller function,water cooled chiller,water cooled chiller f
water cooled chiller for home,water cooled chiller,water cooled chiller f
water cooled chiller for data center,water cooled chiller,water cooled chiller f
water cooled chiller for sale,water cooled chiller,water cooled chiller f
water cooled chiller flow switch,water cooled chiller,water cooled chiller f
water cooled chiller fan,water cooled chiller,water cooled chiller f
water cooled chiller for hvac,water cooled chiller,water cooled chiller f
water cooled chiller revit family,water cooled chiller,water cooled chiller f
water cooled chiller approach formula,water cooled chiller,water cooled chiller f
water cooled chiller efficiency,water cooled chiller,water cooled chiller e
water cooled chiller evaporator approach,water cooled chiller,water cooled chiller e
water cooled chiller explained,water cooled chiller,water cooled chiller e
water cooled chiller evaporator,water cooled chiller,water cooled chiller e
water cooled chiller economizer,water cooled chiller,water cooled chiller e
water cooled chiller expansion valve,water cooled chiller,water cooled chiller e
water cooled chiller engineering mindset,water cooled chiller,water cooled chiller e
water cooled chiller evaporator approach temperature,water cooled chiller,water cooled chiller e
water cooled chiller efficiency calculation,water cooled chiller,water cooled chiller e
water cooled chiller eer,water cooled chiller,water cooled chiller e
water cooled chiller hsn code,water cooled chiller,water cooled chiller h
water cooled chiller hs code,water cooled chiller,water cooled chiller h
water cooled chiller how it works,water cooled chiller,water cooled chiller h
water cooled chiller heat exchanger,water cooled chiller,water cooled chiller h
water cooled chiller hvac system,water cooled chiller,water cooled chiller h
water cooled chiller heat pump,water cooled chiller,water cooled chiller h
water cooled chiller head pressure control,water cooled chiller,water cooled chiller h
water cooled chiller hookup,water cooled chiller,water cooled chiller h
water cooled chiller hvac,water cooled chiller,water cooled chiller h
water cooled chiller hitachi,water cooled chiller,water cooled chiller h
water cooled chiller gas name,water cooled chiller,water cooled chiller g
water cooled chiller gif,water cooled chiller,water cooled chiller g
water cooled chiller ga drawing,water cooled chiller,water cooled chiller g
water cooled chiller gpm per ton,water cooled chiller,water cooled chiller g
water cooled chiller gas,water cooled chiller,water cooled chiller g
water cooled glycol chiller,water cooled chiller,water cooled chiller g
water cooled gas cooler,water cooled chiller,water cooled chiller g
water cooled chiller using gas,water cooled chiller,water cooled chiller g
water cooled air cooler gz20 31b,water cooled chiller,water cooled chiller g
liquid cooled gpu cooler,water cooled chiller,water cooled chiller g
water cooled chiller log sheet,water cooled chiller,water cooled chiller l
water cooled chiller lift,water cooled chiller,water cooled chiller l
water cooled chiller life expectancy,water cooled chiller,water cooled chiller l
water cooled chiller loop,water cooled chiller,water cooled chiller l
water cooled chiller layout,water cooled chiller,water cooled chiller l
water cooled chiller lg,water cooled chiller,water cooled chiller l
water cooled lab chiller,water cooled chiller,water cooled chiller l
water cooled laptop cooler,water cooled chiller,water cooled chiller l
water cooled chiller single line diagram,water cooled chiller,water cooled chiller l
water cooled chiller kw/ton,water cooled chiller,water cooled chiller k
water cooled chiller kaise kam karta hai,water cooled chiller,water cooled chiller k
water cooled chiller kw per ton,water cooled chiller,water cooled chiller k
water cooled chiller kya hota hai,water cooled chiller,water cooled chiller k
water cooled chiller efficiency kw ton,water cooled chiller,water cooled chiller k
kirloskar water cooled chiller,water cooled chiller,water cooled chiller k
komponen water cooled chiller,water cooled chiller,water cooled chiller k
kitaran water cooled chiller,water cooled chiller,water cooled chiller k
kelebihan water cooled chiller,water cooled chiller,water cooled chiller k
kitaran asas water cooled chiller,water cooled chiller,water cooled chiller k
water cooled chiller johnson controls,water cooled chiller,water cooled chiller j
jetson water cooled chiller,water cooled chiller,water cooled chiller j
jci water cooled chiller,water cooled chiller,water cooled chiller j
how does a water cooled chiller work,water cooled chiller,water cooled chiller j
what is the difference between water cooled chiller and air cooled chiller,water cooled chiller,water cooled chiller j
water cooled chiller process,water cooled chiller,water cooled chiller j
water cooled chiller manufacturers in india,water cooled chiller,water cooled chiller m
water cooled chiller manual pdf free download,water cooled chiller,water cooled chiller m
water cooled chiller maximum capacity,water cooled chiller,water cooled chiller m
water cooled chiller maintenance,water cooled chiller,water cooled chiller m
water cooled chiller maintenance checklist pdf,water cooled chiller,water cooled chiller m
water cooled chiller manufacturers,water cooled chiller,water cooled chiller m
water cooled chiller mitsubishi,water cooled chiller,water cooled chiller m
water cooled chiller manual pdf,water cooled chiller,water cooled chiller m
water cooled chiller malaysia,water cooled chiller,water cooled chiller m
water cooled chiller machine,water cooled chiller,water cooled chiller m
water cooled chiller images,water cooled chiller,water cooled chiller i
water cooled chiller ikw,water cooled chiller,water cooled chiller i
water cooled chiller ikw tr,water cooled chiller,water cooled chiller i
water cooled chiller inlet and outlet temperature,water cooled chiller,water cooled chiller i
water cooled chiller icon,water cooled chiller,water cooled chiller i
water cooled chiller installation,water cooled chiller,water cooled chiller i
water cooled chiller industrial,water cooled chiller,water cooled chiller i
water cooled chiller indoor unit,water cooled chiller,water cooled chiller i
water cooled chiller india,water cooled chiller,water cooled chiller i
water cooled chiller pdf,water cooled chiller,water cooled chiller p
water cooled chiller parameters,water cooled chiller,water cooled chiller p
water cooled chiller parts,water cooled chiller,water cooled chiller p
water cooled chiller plant diagram,water cooled chiller,water cooled chiller p
water cooled chiller photo,water cooled chiller,water cooled chiller p
water cooled chiller preventive maintenance checklist,water cooled chiller,water cooled chiller p
water cooled chiller pipe connection,water cooled chiller,water cooled chiller p
water cooled chiller operation,water cooled chiller,water cooled chiller o
water cooled chiller on roof,water cooled chiller,water cooled chiller o
water cooled chiller outdoor,water cooled chiller,water cooled chiller o
water cooled chiller oil separator,water cooled chiller,water cooled chiller o
water cooled chiller oil pressure,water cooled chiller,water cooled chiller o
water cooled oil cooler,water cooled chiller,water cooled chiller o
water cooled chiller sequence of operation,water cooled chiller,water cooled chiller o
water cooled chiller standard operating procedure,water cooled chiller,water cooled chiller o
water cooled oil coolers manufacturers,water cooled chiller,water cooled chiller o
liquid cooled oil cooler,water cooled chiller,water cooled chiller o
water cooled chiller noise level,water cooled chiller,water cooled chiller n
water cooled chiller parts name,water cooled chiller,water cooled chiller n
water cooled chiller chemical name,water cooled chiller,water cooled chiller n
york water cooled chiller model numbers,water cooled chiller,water cooled chiller n
new water cooled chiller,water cooled chiller,water cooled chiller n
does a water cooled chiller need a cooling tower,water cooled chiller,water cooled chiller n
when a water cooled chiller is operating normally,water cooled chiller,water cooled chiller n
water cooled chiller refrigeration cycle,water cooled chiller,water cooled chiller r
water cooled chiller refrigerant,water cooled chiller,water cooled chiller r
water cooled chiller rental,water cooled chiller,water cooled chiller r
water cooled chiller revit,water cooled chiller,water cooled chiller r
water cooled chiller reading,water cooled chiller,water cooled chiller r
water cooled chiller room,water cooled chiller,water cooled chiller r
water cooled chiller range,water cooled chiller,water cooled chiller r
water cooled chiller repair,water cooled chiller,water cooled chiller r
water cooled recirculating chiller,water cooled chiller,water cooled chiller r
water cooled chiller interview questions pdf,water cooled chiller,water cooled chiller q
water cooled chiller safety device,water cooled chiller,water cooled chiller s
water cooled chiller system working principle,water cooled chiller,water cooled chiller s
water cooled chiller system diagram,water cooled chiller,water cooled chiller s
water cooled chiller starting procedure,water cooled chiller,water cooled chiller s
water cooled chiller sld,water cooled chiller,water cooled chiller s
water cooled chiller schematic,water cooled chiller,water cooled chiller s
water cooled chiller types,water cooled chiller,water cooled chiller t
water cooled chiller trane,water cooled chiller,water cooled chiller t
water cooled chiller temperature range,water cooled chiller,water cooled chiller t
water cooled chiller troubleshooting pdf,water cooled chiller,water cooled chiller t
water cooled chiller troubleshooting,water cooled chiller,water cooled chiller t
water cooled chiller tower,water cooled chiller,water cooled chiller t
water cooled chiller tr,water cooled chiller,water cooled chiller t
water cooled chiller training,water cooled chiller,water cooled chiller t
water cooled chiller tubes,water cooled chiller,water cooled chiller t
water cooled chiller tonnage,water cooled chiller,water cooled chiller t
water cooled chiller working,water cooled chiller,water cooled chiller w
water cooled chiller working diagram,water cooled chiller,water cooled chiller w
water cooled chiller with cooling tower,water cooled chiller,water cooled chiller w
water cooled chiller with dry cooler,water cooled chiller,water cooled chiller w
water cooled chiller without cooling tower,water cooled chiller,water cooled chiller w
water cooled chiller wiring diagram,water cooled chiller,water cooled chiller w
water cooled chiller vs air cooled chiller,water cooled chiller,water cooled chiller v
water cooled chiller vs air cooled chiller efficiency,water cooled chiller,water cooled chiller v
water cooled chiller voltas,water cooled chiller,water cooled chiller v
water cooled chiller video,water cooled chiller,water cooled chiller v
water cooled chiller vertiv,water cooled chiller,water cooled chiller v
water cooled chiller vs cooling tower,water cooled chiller,water cooled chiller v
water cooled chiller vs vrf,water cooled chiller,water cooled chiller v
water cooled screw chiller voltas,water cooled chiller,water cooled chiller v
water cooled chiller top view,water cooled chiller,water cooled chiller v
water cooled chiller unit,water cooled chiller,water cooled chiller u
water cooled chiller uae,water cooled chiller,water cooled chiller u
water cooled chiller used,water cooled chiller,water cooled chiller u
does water cooled chiller use refrigerant,water cooled chiller,water cooled chiller u
sea water cooled chiller unit,water cooled chiller,water cooled chiller u
do water cooled chillers use refrigerant,water cooled chiller,water cooled chiller u
uniflair water cooled chiller,water cooled chiller,water cooled chiller u
water cooled chiller york,water cooled chiller,water cooled chiller y
water cooled centrifugal chiller york,water cooled chiller,water cooled chiller y
york water cooled chiller catalogue pdf,water cooled chiller,water cooled chiller y
york water cooled chiller manual pdf,water cooled chiller,water cooled chiller y
york water cooled chiller manual pdf free download,water cooled chiller,water cooled chiller y
york water cooled chiller revit family,water cooled chiller,water cooled chiller y
york water cooled chiller price,water cooled chiller,water cooled chiller y
york water cooled chiller manual,water cooled chiller,water cooled chiller y
york water cooled chiller diagram,water cooled chiller,water cooled chiller y
best water cooled chiller,water cooled chiller,best water cooled chiller
best water cooled cpu cooler,water cooled chiller,best water cooled chiller
how to work water cooled chiller,water cooled chiller,how to water cooled chiller
how to calculate water cooled chiller efficiency,water cooled chiller,how to water cooled chiller
how to start water cooled chiller,water cooled chiller,how to water cooled chiller
how to operate water cooled chiller,water cooled chiller,how to water cooled chiller
how water cooled chiller works with diagram,water cooled chiller,how to water cooled chiller
how water cooled chiller system works,water cooled chiller,how to water cooled chiller
how air and water cooled chillers work,water cooled chiller,how to water cooled chiller
how long do water cooled chillers last,water cooled chiller,how to water cooled chiller
what is water cooled screw chiller,water cooled chiller,what is water cooled chiller
what does a water cooled chiller do,water cooled chiller,what is water cooled chiller
how does a water cooled chiller system work,water cooled chiller,what is water cooled chiller
top 10 water cooled chiller manufacturers in india,water cooled chiller,top water cooled chiller
how does water cooled chiller work,water cooled chiller,does water cooled chiller
how do water cooled chillers work,water cooled chiller,can water cooled chiller
water cooled chiller price in pakistan,water cooled chiller,water cooled chiller price
water cooled chiller price in india,water cooled chiller,water cooled chiller price
water cooled chiller price per ton,water cooled chiller,water cooled chiller price
carrier water cooled chiller price,water cooled chiller,water cooled chiller price
daikin water cooled chiller price,water cooled chiller,water cooled chiller price
trane water cooled chiller price,water cooled chiller,water cooled chiller price
water cooled chiller machine price,water cooled chiller,water cooled chiller price
water cooled screw chiller price,water cooled chiller,water cooled chiller price
water cooled chiller cost per ton,water cooled chiller,water cooled chiller cost
water cooled chiller cost,water cooled chiller,water cooled chiller cost
300 ton water cooled chiller cost,water cooled chiller,water cooled chiller cost
water cooled chiller working principle in hindi,water cooled chiller,water cooled chiller working principle
water cooled chiller working principle pdf ppt,water cooled chiller,water cooled chiller working principle
water cooled screw chiller working principle,water cooled chiller,water cooled chiller working principle
water cooled centrifugal chiller working principle,water cooled chiller,water cooled chiller working principle
water cooled chiller principle,water cooled chiller,water cooled chiller working principle
water cooled chiller supplier,water cooled chiller,water cooled chiller supplier
water cooled scroll chiller manufacturers,water cooled chiller,water cooled chiller supplier
water cooled chiller service,water cooled chiller,water cooled chiller service
water cooled chiller maintenance checklist,water cooled chiller,water cooled chiller service
water cooled chiller preventive maintenance checklist pdf,water cooled chiller,water cooled chiller service
water cooled chiller tonnage calculator,water cooled chiller,water cooled chiller capacity calculation
water cooled chiller vs air cooled chiller cop,water cooled chiller,water cooled chiller vs
vsd water cooled chiller,water cooled chiller,water cooled chiller vs
water cooled and air cooled chiller difference,water cooled chiller,water cooled chiller vs
1 ton water cooled chiller,water cooled chiller,water cooled chiller 1 ton
3 ton water cooled chiller,water cooled chiller,water cooled chiller 3 ton
2 ton water cooled chiller,water cooled chiller,water cooled chiller 2 ton
chiller machine water,chiller machine,chiller machine
chiller machine hsn code,chiller machine,chiller machine
chiller machine repair near me,chiller machine,chiller machine
chiller machine for milk,chiller machine,chiller machine
chiller machine for ro plant,chiller machine,chiller machine
chiller machine for home,chiller machine,chiller machine
chiller machine working,chiller machine,chiller machine
chiller machine kya hai,chiller machine,chiller machine
20 ton water cooled chiller,water cooled chiller,water cooled chiller 20 ton
chiller machine ac,chiller machine,chiller machine a
chiller machine area,chiller machine,chiller machine a
chiller machine amaro del capo,chiller machine,chiller machine a
fireball chiller machine amazon,chiller machine,chiller machine a
chiller machine for aquarium,chiller machine,chiller machine a
laser machine chiller alarm,chiller machine,chiller machine a
chiller machine kitne ki aati hai,chiller machine,chiller machine a
is chiller a machine,chiller machine,chiller machine a
air chiller machine,chiller machine,chiller machine a
chiller machine blue star,chiller machine,chiller machine b
chiller machine block diagram,chiller machine,chiller machine b
chiller machine brand,chiller machine,chiller machine b
chiller brushing machine,chiller machine,chiller machine b
chiller bakery machine,chiller machine,chiller machine b
water chiller machine blue star,chiller machine,chiller machine b
chiller machine cad block,chiller machine,chiller machine b
chiller machine price in bangladesh,chiller machine,chiller machine b
chiller tube brushing machine,chiller machine,chiller machine b
fog machine chiller box,chiller machine,chiller machine b
chiller machine compressor,chiller machine,chiller machine c
chiller machine capacity,chiller machine,chiller machine c
chiller machine company,chiller machine,chiller machine c
chiller machine cost,chiller machine,chiller machine c
chiller machine china,chiller machine,chiller machine c
chiller machine commercial,chiller machine,chiller machine c
chiller machine company name,chiller machine,chiller machine c
chiller machine condenser,chiller machine,chiller machine c
chiller machine controller,chiller machine,chiller machine c
chiller machine diagram,chiller machine,chiller machine d
chiller machine drawing,chiller machine,chiller machine d
chiller machine display,chiller machine,chiller machine d
chiller machine definition,chiller machine,chiller machine d
chiller machine daikin,chiller machine,chiller machine d
chiller machine depreciation rate,chiller machine,chiller machine d
chiller machine design,chiller machine,chiller machine d
chiller machine details,chiller machine,chiller machine d
chiller descaling machine,chiller machine,chiller machine d
chiller dispenser machine,chiller machine,chiller machine d
chiller for extrusion machine,chiller machine,chiller machine e
chiller for edm machine,chiller machine,chiller machine e
electric chiller machine,chiller machine,chiller machine e
chiller how does it work,chiller machine,chiller machine e
chiller theory of operation,chiller machine,chiller machine e
chiller machine for cold storage,chiller machine,chiller machine f
chiller machine for room,chiller machine,chiller machine f
chiller machine for hotel,chiller machine,chiller machine f
chiller machine for restaurant,chiller machine,chiller machine f
chiller machine for ice bath,chiller machine,chiller machine f
chiller machine for saffron farming,chiller machine,chiller machine f
chiller machine hs code,chiller machine,chiller machine h
chiller machine hvac system,chiller machine,chiller machine h
chiller heat machine,chiller machine,chiller machine h
water chiller machine hsn code,chiller machine,chiller machine h
water chiller machine hs code,chiller machine,chiller machine h
chiller machine in hindi,chiller machine,chiller machine h
chiller machine gas,chiller machine,chiller machine g
chilling machine gym,chiller machine,chiller machine g
chilling glass machine,chiller machine,chiller machine g
glass chiller machine,chiller machine,chiller machine g
garlic chiller machine,chiller machine,chiller machine g
grain chiller machine,chiller machine,chiller machine g
glycol chiller machine,chiller machine,chiller machine g
glass chiller machine price,chiller machine,chiller machine g
chiller machine image,chiller machine,chiller machine i
chiller machine industrial,chiller machine,chiller machine i
chiller machine installation,chiller machine,chiller machine i
chiller machine icon,chiller machine,chiller machine i
chiller ice machine,chiller machine,chiller machine i
chiller in machine,chiller machine,chiller machine i
chiller injection machine,chiller machine,chiller machine i
chiller machine price in india,chiller machine,chiller machine i
chiller machine ka unit kya hai,chiller machine,chiller machine k
chiller machine ka unit,chiller machine,chiller machine k
chiller machine for kitchen,chiller machine,chiller machine k
chiller machine unit kya hota hai,chiller machine,chiller machine k
knee chiller machine,chiller machine,chiller machine k
kulfi chiller machine,chiller machine,chiller machine k
kyk chiller machine,chiller machine,chiller machine k
chiller juice machine,chiller machine,chiller machine j
jagermeister chiller machine,chiller machine,chiller machine j
juice chiller machine price,chiller machine,chiller machine j
chiller machine manufacturers,chiller machine,chiller machine m
chiller machine meaning,chiller machine,chiller machine m
chiller machine milk,chiller machine,chiller machine m
chiller machine manufacturers in india,chiller machine,chiller machine m
chiller machine maintenance,chiller machine,chiller machine m
chiller machine mechanic,chiller machine,chiller machine m
chiller machine manual,chiller machine,chiller machine m
chiller machine motor,chiller machine,chiller machine m
chiller machine motor price,chiller machine,chiller machine m
chiller machine for laboratory,chiller machine,chiller machine l
water chiller laser machine,chiller machine,chiller machine l
liquor chiller machine,chiller machine,chiller machine l
water chiller machine 20 litre,chiller machine,chiller machine l
lahsun chiller machine,chiller machine,chiller machine l
chiller machine near me,chiller machine,chiller machine n
chiller machine nearby,chiller machine,chiller machine n
chiller machine name,chiller machine,chiller machine n
chiller machine not working,chiller machine,chiller machine n
water chiller machine near me,chiller machine,chiller machine n
chiller machine parts name,chiller machine,chiller machine n
water chiller machine nearby,chiller machine,chiller machine n
water chiller machine repair near me,chiller machine,chiller machine n
chiller machine parts,chiller machine,chiller machine p
chiller machine photo,chiller machine,chiller machine p
chiller machine price in pakistan,chiller machine,chiller machine p
chiller machine problem,chiller machine,chiller machine p
chiller machine purpose,chiller machine,chiller machine p
chiller machine pdf,chiller machine,chiller machine p
chiller machine operator,chiller machine,chiller machine o
juice cooler chiller machine olx,chiller machine,chiller machine o
chiller for offset machine,chiller machine,chiller machine o
water chiller machine for office,chiller machine,chiller machine o
oil chiller machine,chiller machine,chiller machine o
online chiller machine,chiller machine,chiller machine o
onion chopper machine,chiller machine,chiller machine o
chiller machine repair,chiller machine,chiller machine r
chiller machine room,chiller machine,chiller machine r
chiller machine rajkot,chiller machine,chiller machine r
chiller machine relay,chiller machine,chiller machine r
chiller machine rate,chiller machine,chiller machine r
chiller recovery machine,chiller machine,chiller machine r
chiller rodding machine,chiller machine,chiller machine r
chiller refrigeration machine,chiller machine,chiller machine r
chiller machine service,chiller machine,chiller machine s
chiller machine small,chiller machine,chiller machine s
chiller machine size,chiller machine,chiller machine s
chiller machine spare parts,chiller machine,chiller machine s
chiller machine sensor,chiller machine,chiller machine s
chiller machine supplier,chiller machine,chiller machine s
chiller machine safety,chiller machine,chiller machine s
chiller machine specifications,chiller machine,chiller machine s
chiller swabbing machine,chiller machine,chiller machine s
chilling service machine,chiller machine,chiller machine s
chiller machine temperature,chiller machine,chiller machine t
chiller machine technician,chiller machine,chiller machine t
chiller machine types,chiller machine,chiller machine t
chiller tube machine,chiller machine,chiller machine t
chiller machine 2 ton price,chiller machine,chiller machine t
chiller machine 2 ton,chiller machine,chiller machine t
chiller machine 5 ton,chiller machine,chiller machine t
chiller machine uses,chiller machine,chiller machine u
chiller machine unit,chiller machine,chiller machine u
water chiller machine use,chiller machine,chiller machine u
cnc machine chiller unit,chiller machine,chiller machine u
chiller machine vision,chiller machine,chiller machine v
chiller vending machine,chiller machine,chiller machine v
chilling vat machine,chiller machine,chiller machine v
chilling vat machine price in nepal,chiller machine,chiller machine v
water chiller machine voltas,chiller machine,chiller machine v
chiller machine for vegetables,chiller machine,chiller machine v
chiller for vmc machine,chiller machine,chiller machine v
voltas chiller machine,chiller machine,chiller machine v
vacuum chiller machine,chiller machine,chiller machine v
vam chiller machine,chiller machine,chiller machine v
chiller machine working principle,chiller machine,chiller machine w
chiller machine working in hindi,chiller machine,chiller machine w
chiller machine weight,chiller machine,chiller machine w
chiller machine water pump,chiller machine,chiller machine w
chiller machine wattage,chiller machine,chiller machine w
chiller machine wiring diagram,chiller machine,chiller machine w
chiller machine wiring,chiller machine,chiller machine w
chiller machine water dispenser,chiller machine,chiller machine w
york chiller machine,chiller machine,chiller machine y
chilled water machine price,chiller machine,chiller machine y
best water chiller machine,chiller machine,best chiller machine
how to work chiller machine,chiller machine,how to chiller machine
how to clean 7 brew chiller machine,chiller machine,how to chiller machine
how to make fog machine chiller,chiller machine,how to chiller machine
how to clean personal chiller ice machine,chiller machine,how to chiller machine
how to use personal chiller ice machine,chiller machine,how to chiller machine
how to chillers work,chiller machine,how to chiller machine
how to make a chiller,chiller machine,how to chiller machine
what is chilling machine,chiller machine,what is chiller machine
what is a fog machine chiller,chiller machine,what is chiller machine
what is the unit of chiller machine,chiller machine,what is chiller machine
what is the use of chiller machine,chiller machine,what is chiller machine
can chilling machine,chiller machine,does chiller machine
how to operate chiller,chiller machine,does chiller machine
can cooler machine,chiller machine,can chiller machine
beverage chiller machine,chiller machine,can chiller machine
beer can chiller machine,chiller machine,can chiller machine
printing machine chiller manufacturers in pune,chiller machine,chiller machine in pune
chiller manufacturer in ahmedabad,chiller machine,chiller machine in ahmedabad
chiller tube cleaning machine price,chiller machine,chiller machine in ahmedabad
chiller machine price in sri lanka,chiller machine,chiller machine price
chilling machine price,chiller machine,chiller machine price
chiller machine for sale,chiller machine,chiller machine price
milk chiller machine price in bangladesh,chiller machine,chiller machine price
milk chilling machine cost,chiller machine,chiller machine cost
what machines are used to make plastic bottles,chiller machine,chiller machine for plastic
injection molding machine cost per hour,chiller machine,chiller machine for injection moulding
injection molding machine operating procedure,chiller machine,chiller machine for injection moulding
water chiller machine working principle,chiller machine,chiller machine working principle
how does a chiller work for dummies,chiller machine,chiller machine working principle
commercial chiller manufacturers,chiller machine,chiller machine supplier
water chiller machine manufacturers,chiller machine,chiller machine manufacturers
industrial chiller machine manufacturers,chiller machine,chiller machine manufacturers
water chiller machine service,chiller machine,chiller machine service
water chiller machine repair,chiller machine,chiller machine repair
laser machine chiller repair,chiller machine,chiller machine repair
chiller replacement cost,chiller machine,chiller machine repair
chiller machine 1 ton price,chiller machine,chiller machine 1 ton
chiller machine 1 ton,chiller machine,chiller machine 1 ton
1000 ton chiller cost,chiller machine,chiller machine 1 ton
water chiller machine 2 ton price,chiller machine,chiller machine 2 ton
water chiller machine 3 ton price,chiller machine,chiller machine 3 ton
3 ton chiller machine price,chiller machine,chiller machine 3 ton
mini chiller,mini chiller,mini chiller
mini chiller for aquarium,mini chiller,mini chiller
mini chiller fridge,mini chiller,mini chiller
mini chiller price,mini chiller,mini chiller
mini chiller box,mini chiller,mini chiller
mini chiller plant,mini chiller,mini chiller
mini chiller machine,mini chiller,mini chiller
mini chiller system,mini chiller,mini chiller
mini chiller compressor,mini chiller,mini chiller
mini chiller ac price in pakistan,mini chiller,mini chiller
mini chiller ac,mini chiller,mini chiller a
mini chiller aquarium,mini chiller,mini chiller a
mini chiller acson,mini chiller,mini chiller a
mini chiller air conditioning,mini chiller,mini chiller a
mini cooler ac,mini chiller,mini chiller a
mini cooler amazon,mini chiller,mini chiller a
small chiller ac price in pakistan,mini chiller,mini chiller a
mini cooler ac price,mini chiller,mini chiller a
mini cooler air conditioner,mini chiller,mini chiller a
mini chiller cooler price in pakistan,mini chiller,mini chiller c
mini chiller cooler,mini chiller,mini chiller c
mini cooler cup,mini chiller,mini chiller c
mini cooler cup lowes,mini chiller,mini chiller c
mini cooler car,mini chiller,mini chiller c
mini cooler charging,mini chiller,mini chiller c
mini cooler cup with straw,mini chiller,mini chiller c
mini cooler charging wala,mini chiller,mini chiller c
mini cooler crompton,mini chiller,mini chiller c
mini chiller bag,mini chiller,mini chiller b
mini chiller bar,mini chiller,mini chiller b
mini chiller berapa watt,mini chiller,mini chiller b
mini blast chiller,mini chiller,mini chiller b
mini beer chiller,mini chiller,mini chiller b
mini bottle chiller,mini chiller,mini chiller b
mini cooler bag,mini chiller,mini chiller b
mini cooler box,mini chiller,mini chiller b
mini cooler blinkit,mini chiller,mini chiller b
mini chiller display,mini chiller,mini chiller d
mini chiller daikin,mini chiller,mini chiller d
mini chiller diy,mini chiller,mini chiller d
mini chiller dimensions,mini chiller,mini chiller d
mini drink chiller,mini chiller,mini chiller d
mini display chiller fridge,mini chiller,mini chiller d
mini display chiller for sale,mini chiller,mini chiller d
mini dc chiller,mini chiller,mini chiller d
mini cooler double fan,mini chiller,mini chiller d
mini cooler deodap,mini chiller,mini chiller d
mini chiller fridge price in pakistan,mini chiller,mini chiller f
mini chiller fridge price in nigeria,mini chiller,mini chiller f
mini chiller fish bag,mini chiller,mini chiller f
mini chiller freezer,mini chiller,mini chiller f
mini chiller for home,mini chiller,mini chiller f
mini chiller for ice bath,mini chiller,mini chiller f
mini cooler for room,mini chiller,mini chiller f
mini chiller for cake,mini chiller,mini chiller f
mini chiller evaporator,mini chiller,mini chiller e
mini electric chiller,mini chiller,mini chiller e
mini cooler electric,mini chiller,mini chiller e
mini cooler explanation,mini chiller,mini chiller e
mini cooler electricity consumption,mini chiller,mini chiller e
mini cooler esky,mini chiller,mini chiller e
mini cooler exhaust fan,mini chiller,mini chiller e
mini cooler exhaust motor,mini chiller,mini chiller e
mini cooler electric fan,mini chiller,mini chiller e
mini cooler eppendorf,mini chiller,mini chiller e
mini cooler instant delivery,mini chiller,mini chiller i
mini cooler indiamart,mini chiller,mini chiller i
mini cooler igloo,mini chiller,mini chiller i
mini cooler instamart,mini chiller,mini chiller i
mini cooler india,mini chiller,mini chiller i
mini cooler ice,mini chiller,mini chiller i
mini cooler in meesho,mini chiller,mini chiller i
mini cooler iron body,mini chiller,mini chiller i
mini cooler image,mini chiller,mini chiller i
mini cooler in flipkart,mini chiller,mini chiller i
mini chiller gea,mini chiller,mini chiller g
mini chiller glass door,mini chiller,mini chiller g
mini chiller gree,mini chiller,mini chiller g
mini chiller glass,mini chiller,mini chiller g
mini glycol chiller,mini chiller,mini chiller g
mini cooler gaming,mini chiller,mini chiller g
mini cooler grass,mini chiller,mini chiller g
mini cooler gift ideas,mini chiller,mini chiller g
mini cooler good quality,mini chiller,mini chiller g
mini cooler green,mini chiller,mini chiller g
mini chiller hisense,mini chiller,mini chiller h
huber minichiller,mini chiller,mini chiller h
mini chiller hvac,mini chiller,mini chiller h
mini chiller haier,mini chiller,mini chiller h
mini chiller heat pump,mini chiller,mini chiller h
mini chiller hotel,mini chiller,mini chiller h
chiller mini hailea hb 60a,mini chiller,mini chiller h
mini cooler havells,mini chiller,mini chiller h
mini cooler hand fan,mini chiller,mini chiller h
mini cooler hsn code,mini chiller,mini chiller h
mini keg chiller,mini chiller,mini chiller k
mini keg chiller uk,mini chiller,mini chiller k
mini cooler kaise banaen,mini chiller,mini chiller k
mini cooler ka price,mini chiller,mini chiller k
mini cooler kitne ka aata hai,mini chiller,mini chiller k
mini cooler kit,mini chiller,mini chiller k
mini cooler kitchen,mini chiller,mini chiller k
mini cooler kmart,mini chiller,mini chiller k
mini cooler ki motor,mini chiller,mini chiller k
mini cooler koozie,mini chiller,mini chiller k
mini cooler jug,mini chiller,mini chiller j
mini cooler jiomart,mini chiller,mini chiller j
mini cooler jug cup,mini chiller,mini chiller j
mini cooler jumbo,mini chiller,mini chiller j
mini cooler jali,mini chiller,mini chiller j
mini cooler jcb,mini chiller,mini chiller j
mini cooler julienne,mini chiller,mini chiller j
mini cooler julienne stanley,mini chiller,mini chiller j
mini cooler jodhpur,mini chiller,mini chiller j
mini cooler jaipur,mini chiller,mini chiller j
mini chiller lg,mini chiller,mini chiller l
mini chiller laboratory,mini chiller,mini chiller l
mini chiller lumi,mini chiller,mini chiller l
mini liquid chiller,mini chiller,mini chiller l
mini cooler lunch box,mini chiller,mini chiller l
mini cooler lowes,mini chiller,mini chiller l
mini cooler lunch bag,mini chiller,mini chiller l
mini cooler low price,mini chiller,mini chiller l
mini cooler lowest price,mini chiller,mini chiller l
mini cooler lohe ka,mini chiller,mini chiller l
mini chiller malaysia,mini chiller,mini chiller m
mini chiller midea,mini chiller,mini chiller m
mini cooler motor,mini chiller,mini chiller m
mini cooler motor price,mini chiller,mini chiller m
mini cooler meesho,mini chiller,mini chiller m
mini cooler motor price copper,mini chiller,mini chiller m
mini cooler motor high speed,mini chiller,mini chiller m
mini cooler metal body,mini chiller,mini chiller m
mini cooler machine,mini chiller,mini chiller m
mini chiller nz,mini chiller,mini chiller n
mini chiller near me,mini chiller,mini chiller n
mini cooler near me,mini chiller,mini chiller n
mini cooler nearby,mini chiller,mini chiller n
mini cooler near me shop,mini chiller,mini chiller n
mini cooler nz,mini chiller,mini chiller n
mini cooler new model,mini chiller,mini chiller n
mini cooler naaptol,mini chiller,mini chiller n
mini cooler no water,mini chiller,mini chiller n
mini cooler new,mini chiller,mini chiller n
mini chiller olx,mini chiller,mini chiller o
mini chiller outdoor,mini chiller,mini chiller o
mini oil chiller,mini chiller,mini chiller o
mini cooler online,mini chiller,mini chiller o
mini cooler on wheels,mini chiller,mini chiller o
mini cooler on rent,mini chiller,mini chiller o
mini cooler on meesho,mini chiller,mini chiller o
mini cooler on flipkart,mini chiller,mini chiller o
mini cooler on blinkit,mini chiller,mini chiller o
mini cooler on amazon,mini chiller,mini chiller o
mini chiller second hand,mini chiller,mini chiller s
mini chiller size,mini chiller,mini chiller s
mini chiller showcase,mini chiller,mini chiller s
mini split chiller,mini chiller,mini chiller s
mini cooler stanley,mini chiller,mini chiller s
mini cooler shop near me,mini chiller,mini chiller s
mini cooler symphony,mini chiller,mini chiller s
mini cooler stand,mini chiller,mini chiller s
mini cooler steel body,mini chiller,mini chiller s
mini chiller refrigerator,mini chiller,mini chiller r
mini chiller rittal,mini chiller,mini chiller r
mini chiller refrigerator price,mini chiller,mini chiller r
mini chiller ref,mini chiller,mini chiller r
mini room chiller price in pakistan,mini chiller,mini chiller r
mini recirculating chiller,mini chiller,mini chiller r
mini remote chiller,mini chiller,mini chiller r
mini reef chiller,mini chiller,mini chiller r
mini cooler rechargeable,mini chiller,mini chiller r
mini chiller price in pakistan,mini chiller,mini chiller p
mini chiller price in bangladesh,mini chiller,mini chiller p
mini chiller philippines,mini chiller,mini chiller p
mini chiller portable,mini chiller,mini chiller p
mini chiller price philippines,mini chiller,mini chiller p
mini pool chiller,mini chiller,mini chiller p
mini cooler price,mini chiller,mini chiller p
mini cooler price in pakistan,mini chiller,mini chiller p
mini chiller qatar,mini chiller,mini chiller q
mini cooler quick delivery,mini chiller,mini chiller q
mini cooler qatar,mini chiller,mini chiller q
small chiller qatar,mini chiller,mini chiller q
quantor mini chiller,mini chiller,mini chiller q
mini chiller unit,mini chiller,mini chiller u
mini upright chiller,mini chiller,mini chiller u
mini ultra chiller,mini chiller,mini chiller u
mini ultra chiller lumi,mini chiller,mini chiller u
mini undercounter chiller,mini chiller,mini chiller u
mini cooler under 500,mini chiller,mini chiller u
mini cooler under 300,mini chiller,mini chiller u
mini cooler under 1000,mini chiller,mini chiller u
mini cooler under 2000,mini chiller,mini chiller u
mini cooler under 200,mini chiller,mini chiller u
mini chiller trinidad,mini chiller,mini chiller t
mini tank chiller,mini chiller,mini chiller t
mini transparent chiller,mini chiller,mini chiller t
mini cooler target,mini chiller,mini chiller t
mini cooler travel,mini chiller,mini chiller t
mini cooler tower,mini chiller,mini chiller t
trader joe's mini cooler,mini chiller,mini chiller t
mini cooler toy,mini chiller,mini chiller t
mini cooler table,mini chiller,mini chiller t
mini cooler teacher gift,mini chiller,mini chiller t
mini chiller van,mini chiller,mini chiller v
mini vegetable chiller,mini chiller,mini chiller v
mini cooler video,mini chiller,mini chiller v
mini cooler voltas,mini chiller,mini chiller v
small chiller van,mini chiller,mini chiller v
small chiller van for sale,mini chiller,mini chiller v
mini cooler vijay sales,mini chiller,mini chiller v
mini cooler vintage,mini chiller,mini chiller v
mini cooler vertical,mini chiller,mini chiller v
mini cooler v guard,mini chiller,mini chiller v
mini chiller water,mini chiller,mini chiller w
mini chiller with glass door,mini chiller,mini chiller w
mini chiller water cooled,mini chiller,mini chiller w
mini chiller wine,mini chiller,mini chiller w
mini water chiller price,mini chiller,mini chiller w
mini water chiller machine,mini chiller,mini chiller w
mini wine chiller size,mini chiller,mini chiller w
mini water chiller 12v,mini chiller,mini chiller w
mini water chiller system,mini chiller,mini chiller w
mini water chiller for home,mini chiller,mini chiller w
mini cooler xbox,mini chiller,mini chiller x
mini cooler xiaomi,mini chiller,mini chiller x
mini cooler xl,mini chiller,mini chiller x
mini chiller york,mini chiller,mini chiller y
mini cooler yeti,mini chiller,mini chiller y
mini cooler youtube,mini chiller,mini chiller y
mini cooler yellow,mini chiller,mini chiller y
mini cooler y223,mini chiller,mini chiller y
mini cooler ya ac,mini chiller,mini chiller y
mini yeti cooler toy,mini chiller,mini chiller y
mini yeti cooler 3d print,mini chiller,mini chiller y
mini yeti cooler bag,mini chiller,mini chiller y
mini yeti cooler keychain,mini chiller,mini chiller y
best mini chiller,mini chiller,best mini chiller
best small chiller price philippines,mini chiller,best mini chiller
best mini cooler,mini chiller,best mini chiller
best mini cooler for room,mini chiller,best mini chiller
best mini cooler for kitchen,mini chiller,best mini chiller
best mini cooler bag,mini chiller,best mini chiller
best mini cooler for home,mini chiller,best mini chiller
best mini cooler for ice retention,mini chiller,best mini chiller
best mini cooler fan,mini chiller,best mini chiller
best mini cooler for car,mini chiller,best mini chiller
how to mini cooler,mini chiller,how to mini chiller
what is mini chiller,mini chiller,what is mini chiller
what is mini cooler,mini chiller,what is mini chiller
what is a chiller in a mini fridge,mini chiller,what is mini chiller
mini zimmer chiller,mini chiller,mini chiller z
mini cooler zepto,mini chiller,mini chiller z
mini zamzam cooler,mini chiller,mini chiller z
mini zamboni cooler,mini chiller,mini chiller z
mini zip cooler,mini chiller,mini chiller z
mini zimmer cooler,mini chiller,mini chiller z
mini zamzam cooler price,mini chiller,mini chiller z
what is the purpose of a chiller,mini chiller,why mini chiller
cheap mini cooler,mini chiller,cheap mini chiller
cheapest mini fridge,mini chiller,cheap mini chiller
buy mini cooler,mini chiller,buy mini chiller
top mini cooler,mini chiller,top mini chiller
counter top mini chiller,mini chiller,top mini chiller
table top mini chiller,mini chiller,top mini chiller
which mini cooler is best,mini chiller,which mini chiller
mini can cooler,mini chiller,can mini chiller
can mini cooler,mini chiller,can mini chiller
small can chiller,mini chiller,can mini chiller
mini can cooler bag,mini chiller,can mini chiller
mini can cooler 3d print,mini chiller,can mini chiller
can cooler mini fridge,mini chiller,can mini chiller
mini can cooler fridge using peltier,mini chiller,can mini chiller
mini can cooler koozie,mini chiller,can mini chiller
mini can cooler stl,mini chiller,can mini chiller
mini can cooler cup,mini chiller,can mini chiller
mini air cooler in coimbatore,mini chiller,mini chiller in coimbatore
mini cooler in bangalore,mini chiller,mini chiller in bangalore
mini cooler price in bangalore,mini chiller,mini chiller in bangalore
mini air cooler in chennai,mini chiller,mini chiller in chennai
mini cooler in pune,mini chiller,mini chiller in pune
mini cooler price in pune,mini chiller,mini chiller in pune
mini cold room price,mini chiller,mini chiller in pune
mini cooler in hyderabad,mini chiller,mini chiller in hyderabad
mini cooler price in hyderabad,mini chiller,mini chiller in hyderabad
mini air cooler in hyderabad,mini chiller,mini chiller in hyderabad
mini cooler in ahmedabad,mini chiller,mini chiller in ahmedabad
mini cooler price in ahmedabad,mini chiller,mini chiller in ahmedabad
mini cooler price in mumbai,mini chiller,mini chiller in mumbai
mini cooler mumbai,mini chiller,mini chiller in mumbai
mini cooler in delhi,mini chiller,mini chiller in delhi
mini cooler price in delhi,mini chiller,mini chiller in delhi
small chiller near me,mini chiller,mini chiller near me
mini air cooler near me,mini chiller,mini chiller near me
mini ac cooler near me,mini chiller,mini chiller near me
mini cooler fan near me,mini chiller,mini chiller near me
mini cooler bag near me,mini chiller,mini chiller near me
stanley mini cooler near me,mini chiller,mini chiller near me
mini portable cooler near me,mini chiller,mini chiller near me
mini chiller price in nepal,mini chiller,mini chiller price
mini chiller price in nigeria,mini chiller,mini chiller price
mini freezer price,mini chiller,mini chiller price
mini freezer price under 5000,mini chiller,mini chiller price
mini freezer price in pakistan,mini chiller,mini chiller price
mini chiller cost,mini chiller,mini chiller cost
mini cooler cost,mini chiller,mini chiller cost
mini cooler costco,mini chiller,mini chiller cost
small chiller cost,mini chiller,mini chiller cost
mini chiller price in sri lanka,mini chiller,mini chiller cost
mini cooler plastic,mini chiller,mini chiller for plastic
mini cooler plastic body,mini chiller,mini chiller for plastic
mini cooler plastic body price,mini chiller,mini chiller for plastic
mini cooler plastic wala,mini chiller,mini chiller for plastic
mini cooler plastic ka,mini chiller,mini chiller for plastic
mini cooler plastic price,mini chiller,mini chiller for plastic
mini cooler plastico,mini chiller,mini chiller for plastic
how does a milk chiller work,mini chiller,mini chiller for dairy
small chiller manufacturers,mini chiller,mini chiller manufacturers
mini chiller supplier,mini chiller,mini chiller manufacturers
major chiller manufacturers,mini chiller,mini chiller manufacturers
mini cooler suppliers,mini chiller,mini chiller supplier
mini cooler dealers near me,mini chiller,mini chiller dealers
mini cooler service,mini chiller,mini chiller service
what is a mini service,mini chiller,mini chiller service
mini cooler repair,mini chiller,mini chiller repair
mini cooler repair near me,mini chiller,mini chiller repair
small chiller repair near me,mini chiller,mini chiller repair
mini chiller 1 ton,mini chiller,mini chiller 1 ton
mini chiller 5 toneladas,mini chiller,mini chiller 5 ton
mini chiller 3 toneladas,mini chiller,mini chiller 3 ton
what are the three basic types of chillers,mini chiller,mini chiller 3 ton
mini chiller 10 toneladas,mini chiller,mini chiller 10 ton
chiller manufacturers australia,chiller manufacturers,chiller manufacturers a
chiller manufacturer ahmedabad,chiller manufacturers,chiller manufacturers a
chiller manufacturers in aurangabad,chiller manufacturers,chiller manufacturers a
chiller manufacturers in south africa,chiller manufacturers,chiller manufacturers a
chiller manufacturers in saudi arabia,chiller manufacturers,chiller manufacturers a
absorption chiller manufacturers,chiller manufacturers,chiller manufacturers a
ammonia chiller manufacturers,chiller manufacturers,chiller manufacturers a
adsorption chiller manufacturers,chiller manufacturers,chiller manufacturers a
chiller manufacturer in bangladesh,chiller manufacturers,chiller manufacturers b
chiller manufacturers in west bengal,chiller manufacturers,chiller manufacturers b
brine chiller manufacturers in india,chiller manufacturers,chiller manufacturers b
best chiller manufacturers,chiller manufacturers,chiller manufacturers b
brine chiller manufacturers,chiller manufacturers,chiller manufacturers b
blast chiller manufacturers,chiller manufacturers,chiller manufacturers b
chiller manufacturers china,chiller manufacturers,chiller manufacturers c
chiller manufacturing company,chiller manufacturers,chiller manufacturers c
chiller manufacturing company in india,chiller manufacturers,chiller manufacturers c
chiller manufacturing company name,chiller manufacturers,chiller manufacturers c
chiller compressor manufacturers,chiller manufacturers,chiller manufacturers c
chiller manufacturers in canada,chiller manufacturers,chiller manufacturers c
chiller manufacturers in chandigarh,chiller manufacturers,chiller manufacturers c
chiller companies dubai,chiller manufacturers,chiller manufacturers d
chiller manufacturers in delhi,chiller manufacturers,chiller manufacturers d
chiller manufacturers in dubai,chiller manufacturers,chiller manufacturers d
carrier chiller manufacture date,chiller manufacturers,chiller manufacturers d
trane chiller manufacture date,chiller manufacturers,chiller manufacturers d
york chiller manufacture date,chiller manufacturers,chiller manufacturers d
door chiller manufacturers,chiller manufacturers,chiller manufacturers d
chiller manufacturers in europe,chiller manufacturers,chiller manufacturers e
european chiller manufacturers,chiller manufacturers,chiller manufacturers e
chiller manufacturers in uae,chiller manufacturers,chiller manufacturers e
chiller manufacturers in usa,chiller manufacturers,chiller manufacturers e
chiller manufacturers in faridabad,chiller manufacturers,chiller manufacturers i
chiller manufacturers in gujarat,chiller manufacturers,chiller manufacturers i
chiller manufacturers in ghaziabad,chiller manufacturers,chiller manufacturers g
chiller manufacturers in gurgaon,chiller manufacturers,chiller manufacturers g
chiller manufacturers in goa,chiller manufacturers,chiller manufacturers g
chiller manufacturers in germany,chiller manufacturers,chiller manufacturers g
glycol chiller manufacturers,chiller manufacturers,chiller manufacturers g
glycol chiller manufacturers in india,chiller manufacturers,chiller manufacturers g
global chiller manufacturers,chiller manufacturers,chiller manufacturers g
chiller freezer supplier,chiller manufacturers,chiller manufacturers f
french chiller manufacturers,chiller manufacturers,chiller manufacturers f
chiller supplier johor,chiller manufacturers,chiller manufacturers j
chiller manufacturers in jaipur,chiller manufacturers,chiller manufacturers j
japanese chiller manufacturers,chiller manufacturers,chiller manufacturers j
chiller manufacturers list,chiller manufacturers,chiller manufacturers h
chiller manufacturers in hosur,chiller manufacturers,chiller manufacturers h
chiller hvac companies,chiller manufacturers,chiller manufacturers h
hvac chiller manufacturers,chiller manufacturers,chiller manufacturers h
hvac chiller manufacturers in india,chiller manufacturers,chiller manufacturers h
chiller supplier kuching,chiller manufacturers,chiller manufacturers k
chiller supplier kota kinabalu,chiller manufacturers,chiller manufacturers k
chiller manufacturers in kolkata,chiller manufacturers,chiller manufacturers k
chiller manufacturers in karnataka,chiller manufacturers,chiller manufacturers k
chiller manufacturers in kanpur,chiller manufacturers,chiller manufacturers k
chiller manufacturers in kerala,chiller manufacturers,chiller manufacturers k
chiller manufacturers in kolhapur,chiller manufacturers,chiller manufacturers k
chiller manufacturers in ludhiana,chiller manufacturers,chiller manufacturers l
chiller manufacturer in lahore,chiller manufacturers,chiller manufacturers l
trane chiller manufacturing locations,chiller manufacturers,chiller manufacturers l
largest chiller manufacturers,chiller manufacturers,chiller manufacturers l
laboratory chiller manufacturers in india,chiller manufacturers,chiller manufacturers l
large chiller manufacturers,chiller manufacturers,chiller manufacturers l
laboratory chiller manufacturers in pune,chiller manufacturers,chiller manufacturers l
laboratory chiller manufacturers,chiller manufacturers,chiller manufacturers l
laser chiller manufacturers in pune,chiller manufacturers,chiller manufacturers l
chiller manufacturers in maharashtra,chiller manufacturers,chiller manufacturers m
chiller manufacturers in malaysia,chiller manufacturers,chiller manufacturers m
chiller manufacturers in michigan,chiller manufacturers,chiller manufacturers m
chiller companies near me,chiller manufacturers,chiller manufacturers n
oil chiller manufacturers,chiller manufacturers,chiller manufacturers o
oil chiller manufacturers in pune,chiller manufacturers,chiller manufacturers o
open chiller manufacturers,chiller manufacturers,chiller manufacturers o
oil chiller manufacturers in india,chiller manufacturers,chiller manufacturers o
oil chiller manufacturers in chennai,chiller manufacturers,chiller manufacturers o
oil chiller manufacturers in ahmedabad,chiller manufacturers,chiller manufacturers o
oil chiller manufacturers in maharashtra,chiller manufacturers,chiller manufacturers o
oil chiller manufacturers near me,chiller manufacturers,chiller manufacturers o
chiller room manufacturers in uae,chiller manufacturers,chiller manufacturers r
chiller room manufacturers in dubai,chiller manufacturers,chiller manufacturers r
chiller room manufacturer,chiller manufacturers,chiller manufacturers r
chiller manufacturers in rajkot,chiller manufacturers,chiller manufacturers r
chiller manufacturers in rajasthan,chiller manufacturers,chiller manufacturers r
chiller rental companies,chiller manufacturers,chiller manufacturers r
chiller repair companies,chiller manufacturers,chiller manufacturers r
chiller refrigerator supplier,chiller manufacturers,chiller manufacturers r
chiller room supplier,chiller manufacturers,chiller manufacturers r
chiller system manufacturers,chiller manufacturers,chiller manufacturers s
chiller supplier singapore,chiller manufacturers,chiller manufacturers s
chiller manufacturers in surat,chiller manufacturers,chiller manufacturers s
chiller manufacturers in sharjah,chiller manufacturers,chiller manufacturers s
chiller manufacturers in south india,chiller manufacturers,chiller manufacturers s
chiller service companies,chiller manufacturers,chiller manufacturers s
chiller service companies near me,chiller manufacturers,chiller manufacturers s
canadian chiller manufacturers,chiller manufacturers,chiller manufacturers q
chiller manufacturing process,chiller manufacturers,chiller manufacturers p
chiller manufacturing plant,chiller manufacturers,chiller manufacturers p
chiller maker price,chiller manufacturers,chiller manufacturers p
chiller supplier penang,chiller manufacturers,chiller manufacturers p
chiller plant manufacturer in india,chiller manufacturers,chiller manufacturers p
chiller plant manufacturer near me,chiller manufacturers,chiller manufacturers p
chiller manufacturers uk,chiller manufacturers,chiller manufacturers u
chiller manufacturers usa,chiller manufacturers,chiller manufacturers u
chiller unit manufacturers in india,chiller manufacturers,chiller manufacturers u
chiller unit manufacturers,chiller manufacturers,chiller manufacturers u
chiller suppliers uk,chiller manufacturers,chiller manufacturers u
chiller supplier uae,chiller manufacturers,chiller manufacturers u
chiller unit supplier,chiller manufacturers,chiller manufacturers u
chiller tank manufacturer,chiller manufacturers,chiller manufacturers t
chiller manufacturers in tamilnadu,chiller manufacturers,chiller manufacturers t
chiller manufacturers in thane,chiller manufacturers,chiller manufacturers t
chiller manufacturers in turkey,chiller manufacturers,chiller manufacturers t
chiller manufacturer in thailand,chiller manufacturers,chiller manufacturers t
top chiller manufacturers,chiller manufacturers,chiller manufacturers t
turbocor chiller manufacturers,chiller manufacturers,chiller manufacturers t
chiller manufacturing video,chiller manufacturers,chiller manufacturers v
chiller manufacturers in vadodara,chiller manufacturers,chiller manufacturers v
chiller manufacturers in vapi,chiller manufacturers,chiller manufacturers v
chiller manufacturers in vasai,chiller manufacturers,chiller manufacturers v
chiller manufacturers in vatva,chiller manufacturers,chiller manufacturers v
top 5 chiller manufacturers,chiller manufacturers,chiller manufacturers v
top chiller manufacturers in china,chiller manufacturers,best chiller manufacturers
best chiller companies,chiller manufacturers,best chiller manufacturers
best chiller supplier,chiller manufacturers,best chiller manufacturers
best chiller room manufacturers in uae,chiller manufacturers,best chiller manufacturers
best flower chiller manufacturers in uae,chiller manufacturers,best chiller manufacturers
top chiller companies in india,chiller manufacturers,top chiller manufacturers
top chiller companies in dubai,chiller manufacturers,top chiller manufacturers
top 10 chiller manufacturers in india,chiller manufacturers,top chiller manufacturers
milk chiller manufacturers in pune,chiller manufacturers,chiller manufacturers in pune
chiller controller price,chiller manufacturers,chiller manufacturers price
chiller maintenance companies,chiller manufacturers,chiller manufacturers service
chiller price condura,chiller price,chiller price c
chiller compressor price,chiller price,chiller price c
chiller condenser price,chiller price,chiller price c
chiller carton price,chiller price,chiller price c
chiller coin price,chiller price,chiller price c
chiller compressor price in nigeria,chiller price,chiller price c
chiller counter price,chiller price,chiller price c
chiller cake price,chiller price,chiller price c
chiller carrier price,chiller price,chiller price c
chiller price ac,chiller price,chiller price a
chiller ac price in pakistan,chiller price,chiller price a
chiller ac price in pakistan 1 ton,chiller price,chiller price a
chiller ac price in pakistan 4 ton,chiller price,chiller price a
chiller ac price in pakistan 1.5 ton,chiller price,chiller price a
chiller ac price in karachi,chiller price,chiller price a
chiller ac price in pakistan haier,chiller price,chiller price a
chiller ac price in uae,chiller price,chiller price a
chiller ac price in india,chiller price,chiller price a
chiller ac price in pakistan 2026,chiller price,chiller price a
chiller price bd,chiller price,chiller price b
chiller bee price per ounce,chiller price,chiller price b
chiller beer price,chiller price,chiller price b
chiller bottle price,chiller price,chiller price b
chiller bee price,chiller price,chiller price b
chiller bag price,chiller price,chiller price b
chiller berjaya price,chiller price,chiller price b
chiller price in bahrain,chiller price,chiller price b
chillers punch price boxer liquor,chiller price,chiller price b
chiller price dubai,chiller price,chiller price d
chiller display price,chiller price,chiller price d
chiller daikin price,chiller price,chiller price d
chiller door price,chiller price,chiller price d
freezer price d,chiller price,chiller price d
chillers drink price,chiller price,chiller price d
coffee chiller price dunkin,chiller price,chiller price d
chiller depreciation rate,chiller price,chiller price d
chiller evaporator price,chiller price,chiller price e
chiller easton prices,chiller price,chiller price e
chiller price in egypt,chiller price,chiller price e
chillers punch price each,chiller price,chiller price e
chiller heat exchanger price,chiller price,chiller price e
eurotek chiller price,chiller price,chiller price e
everest chiller price,chiller price,chiller price e
eureka chiller price,chiller price,chiller price e
chiller for rotary evaporator price,chiller price,chiller price e
elanpro chiller price,chiller price,chiller price e
chiller price fujidenzo,chiller price,chiller price f
chiller price for room,chiller price,chiller price f
chiller price for home,chiller price,chiller price f
chiller fridge price in nigeria,chiller price,chiller price f
chiller fridge price in pakistan,chiller price,chiller price f
chiller fridge price in nepal,chiller price,chiller price f
chiller fan price,chiller price,chiller price f
chiller fridge price in bangladesh,chiller price,chiller price f
chiller fan price in pakistan,chiller price,chiller price f
chiller gas price,chiller price,chiller price g
chiller gree price in pakistan,chiller price,chiller price g
chiller glycol price,chiller price,chiller price g
chiller gasket price,chiller price,chiller price g
chiller price in ghana,chiller price,chiller price g
chiller ac price gree,chiller price,chiller price g
chiller gst rate,chiller price,chiller price g
chiller ac gree price in pakistan,chiller price,chiller price g
thrill chiller glass price,chiller price,chiller price g
water chiller gas price,chiller price,chiller price g
chiller price haier,chiller price,chiller price h
chiller haier price in pakistan,chiller price,chiller price h
chiller hookah price,chiller price,chiller price h
chiller hvac price,chiller price,chiller price h
chillers hotel price list,chiller price,chiller price h
chiller hire prices,chiller price,chiller price h
chillers hotel price,chiller price,chiller price h
chiller ac price haier,chiller price,chiller price h
chiller ac haier price in pakistan,chiller price,chiller price h
chiller price in sri lanka,chiller price,chiller price i
chiller price in pakistan 2026,chiller price,chiller price i
chiller price in uae,chiller price,chiller price i
chiller price in philippines,chiller price,chiller price i
chiller price in qatar,chiller price,chiller price i
chiller price jumia,chiller price,chiller price j
chiller price jiji,chiller price,chiller price j
chiller jacket price,chiller price,chiller price j
chiller jacket price in india,chiller price,chiller price j
chillers jos price list,chiller price,chiller price j
chillers jos prices,chiller price,chiller price j
youth chiller jacket price,chiller price,chiller price j
men's chiller jacket price,chiller price,chiller price j
sewa chiller jakarta price,chiller price,chiller price j
julabo chiller price,chiller price,chiller price j
chiller low price,chiller price,chiller price l
chiller lowest price,chiller price,chiller price l
chiller lg price,chiller price,chiller price l
cooler price l,chiller price,chiller price l
chillers lager price,chiller price,chiller price l
chillers lager price pick n pay,chiller price,chiller price l
fujidenzo chiller price list,chiller price,chiller price l
trane chiller price list,chiller price,chiller price l
carrier chiller price list,chiller price,chiller price l
chiller price ksa,chiller price,chiller price k
chiller price karachi,chiller price,chiller price k
chiller knife price,chiller price,chiller price k
chiller ka price,chiller price,chiller price k
chiller price in kenya,chiller price,chiller price k
chiller price in kerala,chiller price,chiller price k
chiller ac price karachi,chiller price,chiller price k
chiller price in kuwait,chiller price,chiller price k
cooler k price,chiller price,chiller price k
chiller ac ki price,chiller price,chiller price k
chiller price malaysia,chiller price,chiller price m
chiller milk price in pakistan,chiller price,chiller price m
chiller motor price,chiller price,chiller price m
chiller midea price,chiller price,chiller price m
chiller motherboard price,chiller price,chiller price m
chiller price oman,chiller price,chiller price o
chiller price on jiji,chiller price,chiller price o
chiller price olx,chiller price,chiller price o
chiller price on jumia,chiller price,chiller price o
chiller oil price,chiller price,chiller price o
chillers punch price one can,chiller price,chiller price o
chillers punch price overland,chiller price,chiller price o
chillers punch price for one,chiller price,chiller price o
chiller price in pakistan olx,chiller price,chiller price o
chiller compressor oil price,chiller price,chiller price o
chiller price pakistan,chiller price,chiller price p
chiller plant price,chiller price,chiller price p
chiller punch price,chiller price,chiller price p
chiller plant price in india,chiller price,chiller price p
chiller phe price,chiller price,chiller price p
chiller philippines price list,chiller price,chiller price p
chiller panel price nz,chiller price,chiller price p
chiller pump price,chiller price,chiller price p
display chiller price in qatar,chiller price,chiller price q
blast chiller price in qatar,chiller price,chiller price q
water tank chiller qatar price,chiller price,chiller price q
water chiller price in qatar,chiller price,chiller price q
small chiller price in qatar,chiller price,chiller price q
open chiller price in qatar,chiller price,chiller price q
chiller price recipe,chiller price,chiller price r
chiller refrigerator price,chiller price,chiller price r
chiller refrigerator price philippines,chiller price,chiller price r
chiller refrigerator price in pakistan,chiller price,chiller price r
chiller ref price,chiller price,chiller price r
chiller relay price,chiller price,chiller price r
chiller refrigerator price in nigeria,chiller price,chiller price r
chiller refrigerator price in bangladesh,chiller price,chiller price r
chiller rental price,chiller price,chiller price r
chiller price small,chiller price,chiller price s
chiller price sri lanka,chiller price,chiller price s
chiller sensor price,chiller price,chiller price s
chiller system price,chiller price,chiller price s
chiller speaker price,chiller price,chiller price s
chiller share price,chiller price,chiller price s
chiller service price,chiller price,chiller price s
chiller system price in pakistan,chiller price,chiller price s
chiller showcase price,chiller price,chiller price s
chiller showcase price in nepal,chiller price,chiller price s
chiller price tag,chiller price,chiller price t
chiller price today,chiller price,chiller price t
chiller tank price,chiller price,chiller price t
chiller thermostat price,chiller price,chiller price t
chiller truck price,chiller price,chiller price t
chiller temperature price,chiller price,chiller price t
chiller tray price,chiller price,chiller price t
chiller tokunbo price in nigeria,chiller price,chiller price t
chiller trane price,chiller price,chiller price t
chiller transducer price,chiller price,chiller price t
chiller van price in dubai,chiller price,chiller price v
chiller van price in pakistan,chiller price,chiller price v
chiller van price,chiller price,chiller price v
chiller van price in uae,chiller price,chiller price v
chiller van price in india,chiller price,chiller price v
chiller vegetable price,chiller price,chiller price v
chiller van price in nepal,chiller price,chiller price v
cooler price v guard,chiller price,chiller price v
victory chiller van price in uae,chiller price,chiller price v
chiller expansion valve price,chiller price,chiller price v
chiller price uae,chiller price,chiller price u
chiller unit price in india,chiller price,chiller price u
chiller unit price in pakistan,chiller price,chiller price u
chiller price in uk,chiller price,chiller price u
chillers punch price ultra liquor,chiller price,chiller price u
chiller ac unit price,chiller price,chiller price u
small chiller unit price,chiller price,chiller price u
chiller water price,chiller price,chiller price w
western chiller price,chiller price,chiller price w
wine chiller price,chiller price,chiller price w
wine chiller price philippines,chiller price,chiller price w
walton chiller price in bangladesh,chiller price,chiller price w
xtreme chiller price,chiller price,chiller price x
chiller york price,chiller price,chiller price y
yasuda chiller price in nepal,chiller price,chiller price y
york chiller price list,chiller price,chiller price y
chiller bee frozen yogurt price,chiller price,chiller price y
york chiller price in india,chiller price,chiller price y
zimmer chiller price,chiller price,chiller price z
best cooler price,chiller price,best chiller price
best cooler price in nepal,chiller price,best chiller price
best cooler price in india,chiller price,best chiller price
best freezer price,chiller price,best chiller price
best cooler price in pakistan,chiller price,best chiller price
best cooler price under 10000,chiller price,best chiller price
best freezer price in pakistan,chiller price,best chiller price
best cooler price under 5000,chiller price,best chiller price
best freezer prices near me,chiller price,best chiller price
best cooler price list,chiller price,best chiller price
cheap freezer price,chiller price,cheap chiller price
what is freezer price,chiller price,what is chiller price
what is price of chiller,chiller price,what is chiller price
what is the price of chiller in pakistan,chiller price,what is chiller price
what is the price of chiller ac in pakistan,chiller price,what is chiller price
what is the price of chiller ac,chiller price,what is chiller price
how to cooler price,chiller price,how to chiller price
how to price freezer beef,chiller price,how to chiller price
how much chiller price,chiller price,how to chiller price
top cooler price,chiller price,top chiller price
top freezer price,chiller price,top chiller price
table top chiller price,chiller price,top chiller price
table top chiller price in bangladesh,chiller price,top chiller price
counter top chiller price,chiller price,top chiller price
table top chiller price in nepal,chiller price,top chiller price
table top chiller price philippines,chiller price,top chiller price
berjaya table top chiller price,chiller price,top chiller price
cooler which price,chiller price,which chiller price
3 door chiller price,chiller price,which chiller price
cooler price in coimbatore,chiller price,chiller price in coimbatore
freezer price in coimbatore,chiller price,chiller price in coimbatore
air cooler price in coimbatore,chiller price,chiller price in coimbatore
air cooler price in coimbatore vasanth co,chiller price,chiller price in coimbatore
freezer box price in coimbatore,chiller price,chiller price in coimbatore
cooler price in chennai,chiller price,chiller price in chennai
freezer price in chennai,chiller price,chiller price in chennai
air cooler price in chennai,chiller price,chiller price in chennai
deep freezer price in chennai,chiller price,chiller price in chennai
freezer box price in chennai,chiller price,chiller price in chennai
air cooler price in chennai saravana stores,chiller price,chiller price in chennai
air cooler price in chennai vasanth & co,chiller price,chiller price in chennai
air cooler price in chennai sathya,chiller price,chiller price in chennai
visi cooler price in chennai,chiller price,chiller price in chennai
cooler price in bangalore,chiller price,chiller price in bangalore
freezer price in bangalore,chiller price,chiller price in bangalore
air cooler price in bangalore,chiller price,chiller price in bangalore
deep freezer price in bangalore,chiller price,chiller price in bangalore
cooler ac price in bangalore,chiller price,chiller price in bangalore
cooler price in pune,chiller price,chiller price in pune
cooler price in pune under 2000,chiller price,chiller price in pune
freezer price in pune,chiller price,chiller price in pune
air cooler price in pune,chiller price,chiller price in pune
desert cooler price in pune,chiller price,chiller price in pune
symphony cooler price in pune,chiller price,chiller price in pune
bajaj cooler price in pune,chiller price,chiller price in pune
cooler price in hyderabad,chiller price,chiller price in hyderabad
freezer price in hyderabad,chiller price,chiller price in hyderabad
cooler price in hyderabad under 2000,chiller price,chiller price in hyderabad
air cooler price in hyderabad,chiller price,chiller price in hyderabad
deep freezer price in hyderabad,chiller price,chiller price in hyderabad
air cooler price in hyderabad india,chiller price,chiller price in hyderabad
cooler motor price in hyderabad,chiller price,chiller price in hyderabad
kenstar cooler price in hyderabad,chiller price,chiller price in hyderabad
desert cooler price in hyderabad,chiller price,chiller price in hyderabad
cooler price in mumbai,chiller price,chiller price in mumbai
cooler price in mumbai vijay sales,chiller price,chiller price in mumbai
freezer price in mumbai,chiller price,chiller price in mumbai
cooler price in mumbai under 2000,chiller price,chiller price in mumbai
air cooler price in mumbai,chiller price,chiller price in mumbai
deep freezer price in mumbai,chiller price,chiller price in mumbai
cooler price in navi mumbai,chiller price,chiller price in mumbai
small cooler price in mumbai,chiller price,chiller price in mumbai
cooler price in ahmedabad,chiller price,chiller price in ahmedabad
freezer price in ahmedabad,chiller price,chiller price in ahmedabad
air cooler price in ahmedabad,chiller price,chiller price in ahmedabad
tent cooler price in ahmedabad,chiller price,chiller price in ahmedabad
jumbo cooler price in ahmedabad,chiller price,chiller price in ahmedabad
symphony cooler price in ahmedabad,chiller price,chiller price in ahmedabad
cooler price in delhi,chiller price,chiller price in delhi
freezer price in delhi,chiller price,chiller price in delhi
cooler price in delhi market,chiller price,chiller price in delhi
cooler price in delhi under 3000,chiller price,chiller price in delhi
cooler price in delhi online,chiller price,chiller price in delhi
cooler price in delhi under 2000,chiller price,chiller price in delhi
thar cooler price in delhi,chiller price,chiller price in delhi
air cooler price in delhi,chiller price,chiller price in delhi
cooler price near me,chiller price,chiller price near me
freezer price near me,chiller price,chiller price near me
cooler price near meerut uttar pradesh,chiller price,chiller price near me
cooler price near mehsana gujarat,chiller price,chiller price near me
cooler price near me under 2000,chiller price,chiller price near me
cooler price near medininagar jharkhand,chiller price,chiller price near me
chillers punch price near me,chiller price,chiller price near me
cooler motor price near me,chiller price,chiller price near me
cooler body price near me,chiller price,chiller price near me
air cooler price near me,chiller price,chiller price near me
cooler price price,chiller price,chiller price price
freezer price price,chiller price,chiller price price
cooler cost price,chiller price,chiller price cost
freezer cost price,chiller price,chiller price cost
chiller fridge price in india,chiller price,chiller price manufacturers
cooler service price,chiller price,chiller price service
freezer price repair,chiller price,chiller price repair
cooler repair price,chiller price,chiller price repair
chiller repair cost,chiller price,chiller price repair
cooler price 1 ton,chiller price,chiller price 1 ton
ac cooler price 1 ton,chiller price,chiller price 1 ton
air cooler price 1 ton,chiller price,chiller price 1 ton
chiller price in pakistan 1 ton,chiller price,chiller price 1 ton
chiller ac 1 ton price,chiller price,chiller price 1 ton
1 ton chiller price in india,chiller price,chiller price 1 ton
chiller ac 2 ton price in pakistan,chiller price,chiller price 2 ton
chiller ac 2 ton price,chiller price,chiller price 2 ton
air chiller 2 ton price,chiller price,chiller price 2 ton
2 ton chiller price single phase,chiller price,chiller price 2 ton
10 ton chiller price in pakistan,chiller price,chiller price 10 ton
10 ton chiller price in india,chiller price,chiller price 10 ton
150 ton chiller price,chiller price,chiller price 10 ton
3 ton chiller price in pakistan,chiller price,chiller price 3 ton
3 ton chiller price in india,chiller price,chiller price 3 ton
air chiller 3 ton price,chiller price,chiller price 3 ton
chiller plant 5 ton price,chiller price,chiller price 5 ton
5 ton chiller price in pakistan,chiller price,chiller price 5 ton
5 ton chiller price in india,chiller price,chiller price 5 ton
ro chiller 5 ton price,chiller price,chiller price 5 ton
chiller plant meaning,chiller plant,chiller plant
chiller plant and cooling tower,chiller plant,chiller plant
chiller plant temperature,chiller plant,chiller plant
chiller plant room,chiller plant,chiller plant
chiller plant building,chiller plant,chiller plant b
chiller plant basics,chiller plant,chiller plant b
chiller plant basic knowledge,chiller plant,chiller plant b
chiller plant bms graphics,chiller plant,chiller plant b
chiller plant bms,chiller plant,chiller plant b
chiller plant blue star,chiller plant,chiller plant b
chiller plant block diagram,chiller plant,chiller plant b
chiller plant book,chiller plant,chiller plant b
chiller plant boq,chiller plant,chiller plant b
chiller plant bypass valve control,chiller plant,chiller plant b
chiller plant compressor,chiller plant,chiller plant c
chiller plant capacity,chiller plant,chiller plant c
chiller plant cycle,chiller plant,chiller plant c
chiller plant cooling tower,chiller plant,chiller plant c
chiller plant cost per ton,chiller plant,chiller plant c
chiller plant components,chiller plant,chiller plant c
chiller plant condenser approach,chiller plant,chiller plant c
chiller plant condenser,chiller plant,chiller plant c
chiller plant control panel,chiller plant,chiller plant c
chiller plant ac,chiller plant,chiller plant a
chiller plant air cooled,chiller plant,chiller plant a
chiller plant approach,chiller plant,chiller plant a
chiller plant animation,chiller plant,chiller plant a
chiller plant adalah,chiller plant,chiller plant a
chiller plant area,chiller plant,chiller plant a
chiller plant ac price,chiller plant,chiller plant a
chiller plant automation,chiller plant,chiller plant a
chiller plant autocad drawing,chiller plant,chiller plant a
chiller plant drawing,chiller plant,chiller plant d
chiller plant design pdf,chiller plant,chiller plant d
chiller plant data center,chiller plant,chiller plant d
chiller plant delta t,chiller plant,chiller plant d
chiller plant details,chiller plant,chiller plant d
chiller plant daikin,chiller plant,chiller plant d
chiller plant dimensions,chiller plant,chiller plant d
chiller plant diagram with explanation,chiller plant,chiller plant d
chiller plant diagram pdf,chiller plant,chiller plant d
chiller plant efficiency formula,chiller plant,chiller plant e
chiller plant equipment,chiller plant,chiller plant e
chiller plant evaporator,chiller plant,chiller plant e
chiller plant efficiency,chiller plant,chiller plant e
chiller plant engineer,chiller plant,chiller plant e
chiller plant explained,chiller plant,chiller plant e
chiller plant efficiency kw rt,chiller plant,chiller plant e
chiller plant expansion tank,chiller plant,chiller plant e
chiller plant expansion valve,chiller plant,chiller plant e
chiller plant efficiency chart,chiller plant,chiller plant e
chiller plant for home,chiller plant,chiller plant f
chiller plant for home price,chiller plant,chiller plant f
chiller plant for batching plant,chiller plant,chiller plant f
chiller plant function,chiller plant,chiller plant f
chiller plant flow diagram,chiller plant,chiller plant f
chiller plant flow chart,chiller plant,chiller plant f
chiller plant for air conditioning system,chiller plant,chiller plant f
chiller plant for concrete batching plant,chiller plant,chiller plant f
chiller plant for injection molding machine,chiller plant,chiller plant f
chiller plant full form,chiller plant,chiller plant f
chiller plant hsn code,chiller plant,chiller plant h
chiller plant hvac,chiller plant,chiller plant h
chiller plant hvac system,chiller plant,chiller plant h
chiller plant hsn code and gst rate,chiller plant,chiller plant h
chiller plant heat exchanger,chiller plant,chiller plant h
chiller plant hindi,chiller plant,chiller plant h
chiller plant header,chiller plant,chiller plant h
chiller plant hospital,chiller plant,chiller plant h
chiller plant height,chiller plant,chiller plant h
chiller plant hs code,chiller plant,chiller plant h
chiller plant gas name,chiller plant,chiller plant g
chiller plant gas,chiller plant,chiller plant g
chiller plant graphics,chiller plant,chiller plant g
chiller plant gas pressure,chiller plant,chiller plant g
chiller plant gas charging,chiller plant,chiller plant g
chilling plant gas,chiller plant,chiller plant g
chiller plant use gas,chiller plant,chiller plant g
chiller plant design guide,chiller plant,chiller plant g
chiller plant 3d graphics,chiller plant,chiller plant g
chiller plant jobs,chiller plant,chiller plant j
chiller plant jobs in india,chiller plant,chiller plant j
chiller plant operator jobs,chiller plant,chiller plant j
chiller plant operator jobs in uae,chiller plant,chiller plant j
chiller plant operator job vacancy,chiller plant,chiller plant j
chiller plant operator jobs in dubai,chiller plant,chiller plant j
chiller plant operator jobs in saudi arabia,chiller plant,chiller plant j
chiller plant operator jobs near me,chiller plant,chiller plant j
chiller plant in hvac,chiller plant,chiller plant i
chiller plant images,chiller plant,chiller plant i
chiller plant in hindi,chiller plant,chiller plant i
chiller plant interview questions,chiller plant,chiller plant i
chiller plant interview questions and answers,chiller plant,chiller plant i
chiller plant in hospital,chiller plant,chiller plant i
chiller plant installation,chiller plant,chiller plant i
chiller plant icon,chiller plant,chiller plant i
chiller plant in data center,chiller plant,chiller plant i
chiller plant in building,chiller plant,chiller plant i
chiller plant management system,chiller plant,chiller plant m
chiller plant manufacturer,chiller plant,chiller plant m
chiller plant milk,chiller plant,chiller plant m
chiller plant manager (cpm),chiller plant,chiller plant m
chiller plant maintenance checklist,chiller plant,chiller plant m
chiller plant manager sequence of operation,chiller plant,chiller plant m
chiller plant maintenance,chiller plant,chiller plant m
chiller plant kya hota hai,chiller plant,chiller plant k
chiller plant kaise kam karta hai,chiller plant,chiller plant k
chiller plant ka diagram,chiller plant,chiller plant k
chiller plant ki safety,chiller plant,chiller plant k
chiller plant ki safety kya hai,chiller plant,chiller plant k
chiller plant kw ton,chiller plant,chiller plant k
chiller plant kise kahate hain,chiller plant,chiller plant k
chiller plant ke bare mein jankari,chiller plant,chiller plant k
chiller plant kaisa hota hai,chiller plant,chiller plant k
chiller plant ka matlab,chiller plant,chiller plant k
chiller plant layout,chiller plant,chiller plant l
chiller plant log book,chiller plant,chiller plant l
chiller plant load calculation formula,chiller plant,chiller plant l
chiller plant line diagram,chiller plant,chiller plant l
chiller plant log sheet,chiller plant,chiller plant l
chiller plant logo,chiller plant,chiller plant l
chiller plant location,chiller plant,chiller plant l
chilling plant load calculation,chiller plant,chiller plant l
chilling plants lego,chiller plant,chiller plant l
chiller plant room layout,chiller plant,chiller plant l
chiller plant operator,chiller plant,chiller plant o
chiller plant optimizer,chiller plant,chiller plant o
chiller plant operation system,chiller plant,chiller plant o
chiller plant operation manual pdf,chiller plant,chiller plant o
chiller plant operation and maintenance,chiller plant,chiller plant o
chiller plant optimizer (cpo),chiller plant,chiller plant o
chiller plant optimization system,chiller plant,chiller plant o
chiller plant near me,chiller plant,chiller plant n
chiller plant noise level,chiller plant,chiller plant n
chiller plant name,chiller plant,chiller plant n
chilled water plant near me,chiller plant,chiller plant n
chilling plant near me,chiller plant,chiller plant n
cooling plant near me,chiller plant,chiller plant n
cooling plant name,chiller plant,chiller plant n
chiller plant and ahu,chiller plant,chiller plant n
chiller plant parts name,chiller plant,chiller plant n
chiller plant purpose,chiller plant,chiller plant p
chiller plant photos,chiller plant,chiller plant p
chiller plant parts,chiller plant,chiller plant p
chiller plant pdf download in hindi,chiller plant,chiller plant p
chiller plant pdf,chiller plant,chiller plant p
chiller plant parameters,chiller plant,chiller plant p
chiller plant piping,chiller plant,chiller plant p
chiller plant question answer,chiller plant,chiller plant q
chiller plant interview questions pdf,chiller plant,chiller plant q
chilling plant interview questions,chiller plant,chiller plant q
chiller plant operator interview questions,chiller plant,chiller plant q
how does a chiller plant work,chiller plant,chiller plant q
what is approach in chiller plant,chiller plant,chiller plant q
chiller plant refrigerant,chiller plant,chiller plant r
chiller plant repairing and servicing,chiller plant,chiller plant r
chiller plant room schematic diagram,chiller plant,chiller plant r
chiller plant refrigeration cycle,chiller plant,chiller plant r
chiller plant room design,chiller plant,chiller plant r
chiller plant room drawing,chiller plant,chiller plant r
chiller plant replacement,chiller plant,chiller plant r
chiller plant room autocad drawing,chiller plant,chiller plant r
chiller plant schematic diagram,chiller plant,chiller plant s
chiller plant system,chiller plant,chiller plant s
chiller plant single line diagram,chiller plant,chiller plant s
chiller plant safety,chiller plant,chiller plant s
chiller plant service,chiller plant,chiller plant s
chiller plant size,chiller plant,chiller plant s
chiller plant sld,chiller plant,chiller plant s
chiller plant sequence of operation,chiller plant,chiller plant s
chiller plant safety in hindi,chiller plant,chiller plant s
chiller plant safety devices,chiller plant,chiller plant s
chiller plant working in hindi,chiller plant,chiller plant w
chiller plant working animation,chiller plant,chiller plant w
chiller plant working principle in hindi,chiller plant,chiller plant w
chiller plant water temperature,chiller plant,chiller plant w
chiller plant working cycle,chiller plant,chiller plant w
chiller plant working principle with diagram pdf in hindi,chiller plant,chiller plant w
chiller plant working principle pdf,chiller plant,chiller plant w
chiller plant wtc,chiller plant,chiller plant w
chiller plant uses,chiller plant,chiller plant u
chiller plant unit,chiller plant,chiller plant u
chiller plant upgrade,chiller plant,chiller plant u
chilling plant uses,chiller plant,chiller plant u
chilled water plant ub,chiller plant,chiller plant u
chiller utility plant,chiller plant,chiller plant u
cooling plant utrgv,chiller plant,chiller plant u
chiller plant capacity unit,chiller plant,chiller plant u
chiller plant start up sequence,chiller plant,chiller plant u
chiller plant technician,chiller plant,chiller plant t
chiller plant types,chiller plant,chiller plant t
chiller plant training,chiller plant,chiller plant t
chiller plant technician salary,chiller plant,chiller plant t
chiller plant tr full form,chiller plant,chiller plant t
chiller plant tr calculation,chiller plant,chiller plant t
chiller plant trane,chiller plant,chiller plant t
chiller plant tr,chiller plant,chiller plant t
chiller plant tenders,chiller plant,chiller plant t
chiller plant video,chiller plant,chiller plant v
chiller plant vs cooling tower,chiller plant,chiller plant v
chiller plant vs air conditioner,chiller plant,chiller plant v
chiller plant vs hvac,chiller plant,chiller plant v
chiller plant voltas,chiller plant,chiller plant v
chiller plant valve,chiller plant,chiller plant v
chiller plant vs ahu,chiller plant,chiller plant v
chiller plant vfd,chiller plant,chiller plant v
chiller plant manager vs bms,chiller plant,chiller plant v
chiller plant york,chiller plant,chiller plant y
chiller plant yard,chiller plant,chiller plant y
york chiller plant san antonio,chiller plant,chiller plant y
yarbrough chiller plant,chiller plant,chiller plant y
york chiller plant manager,chiller plant,chiller plant y
yale chiller plant,chiller plant,chiller plant y
how to start chiller plant,chiller plant,chiller plant y
best chiller plant manufacturer in india,chiller plant,best chiller plant
best cooling plant,chiller plant,best chiller plant
types of chiller plant,chiller plant,best chiller plant
how many types of chiller plant,chiller plant,best chiller plant
how to work chiller plant,chiller plant,how to chiller plant
how to operate chiller plant,chiller plant,how to chiller plant
how to calculate chiller plant efficiency,chiller plant,how to chiller plant
how to optimize chiller plant operation,chiller plant,how to chiller plant
how to start chiller plant step by step,chiller plant,how to chiller plant
how to work chiller plant in hindi,chiller plant,how to chiller plant
how to install chiller plant,chiller plant,how to chiller plant
how does chiller plant works,chiller plant,how to chiller plant
how do chiller plants work,chiller plant,how to chiller plant
what is chiller plant in hvac,chiller plant,what is chiller plant
what is chiller plant manager,chiller plant,what is chiller plant
what is chiller plant management system,chiller plant,what is chiller plant
what is chiller plant room,chiller plant,what is chiller plant
what is chiller plant in hindi,chiller plant,what is chiller plant
what is chiller plant optimization,chiller plant,what is chiller plant
what is chiller plant used for,chiller plant,what is chiller plant
what is chiller plant in hospital,chiller plant,what is chiller plant
what is chiller plant system,chiller plant,what is chiller plant
top 10 chiller plant company in india,chiller plant,top chiller plant
which gas used in chiller plant,chiller plant,which chiller plant
what does chiller plant do,chiller plant,does chiller plant
chilling plant manufacturers in mumbai,chiller plant,chiller plant in mumbai
chilling plant manufacturers in pune,chiller plant,chiller plant in pune
chiller plant bangalore,chiller plant,chiller plant in bangalore
chilling plant in ahmedabad,chiller plant,chiller plant in ahmedabad
chilling plant manufacturers in ahmedabad,chiller plant,chiller plant in ahmedabad
chiller plant installation services in ahmedabad,chiller plant,chiller plant in ahmedabad
chiller plant operator jobs in delhi,chiller plant,chiller plant in delhi
hvac chiller plant operator jobs in delhi,chiller plant,chiller plant in delhi
milk chiller plant near me,chiller plant,chiller plant near me
amul chilling plant near me,chiller plant,chiller plant near me
ro chilled water plant near me,chiller plant,chiller plant near me
cooling water plant near me,chiller plant,chiller plant near me
chiller plant cost in india,chiller plant,chiller plant cost
chilled water plant cost estimate,chiller plant,chiller plant cost
chilled water plant cost,chiller plant,chiller plant cost
chilling plant cost,chiller plant,chiller plant cost
chiller plant price in pakistan,chiller plant,chiller plant cost
water chiller plant cost,chiller plant,chiller plant cost
chilling plant price,chiller plant,chiller plant price
chilled water plant price,chiller plant,chiller plant price
chilling plant price in india,chiller plant,chiller plant price
cooling plant price,chiller plant,chiller plant price
ac chiller plant price,chiller plant,chiller plant price
milk chiller plant price,chiller plant,chiller plant price
injection molding plant setup,chiller plant,chiller plant for injection moulding
what materials are used in injection moulding,chiller plant,chiller plant for injection moulding
chiller plant working principle with diagram pdf,chiller plant,chiller plant working principle
chilling plant working principle,chiller plant,chiller plant working principle
ac chiller plant working principle,chiller plant,chiller plant working principle
brine chiller plant working principle,chiller plant,chiller plant working principle
chiller plant manufacturers,chiller plant,chiller plant manufacturers
chilling plant manufacturers,chiller plant,chiller plant manufacturers
chilling plant manufacturers in india,chiller plant,chiller plant manufacturers
chilling plant manufacturers in gujarat,chiller plant,chiller plant manufacturers
chiller plant supplier,chiller plant,chiller plant supplier
chiller plant manufacturer in faridabad,chiller plant,chiller plant supplier
chiller plant manufacturer in gujarat,chiller plant,chiller plant supplier
chiller plant manufacturer in vadodara,chiller plant,chiller plant supplier
chiller plant suppliers,chiller plant,chiller plant dealers
chiller maintenance procedure,chiller plant,chiller plant amc
chiller plant repair,chiller plant,chiller plant repair
chiller plant repairing and servicing near me,chiller plant,chiller plant repair
chiller plant maintenance pdf,chiller plant,chiller plant repair
chilling plant specification,chiller plant,chiller plant specification
chiller plant vs vrf system,chiller plant,chiller plant vs
chiller plant vs chiller,chiller plant,chiller plant vs
chiller plant services sas,chiller plant,chiller plant service
chilling plant service,chiller plant,chiller plant service
chiller plant 2 ton,chiller plant,chiller plant 2 ton
2 ton chiller plant price,chiller plant,chiller plant 2 ton
chiller plant capacity calculation,chiller plant,chiller plant capacity calculation
chiller plant capacity calculation pdf,chiller plant,chiller plant capacity calculation
chilling plant capacity calculation,chiller plant,chiller plant capacity calculation
3 ton chiller plant,chiller plant,chiller plant 3 ton
chiller plant 5 ton,chiller plant,chiller plant 5 ton
milk chiller and warmer,milk chiller,milk chiller a
milk cooler and warmer,milk chiller,milk chiller a
milk cooler and warmer portable,milk chiller,milk chiller a
milk cooler amazon,milk chiller,milk chiller a
milk cooler and heater,milk chiller,milk chiller a
milk cooler and dispenser,milk chiller,milk chiller a
milk cooler and bottle warmer,milk chiller,milk chiller a
milk cooler antique,milk chiller,milk chiller a
milk cooler and warmer momcozy,milk chiller,milk chiller a
breast milk chiller and warmer,milk chiller,milk chiller a
milk chiller,milk chiller,milk chiller
milk chiller machine,milk chiller,milk chiller
milk chiller 1000 ltr price,milk chiller,milk chiller
milk chiller 100 ltr price,milk chiller,milk chiller
milk chiller 200 ltr price,milk chiller,milk chiller
milk chiller 50 ltr price,milk chiller,milk chiller
milk chiller 300 ltr price,milk chiller,milk chiller
milk chiller price,milk chiller,milk chiller
milk chiller plant,milk chiller,milk chiller
milk chiller machine price,milk chiller,milk chiller
milk chiller bottle,milk chiller,milk chiller b
milk chiller breastmilk,milk chiller,milk chiller b
milk chiller baby,milk chiller,milk chiller b
milk chiller business,milk chiller,milk chiller b
milk chiller bag,milk chiller,milk chiller b
milk chiller box,milk chiller,milk chiller b
milk chiller bmc,milk chiller,milk chiller b
milk chiller boon,milk chiller,milk chiller b
milk chiller by frieling,milk chiller,milk chiller b
milk chiller breast,milk chiller,milk chiller b
milk chiller dispenser,milk chiller,milk chiller d
milk chiller diagram,milk chiller,milk chiller d
milk cooler dispenser,milk chiller,milk chiller d
milk cooler doorstep,milk chiller,milk chiller d
milk cooler dr coffee,milk chiller,milk chiller d
milk cooler dometic,milk chiller,milk chiller d
milk cooler drink,milk chiller,milk chiller d
milk cooler design,milk chiller,milk chiller d
dairy milk chiller display,milk chiller,milk chiller d
boon milk chiller dishwasher safe,milk chiller,milk chiller d
milk chiller erase,milk chiller,milk chiller e
milk chilling equipment,milk chiller,milk chiller e
milk cooler electric,milk chiller,milk chiller e
milk cooler eufy,milk chiller,milk chiller e
milk cooler elvie,milk chiller,milk chiller e
milk eye cooler,milk chiller,milk chiller e
eufy milk chiller,milk chiller,milk chiller e
electric milk chiller,milk chiller,milk chiller e
elanpro milk chiller,milk chiller,milk chiller e
electric milk chiller price in pakistan,milk chiller,milk chiller e
milk chiller can,milk chiller,milk chiller c
milk chiller compressor,milk chiller,milk chiller c
milk chiller coffee machine,milk chiller,milk chiller c
milk chiller ceres,milk chiller,milk chiller c
milk chiller commercial,milk chiller,milk chiller c
milk chilling centre,milk chiller,milk chiller c
milk chilling centre near me,milk chiller,milk chiller c
milk chilling center,milk chiller,milk chiller c
milk chilling can,milk chiller,milk chiller c
milk chilling centre process,milk chiller,milk chiller c
milk chiller for coffee machine,milk chiller,milk chiller f
milk chiller for sale,milk chiller,milk chiller f
milk chiller freezer price in pakistan,milk chiller,milk chiller f
milk chiller for sale in rawalpindi,milk chiller,milk chiller f
milk chiller for sale in pakistan,milk chiller,milk chiller f
milk chiller for sale in lahore,milk chiller,milk chiller f
milk chiller fridge,milk chiller,milk chiller f
milk chiller for sale in karachi,milk chiller,milk chiller f
milk chiller freezer,milk chiller,milk chiller f
milk chiller gujranwala,milk chiller,milk chiller g
milk chilling gst rate,milk chiller,milk chiller g
milk cooler gasket,milk chiller,milk chiller g
milk cooler grocery store,milk chiller,milk chiller g
milk cooler glass,milk chiller,milk chiller g
dairy glycol chiller,milk chiller,milk chiller g
milk gallon cooler,milk chiller,milk chiller g
glycol milk chiller,milk chiller,milk chiller g
gea milk chiller,milk chiller,milk chiller g
goat milk chiller,milk chiller,milk chiller g
milk chiller hsn code,milk chiller,milk chiller h
milk chiller hs code,milk chiller,milk chiller h
milk chiller hsn code and gst rate,milk chiller,milk chiller h
milk chilling hsn code,milk chiller,milk chiller h
milk cooler hs code,milk chiller,milk chiller h
milk cooler hsn code,milk chiller,milk chiller h
milk cooler holder,milk chiller,milk chiller h
boon milk chiller how to use,milk chiller,milk chiller h
ceres milk chiller how to use,milk chiller,milk chiller h
milk chiller second hand,milk chiller,milk chiller h
milk chiller in pakistan,milk chiller,milk chiller i
milk in chiller,milk chiller,milk chiller i
milk instant chiller,milk chiller,milk chiller i
milk coolers in uganda,milk chiller,milk chiller i
milk cooler in kenya,milk chiller,milk chiller i
milk is chilling,milk chiller,milk chiller i
milk chiller price in pakistan,milk chiller,milk chiller i
boon milk chiller instructions,milk chiller,milk chiller i
milk chiller price in karachi,milk chiller,milk chiller i
milk chiller manufacturers in pakistan,milk chiller,milk chiller i
milk chiller jura,milk chiller,milk chiller j
milk cooler jura,milk chiller,milk chiller j
milk cooler jug,milk chiller,milk chiller j
milk jelly cooler,milk chiller,milk chiller j
jura milk chiller parts,milk chiller,milk chiller j
milk chiller price in india,milk chiller,milk chiller j
milk chiller lahore,milk chiller,milk chiller l
milk cooler lock,milk chiller,milk chiller l
milk chiller 500 ltr price,milk chiller,milk chiller l
milk chiller 1000 ltr price in pakistan,milk chiller,milk chiller l
milk chiller 500 ltr price in pakistan,milk chiller,milk chiller l
milk chiller 100 ltr price in pakistan,milk chiller,milk chiller l
milk chiller karachi,milk chiller,milk chiller k
milk cooler kenya,milk chiller,milk chiller k
milk cooler kit,milk chiller,milk chiller k
milk cooler kalerm,milk chiller,milk chiller k
milk cooler k400s,milk chiller,milk chiller k
milk chiller olx karachi,milk chiller,milk chiller k
milk keeper cooler,milk chiller,milk chiller k
milk chilling plant kya hota hai,milk chiller,milk chiller k
milk chiller price in kenya,milk chiller,milk chiller k
milk chiller machine price in pakistan,milk chiller,milk chiller m
milk chiller momcozy,milk chiller,milk chiller m
milk chilling machine,milk chiller,milk chiller m
milk chilling machine price,milk chiller,milk chiller m
milk chilling machine 500 litre,milk chiller,milk chiller m
milk chilling meaning,milk chiller,milk chiller m
milk chiller near me,milk chiller,milk chiller n
milk chiller nearby,milk chiller,milk chiller n
milk cooler near me,milk chiller,milk chiller n
milk cooler nuby,milk chiller,milk chiller n
milk cooler nz,milk chiller,milk chiller n
milk cooler not cooling,milk chiller,milk chiller n
milk cooler not in position,milk chiller,milk chiller n
breast milk chiller nearby,milk chiller,milk chiller n
breast milk chiller near me,milk chiller,milk chiller n
milk chiller olx,milk chiller,milk chiller o
milk chiller olx lahore,milk chiller,milk chiller o
milk cooler on the go,milk chiller,milk chiller o
milk cooler outdoor,milk chiller,milk chiller o
milk cooler overnight,milk chiller,milk chiller o
milk cooler outside,milk chiller,milk chiller o
breast milk chiller on the go,milk chiller,milk chiller o
breast milk on chiller,milk chiller,milk chiller o
dairy milk chocolate chiller olx,milk chiller,milk chiller o
milk chiller price in pakistan olx,milk chiller,milk chiller p
milk chiller pakistan,milk chiller,milk chiller p
milk chiller price in bangladesh,milk chiller,milk chiller p
milk chiller portable,milk chiller,milk chiller p
milk chiller rate,milk chiller,milk chiller r
milk chiller repair,milk chiller,milk chiller r
milk chiller rate in pakistan,milk chiller,milk chiller r
milk chiller reddit,milk chiller,milk chiller r
milk chiller room,milk chiller,milk chiller r
milk cooler refrigerator,milk chiller,milk chiller r
milk cooler reddit,milk chiller,milk chiller r
milk cooler repair,milk chiller,milk chiller r
milk cooler racks,milk chiller,milk chiller r
milk cooler reviews,milk chiller,milk chiller r
dairy queen chiller,milk chiller,milk chiller q
milk chiller small,milk chiller,milk chiller s
milk chiller system,milk chiller,milk chiller s
milk chiller size,milk chiller,milk chiller s
milk chilling system,milk chiller,milk chiller s
milk chilling services hsn code,milk chiller,milk chiller s
milk chilling station,milk chiller,milk chiller s
milk storage chiller,milk chiller,milk chiller s
milk shop chiller,milk chiller,milk chiller s
milk coolers should be maintained at what temperature,milk chiller,milk chiller s
milk chiller watts,milk chiller,milk chiller w
milk chiller warmer,milk chiller,milk chiller w
milk cooler willow,milk chiller,milk chiller w
milk cooler walmart,milk chiller,milk chiller w
milk cooler warmer,milk chiller,milk chiller w
milk cooler water bottle,milk chiller,milk chiller w
milk cooler wmf,milk chiller,milk chiller w
milk cooler water,milk chiller,milk chiller w
milk cooler with bottles,milk chiller,milk chiller w
how milk chiller works,milk chiller,milk chiller w
milk chiller unit,milk chiller,milk chiller u
milk chilling unit,milk chiller,milk chiller u
milk chilling unit price,milk chiller,milk chiller u
milk coolers uganda,milk chiller,milk chiller u
dairy chiller unit,milk chiller,milk chiller u
milk cooler uses,milk chiller,milk chiller u
milk cooler unit,milk chiller,milk chiller u
bulk milk chilling unit,milk chiller,milk chiller u
instant milk chilling unit,milk chiller,milk chiller u
a milk chilling unit can remove,milk chiller,milk chiller u
milk chiller tank,milk chiller,milk chiller t
milk chiller temperature,milk chiller,milk chiller t
milk chiller truck,milk chiller,milk chiller t
milk chiller temperature setting,milk chiller,milk chiller t
milk chiller thermos,milk chiller,milk chiller t
milk chiller target,milk chiller,milk chiller t
milk chiller transport,milk chiller,milk chiller t
milk chilling tank,milk chiller,milk chiller t
milk chilling temperature,milk chiller,milk chiller t
milk chilling tank price,milk chiller,milk chiller t
milk chiller vehicle,milk chiller,milk chiller v
milk chiller van for sale in pakistan,milk chiller,milk chiller v
milk chiller van,milk chiller,milk chiller v
milk chilling vat price in nepal,milk chiller,milk chiller v
milk chilling vat,milk chiller,milk chiller v
milk chilling van,milk chiller,milk chiller v
milk chilling vat price in india,milk chiller,milk chiller v
milk vat chiller,milk chiller,milk chiller v
milk cooler vintage,milk chiller,milk chiller v
boon milk chiller vs ceres chill,milk chiller,milk chiller v
best milk chiller,milk chiller,best milk chiller
best milk chiller bottle,milk chiller,best milk chiller
best milk chiller in pakistan,milk chiller,best milk chiller
best milk chiller reddit,milk chiller,best milk chiller
best milk cooler,milk chiller,best milk chiller
best milk cooler bottle,milk chiller,best milk chiller
best milk cooler bag,milk chiller,best milk chiller
best milk cooler for travel,milk chiller,best milk chiller
best milk cooler and warmer,milk chiller,best milk chiller
best milk cooler reddit,milk chiller,best milk chiller
how to use boon milk chiller,milk chiller,how to milk chiller
how to use breast milk chiller,milk chiller,how to milk chiller
how to use ceres milk chiller,milk chiller,how to milk chiller
how to use boon frosh milk chiller,milk chiller,how to milk chiller
how to thaw breast milk from chiller,milk chiller,how to milk chiller
what is milk chiller,milk chiller,what is milk chiller
what is milk chilling,milk chiller,what is milk chiller
what is milk chilling centre,milk chiller,what is milk chiller
what is milk cooler,milk chiller,what is milk chiller
what is a breast milk chiller,milk chiller,what is milk chiller
countertop milk chiller,milk chiller,top milk chiller
which milk cooler is best,milk chiller,which milk chiller
milk can chiller,milk chiller,can milk chiller
can milk cooler,milk chiller,can milk chiller
milk can cooler price,milk chiller,can milk chiller
can we drink chilled milk,milk chiller,can milk chiller
is chilled milk good for health,milk chiller,does milk chiller
bulk milk cooler in delhi,milk chiller,milk chiller in delhi
milk chilling plant cost in india,milk chiller,milk chiller in delhi
boon milk chiller near me,milk chiller,milk chiller near me
breast milk cooler near me,milk chiller,milk chiller near me
bulk milk cooler near me,milk chiller,milk chiller near me
momcozy milk cooler near me,milk chiller,milk chiller near me
portable milk cooler near me,milk chiller,milk chiller near me
milk chiller price in lahore,milk chiller,milk chiller price
milk chiller price 1000 litre,milk chiller,milk chiller price
milk chiller price in pakistan 1000 liter,milk chiller,milk chiller price
milk chiller cost,milk chiller,milk chiller cost
milk cooler cost,milk chiller,milk chiller cost
milk cooler for dairy,milk chiller,milk chiller for dairy
bulk milk cooler for dairy farms,milk chiller,milk chiller for dairy
milk cooler dairy farm,milk chiller,milk chiller for dairy
dairy milk chiller for sale,milk chiller,milk chiller for dairy
dairy milk chocolate chiller for sale,milk chiller,milk chiller for dairy
how to churn milk,milk chiller,milk chiller for dairy
bulk milk cooler working principle,milk chiller,milk chiller working principle
how does a chiller condenser work,milk chiller,milk chiller working principle
how does a chiller boiler system work,milk chiller,milk chiller working principle
milk chiller manufacturers,milk chiller,milk chiller manufacturers
milk chiller manufacturer in india,milk chiller,milk chiller manufacturers
bulk milk chiller manufacturers,milk chiller,milk chiller manufacturers
milk chiller plant manufacturers,milk chiller,milk chiller manufacturers
milk chilling plant manufacturers,milk chiller,milk chiller manufacturers
milk chilling plant manufacturers in pune,milk chiller,milk chiller manufacturers
soda chiller machine,soda chiller,soda chiller
soda chiller,soda chiller,soda chiller
soda chiller krispy kreme,soda chiller,soda chiller
soda chiller plate,soda chiller,soda chiller
soda chiller system,soda chiller,soda chiller
chiller soda drink,soda chiller,soda chiller
soda can chiller,soda chiller,soda chiller
soda fountain chiller,soda chiller,soda chiller
soda bottle chiller,soda chiller,soda chiller
instant soda chiller,soda chiller,soda chiller
soda can chiller 3d print,soda chiller,soda chiller c
soda coolers commercial,soda chiller,soda chiller c
soda cooler cup,soda chiller,soda chiller c
soda cooler can,soda chiller,soda chiller c
beverage chiller commercial,soda chiller,soda chiller c
soda can cooler sleeve,soda chiller,soda chiller c
soda cactus cooler,soda chiller,soda chiller c
soda can cooler electric,soda chiller,soda chiller c
soda can cooler 3d print,soda chiller,soda chiller c
beverage chiller aldi,soda chiller,soda chiller a
beverage chiller amazon,soda chiller,soda chiller a
soda cooler amazon,soda chiller,soda chiller a
beverage chiller and dispenser,soda chiller,soda chiller a
beverage air chiller,soda chiller,soda chiller a
what makes the cold drinks and soda fizzy,soda chiller,soda chiller a
soda cooler bag,soda chiller,soda chiller b
beverage chiller bucket,soda chiller,soda chiller b
soda cooler box,soda chiller,soda chiller b
beverage chiller brands,soda chiller,soda chiller b
beverage chiller bowl,soda chiller,soda chiller b
coke chiller box,soda chiller,soda chiller b
soda bottle cooler,soda chiller,soda chiller b
soda bottle cooler sleeve,soda chiller,soda chiller b
soda barrel cooler,soda chiller,soda chiller b
soda dispenser chiller,soda chiller,soda chiller d
beverage chiller display,soda chiller,soda chiller d
soda cooler dividers,soda chiller,soda chiller d
beverage chiller dispenser,soda chiller,soda chiller d
soda cooler drink,soda chiller,soda chiller d
beverage chiller dimension,soda chiller,soda chiller d
soda cooler display,soda chiller,soda chiller d
soft drink display chiller,soda chiller,soda chiller d
soda dispenser cooler,soda chiller,soda chiller d
soda cooler fridge,soda chiller,soda chiller f
beverage chiller fridge,soda chiller,soda chiller f
soda cooler for sale,soda chiller,soda chiller f
soft drinks chiller for sale philippines,soda chiller,soda chiller f
coke chiller for sale,soda chiller,soda chiller f
coke chiller for sale in lahore,soda chiller,soda chiller f
soft drink chiller for sale,soda chiller,soda chiller f
soda cooler for party,soda chiller,soda chiller f
coke chiller fridge,soda chiller,soda chiller f
soda gun chiller,soda chiller,soda chiller g
soda cooler glides,soda chiller,soda chiller g
beverage chiller good guys,soda chiller,soda chiller g
beverage chiller glass door,soda chiller,soda chiller g
beverage glycol chiller,soda chiller,soda chiller g
beverage glass chiller,soda chiller,soda chiller g
how long to chill soda in fridge,soda chiller,soda chiller g
soda cooler hack,soda chiller,soda chiller h
soda cooler holder,soda chiller,soda chiller h
beverage chiller instant,soda chiller,soda chiller i
soda cooler in spanish,soda chiller,soda chiller i
soda ice cooler,soda chiller,soda chiller i
soda in cooler,soda chiller,soda chiller i
soda instant cooler,soda chiller,soda chiller i
soda in cooler hack,soda chiller,soda chiller i
how to make a chiller drink,soda chiller,soda chiller i
cream soda chiller krispy kreme,soda chiller,soda chiller k
soda koozie cooler,soda chiller,soda chiller k
soda keg cooler,soda chiller,soda chiller k
japanese soda chiller,soda chiller,soda chiller j
cold drink chiller price in pakistan,soda chiller,soda chiller j
coca cola chiller price,soda chiller,soda chiller j
what is a chiller drink,soda chiller,soda chiller j
how to avail coca cola chiller,soda chiller,soda chiller j
soda cooler mini,soda chiller,soda chiller m
soda cooler machine,soda chiller,soda chiller m
coke chiller machine,soda chiller,soda chiller m
coke chiller mug,soda chiller,soda chiller m
beverage chiller mini,soda chiller,soda chiller m
multiplex soda chiller,soda chiller,soda chiller m
beverage chiller near me,soda chiller,soda chiller n
soda cooler nearby,soda chiller,soda chiller n
beverage chiller nearby,soda chiller,soda chiller n
soda cooler near me,soda chiller,soda chiller n
soda lime chiller,soda chiller,soda chiller l
soda cooler lock,soda chiller,soda chiller l
beverage line chiller,soda chiller,soda chiller l
how long to chill 2 liter soda in freezer,soda chiller,soda chiller l
how long to chill 2 liter soda in fridge,soda chiller,soda chiller l
soda cooler on wheels,soda chiller,soda chiller o
soda cooler organizer,soda chiller,soda chiller o
beverage chiller outdoor,soda chiller,soda chiller o
coke chiller price,soda chiller,soda chiller p
beverage chiller philippines,soda chiller,soda chiller p
coke chiller price in pakistan,soda chiller,soda chiller p
beverage chiller price,soda chiller,soda chiller p
beverage chiller portable,soda chiller,soda chiller p
soft drinks chiller price,soda chiller,soda chiller p
soda cooler portable,soda chiller,soda chiller p
soda cooler price,soda chiller,soda chiller p
soda pop cooler,soda chiller,soda chiller p
soda remote chiller,soda chiller,soda chiller r
soda cooler repair near me,soda chiller,soda chiller r
soda cooler racks,soda chiller,soda chiller r
soda cooler repair,soda chiller,soda chiller r
beverage chiller room,soda chiller,soda chiller r
soda cooler rental,soda chiller,soda chiller r
soda cooler refrigerator,soda chiller,soda chiller r
soda rolling cooler,soda chiller,soda chiller r
soda fountain remote chiller,soda chiller,soda chiller r
soda machine remote chiller,soda chiller,soda chiller r
beverage chiller qatar,soda chiller,soda chiller q
what makes cold drinks and soda fizzy,soda chiller,soda chiller q
beverage chiller singapore,soda chiller,soda chiller s
soda cooler small,soda chiller,soda chiller s
soda cooler spinner,soda chiller,soda chiller s
soda cooler shelves,soda chiller,soda chiller s
beverage chiller small,soda chiller,soda chiller s
beverage chiller stand,soda chiller,soda chiller s
coke chiller size,soda chiller,soda chiller s
soda cooler sleeve,soda chiller,soda chiller s
beverage chiller size,soda chiller,soda chiller s
beverage chiller temperature,soda chiller,soda chiller t
soft drinks chiller temperature,soda chiller,soda chiller t
soda cooler temperature,soda chiller,soda chiller t
beverage chiller trinidad,soda chiller,soda chiller t
beverage chiller tub,soda chiller,soda chiller t
soda cooler used,soda chiller,soda chiller u
beverage chiller undercounter,soda chiller,soda chiller u
beverage chiller vs fridge,soda chiller,soda chiller v
beverage chiller vs bar fridge,soda chiller,soda chiller v
soda water chiller,soda chiller,soda chiller w
soda cooler walmart,soda chiller,soda chiller w
coke chiller wattage,soda chiller,soda chiller w
soda cooler with wheels,soda chiller,soda chiller w
soda water cooler,soda chiller,soda chiller w
carbonated water chiller,soda chiller,soda chiller w
soda wine cooler,soda chiller,soda chiller w
beverage wine chiller,soda chiller,soda chiller w
beverage water chiller,soda chiller,soda chiller w
soda machine with chiller,soda chiller,soda chiller w
best beverage chiller,soda chiller,best soda chiller
best drinks chiller,soda chiller,best soda chiller
best soda cooler,soda chiller,best soda chiller
best chiller drinks at 7 brew,soda chiller,best soda chiller
what is a beverage chiller,soda chiller,what is soda chiller
can soda cooler,soda chiller,can soda chiller
coke can chiller,soda chiller,can soda chiller
beverage can chiller,soda chiller,can soda chiller
soda can cooler holder,soda chiller,can soda chiller
soda can cooler with lid,soda chiller,can soda chiller
soda freezer price,soda chiller,soda chiller price
krispy kreme soda chiller price,soda chiller,soda chiller price
krispy kreme cream soda chiller price,soda chiller,soda chiller price
soda machine not cooling,soda chiller,soda chiller repair
dry cooler vs chiller,soda chiller,soda chiller vs
ice flake machine,ice flake machine,ice flake machine
ice flake machine manufacturers in india,ice flake machine,ice flake machine
ice flake machine price in india,ice flake machine,ice flake machine
ice flake machine price in pakistan,ice flake machine,ice flake machine
ice flake machine commercial,ice flake machine,ice flake machine
ice flake machine price,ice flake machine,ice flake machine
ice flake machine manufacturers,ice flake machine,ice flake machine
ice flake machine industrial,ice flake machine,ice flake machine
ice flake machine hs code,ice flake machine,ice flake machine
ice flake machine for sale,ice flake machine,ice flake machine
ice flake machine blue star,ice flake machine,ice flake machine b
ice flaking machine blue star price,ice flake machine,ice flake machine b
ice flaking machine br biochem,ice flake machine,ice flake machine b
ice flaker machine brema,ice flake machine,ice flake machine b
ice flakes boracay machine,ice flake machine,ice flake machine b
flake ice maker biobase,ice flake machine,ice flake machine b
flake ice machine with bin,ice flake machine,ice flake machine b
best ice flake machine,ice flake machine,ice flake machine b
biobase ice flake machine,ice flake machine,ice flake machine b
best flake ice machine for home,ice flake machine,ice flake machine b
ice flake machine adalah,ice flake machine,ice flake machine a
flake ice machine australia,ice flake machine,ice flake machine a
flake ice machine alibaba,ice flake machine,ice flake machine a
flake ice machine amazon,ice flake machine,ice flake machine a
flake ice machine south africa,ice flake machine,ice flake machine a
snow flake ice machine amazon,ice flake machine,ice flake machine a
manitowoc undercounter flake ice machine air cooled,ice flake machine,ice flake machine a
a1 flake ice machine,ice flake machine,ice flake machine a
ammonia flake ice machine,ice flake machine,ice flake machine a
industrial flake ice machine south africa,ice flake machine,ice flake machine a
ice flake machine china,ice flake machine,ice flake machine c
flake ice machine countertop,ice flake machine,ice flake machine c
flake ice machine commercial for sale,ice flake machine,ice flake machine c
flake ice machine components,ice flake machine,ice flake machine c
flake ice machine cylinder squeaking,ice flake machine,ice flake machine c
flake ice machine compressor,ice flake machine,ice flake machine c
flake ice machine capacity,ice flake machine,ice flake machine c
flake ice machine cost,ice flake machine,ice flake machine c
flake ice machine canada,ice flake machine,ice flake machine c
ice flaking machine diagram,ice flake machine,ice flake machine d
flake ice machine drum,ice flake machine,ice flake machine d
diy flake ice machine,ice flake machine,ice flake machine d
ice production in a flake ice machine depends on,ice flake machine,ice flake machine d
flake ice machine price,ice flake machine,ice flake machine d
ice flake machine for spa,ice flake machine,ice flake machine f
ice flaker machine for lab,ice flake machine,ice flake machine f
flake ice machine for home,ice flake machine,ice flake machine f
flake ice machine for fish,ice flake machine,ice flake machine f
flake ice machine for laboratory,ice flake machine,ice flake machine f
flake ice machine for sauna,ice flake machine,ice flake machine f
flake ice maker for sale,ice flake machine,ice flake machine f
used flake ice machine for sale,ice flake machine,ice flake machine f
commercial flake ice machine for sale,ice flake machine,ice flake machine f
flake ice machine evaporator,ice flake machine,ice flake machine e
elanpro ice flake machine,ice flake machine,ice flake machine e
eos ice flake machine,ice flake machine,ice flake machine e
what is flake ice,ice flake machine,ice flake machine e
geneglace flake ice machine,ice flake machine,ice flake machine g
grant flake ice machine,ice flake machine,ice flake machine g
gea flake ice machine,ice flake machine,ice flake machine g
flake ice machine là gì,ice flake machine,ice flake machine g
ice flake machine hsn code,ice flake machine,ice flake machine h
ice flake machine hoshizaki,ice flake machine,ice flake machine h
flake ice machine home,ice flake machine,ice flake machine h
flake ice maker hs code,ice flake machine,ice flake machine h
flake ice maker hoshizaki,ice flake machine,ice flake machine h
hoshizaki flake ice machine for sale,ice flake machine,ice flake machine h
countertop flake ice machine for home,ice flake machine,ice flake machine h
hoshizaki flake ice machine parts,ice flake machine,ice flake machine h
flake ice machine india,ice flake machine,ice flake machine i
flake ice machine italy,ice flake machine,ice flake machine i
ice flaking machine uses in laboratory,ice flake machine,ice flake machine i
snow flake ice machine in pakistan,ice flake machine,ice flake machine i
flake ice machine manufacturers in china,ice flake machine,ice flake machine i
snow ice flake machine price in pakistan,ice flake machine,ice flake machine i
ice flake maker 30 kg 24h,ice flake machine,ice flake machine k
korean ice flake machine,ice flake machine,ice flake machine k
koller flake ice machine,ice flake machine,ice flake machine k
ice flaking machine meaning,ice flake machine,ice flake machine m
ice flake making machine,ice flake machine,ice flake machine m
flake ice machine manitowoc,ice flake machine,ice flake machine m
flake ice machine malaysia,ice flake machine,ice flake machine m
flake ice machine manual,ice flake machine,ice flake machine m
ice flake making machine hsn code,ice flake machine,ice flake machine m
ice flake making machine price in india,ice flake machine,ice flake machine m
ice flake machine labman,ice flake machine,ice flake machine l
flake ice maker laboratory,ice flake machine,ice flake machine l
flake ice maker lab,ice flake machine,ice flake machine l
flake ice machine sri lanka,ice flake machine,ice flake machine l
liar flake ice machine,ice flake machine,ice flake machine l
ice flakes machine philippines,ice flake machine,ice flake machine p
ice flaking machine principle,ice flake machine,ice flake machine p
flake ice machine parts,ice flake machine,ice flake machine p
flake ice machine pdf,ice flake machine,ice flake machine p
snow ice flake machine price,ice flake machine,ice flake machine p
flake ice maker price,ice flake machine,ice flake machine p
outdoor flake ice machine,ice flake machine,ice flake machine o
snow ice flake machine price in pakistan olx,ice flake machine,ice flake machine o
flake ice machine nz,ice flake machine,ice flake machine n
flake ice machine near me,ice flake machine,ice flake machine n
flake ice machine nearby,ice flake machine,ice flake machine n
salt flake ice machine nz,ice flake machine,ice flake machine n
northstar flake ice machine,ice flake machine,ice flake machine n
flake ice machine repair,ice flake machine,ice flake machine r
flake ice machine rental,ice flake machine,ice flake machine r
residential flake ice machine,ice flake machine,ice flake machine r
ice flake machine scotsman,ice flake machine,ice flake machine s
ice flaking machine specifications,ice flake machine,ice flake machine s
flake ice machine spa,ice flake machine,ice flake machine s
flake ice machine small,ice flake machine,ice flake machine s
flake ice machine supplier,ice flake machine,ice flake machine s
flake ice machine snowkey,ice flake machine,ice flake machine s
ice maker flake style,ice flake machine,ice flake machine s
ice flake machine trufrost,ice flake machine,ice flake machine t
flake ice machine turkey,ice flake machine,ice flake machine t
manitowoc flake ice machine troubleshooting,ice flake machine,ice flake machine t
flake ice machine 1 ton,ice flake machine,ice flake machine t
flake ice machine 10 ton,ice flake machine,ice flake machine t
scotsman flake ice machine troubleshooting,ice flake machine,ice flake machine t
flake ice machine 5 ton,ice flake machine,ice flake machine t
hoshizaki flaker ice machine troubleshooting,ice flake machine,ice flake machine t
ice machine that makes flake ice,ice flake machine,ice flake machine t
3 ton flake ice machine,ice flake machine,ice flake machine t
ice flaking machine uses,ice flake machine,ice flake machine u
ice flaker machine use,ice flake machine,ice flake machine u
flake ice machine undercounter,ice flake machine,ice flake machine u
flake ice machine usa,ice flake machine,ice flake machine u
flake ice machine uk,ice flake machine,ice flake machine u
most flake ice machines utilize this type of evaporator,ice flake machine,ice flake machine u
ufp0350a flake ice machine,ice flake machine,ice flake machine u
manitowoc undercounter flake ice machine,ice flake machine,ice flake machine u
flake ice machine vevor,ice flake machine,ice flake machine v
flake ice vending machine,ice flake machine,ice flake machine v
vevor snowflake ice machine,ice flake machine,ice flake machine v
flake ice machine working principle,ice flake machine,ice flake machine w
how a flake ice machine works,ice flake machine,ice flake machine w
salt water flake ice machine,ice flake machine,ice flake machine w
what is flake ice machine,ice flake machine,ice flake machine w
sea water flake ice machine,ice flake machine,ice flake machine w
water cooled flake ice machine,ice flake machine,ice flake machine w
best flake ice maker,ice flake machine,best ice flake machine
best commercial flake ice machine,ice flake machine,best ice flake machine
best snow flake ice machine,ice flake machine,best ice flake machine
how to make flake ice at home,ice flake machine,best ice flake machine
what is the best commercial shaved ice machine,ice flake machine,best ice flake machine
how to clean a flaker ice machine,ice flake machine,how to ice flake machine
how to clean a scotsman flake ice machine,ice flake machine,how to ice flake machine
how to make ice flakes,ice flake machine,how to ice flake machine
what is ice flaking machine,ice flake machine,what is ice flake machine
what is flake ice used for,ice flake machine,what is ice flake machine
buy flake ice machine,ice flake machine,buy ice flake machine
where can i buy flake ice,ice flake machine,buy ice flake machine
where to buy flake ice,ice flake machine,buy ice flake machine
how is flake ice made,ice flake machine,does ice flake machine
flake ice near me,ice flake machine,ice flake machine near me
ice block making machine cost,ice flake machine,ice flake machine cost
snow flake ice machine price in india,ice flake machine,ice flake machine price
flake ice cream machine price,ice flake machine,ice flake machine price
ice flake maker machine,ice flake machine,ice flake machine manufacturers
2 ton flake ice machine,ice flake machine,ice flake machine 2 ton
what is the ice smoothing machine called,ice flake machine,ice flake machine 3 ton
5 ton flake ice machine price,ice flake machine,ice flake machine 5 ton
20 ton flake ice machine,ice flake machine,ice flake machine 20 ton
acid chiller,acid chiller,acid chiller
sulfuric acid chiller,acid chiller,acid chiller
acid cleaning chiller tubes,acid chiller,acid chiller
acid wash chiller tubes,acid chiller,acid chiller
what causes acid in refrigeration systems,acid chiller,acid chiller
chiller tripping reasons,acid chiller,acid chiller
chiller refrigeration cycle explained,acid chiller,acid chiller
chiller testing procedure,acid chiller,acid chiller
acid cooler anodic protection,acid chiller,acid chiller a
chiller evaporator types,acid chiller,acid chiller c
acid for cooler cleaning,acid chiller,acid chiller f
chiller refrigerant recovery procedure,acid chiller,acid chiller f
what is chiller evaporator approach,acid chiller,acid chiller f
chiller low evaporator refrigerant temperature,acid chiller,acid chiller f
acid gas cooler,acid chiller,acid chiller g
acid green cooler,acid chiller,acid chiller g
types of refrigerant used in chiller,acid chiller,acid chiller g
refrigerant gas used in chiller,acid chiller,acid chiller g
5 ton ac chiller,chiller 5 ton,chiller 5 ton a
5 ton chiller ac price,chiller 5 ton,chiller 5 ton a
5 ton absorption chiller,chiller 5 ton,chiller 5 ton a
5 ton air chiller,chiller 5 ton,chiller 5 ton a
5 ton ammonia chiller,chiller 5 ton,chiller 5 ton a
5 ton air cooled chiller,chiller 5 ton,chiller 5 ton a
haier chiller ac 5 ton price in pakistan,chiller 5 ton,chiller 5 ton a
chiller de 5 ton,chiller 5 ton,chiller 5 ton d
chiller schedule,chiller 5 ton,chiller 5 ton d
5 ton chiller capacity,chiller 5 ton,chiller 5 ton c
5 ton chiller compressor,chiller 5 ton,chiller 5 ton c
5 ton chiller cost,chiller 5 ton,chiller 5 ton c
5 ton chiller power consumption,chiller 5 ton,chiller 5 ton c
5 ton water chiller compressor price,chiller 5 ton,chiller 5 ton c
5 ton chiller water cooled,chiller 5 ton,chiller 5 ton c
5 ton water chiller power consumption,chiller 5 ton,chiller 5 ton c
5 ton chiller barrel,chiller 5 ton,chiller 5 ton b
blue star chiller 5 ton,chiller 5 ton,chiller 5 ton b
5 ton chiller electricity consumption,chiller 5 ton,chiller 5 ton e
5 ton chiller for sale,chiller 5 ton,chiller 5 ton f
5 ton chiller for home,chiller 5 ton,chiller 5 ton f
5 ton water chiller for sale,chiller 5 ton,chiller 5 ton f
5 ton glycol chiller,chiller 5 ton,chiller 5 ton g
5 ton heat pump chiller,chiller 5 ton,chiller 5 ton h
5 ton industrial chiller,chiller 5 ton,chiller 5 ton i
5 ton industrial water chiller,chiller 5 ton,chiller 5 ton i
5 ton ka chiller,chiller 5 ton,chiller 5 ton k
5 ton chiller kw,chiller 5 ton,chiller 5 ton k
5 ton chiller machine,chiller 5 ton,chiller 5 ton m
multiaqua 5 ton chiller,chiller 5 ton,chiller 5 ton m
mini chiller 5 ton,chiller 5 ton,chiller 5 ton m
5 ton online chiller,chiller 5 ton,chiller 5 ton o
5 ton outdoor chiller,chiller 5 ton,chiller 5 ton o
5 ton online water chiller,chiller 5 ton,chiller 5 ton o
5 ton online water chiller price,chiller 5 ton,chiller 5 ton o
5 ton chiller rental,chiller 5 ton,chiller 5 ton r
5 ton ro chiller price,chiller 5 ton,chiller 5 ton r
5 ton residential chiller,chiller 5 ton,chiller 5 ton r
5 ton ro water chiller,chiller 5 ton,chiller 5 ton r
chiller rating,chiller 5 ton,chiller 5 ton r
5 ton chiller specifications,chiller 5 ton,chiller 5 ton s
5 ton chiller system,chiller 5 ton,chiller 5 ton s
5 ton single phase chiller,chiller 5 ton,chiller 5 ton s
5 ton chiller truck,chiller 5 ton,chiller 5 ton t
5 ton chiller to kw,chiller 5 ton,chiller 5 ton t
trane 5 ton chiller,chiller 5 ton,chiller 5 ton t
5 ton chiller unit,chiller 5 ton,chiller 5 ton u
used 5 ton chiller,chiller 5 ton,chiller 5 ton u
vevor 5 ton chiller,chiller 5 ton,chiller 5 ton v
5 ton water chiller,chiller 5 ton,chiller 5 ton w
5 ton water chiller price,chiller 5 ton,chiller 5 ton w
5 ton chiller weight,chiller 5 ton,chiller 5 ton w
vevor 5 ton water chiller,chiller 5 ton,chiller 5 ton w
10 ton air cooled chiller,chiller 10 ton,chiller 10 ton a
10 ton chiller compressor price,chiller 10 ton,chiller 10 ton c
10 ton chiller compressor,chiller 10 ton,chiller 10 ton c
10 ton chiller cost,chiller 10 ton,chiller 10 ton c
10 ton chiller power consumption,chiller 10 ton,chiller 10 ton c
daikin 10 ton chiller,chiller 10 ton,chiller 10 ton d
chiller de 10 ton,chiller 10 ton,chiller 10 ton d
10 ton chiller for sale,chiller 10 ton,chiller 10 ton f
used 10 ton chiller for sale,chiller 10 ton,chiller 10 ton f
10 ton glycol chiller for sale,chiller 10 ton,chiller 10 ton f
chiller capacity in tons,chiller 10 ton,chiller 10 ton f
10 ton glycol chiller,chiller 10 ton,chiller 10 ton g
10 ton heat pump chiller,chiller 10 ton,chiller 10 ton h
10 ton industrial chiller,chiller 10 ton,chiller 10 ton i
10 ton chiller in kw,chiller 10 ton,chiller 10 ton i
10 ton ice chiller,chiller 10 ton,chiller 10 ton i
10 ton ice rink chiller price,chiller 10 ton,chiller 10 ton i
10 ton ice rink chiller,chiller 10 ton,chiller 10 ton i
10 ton industrial water chiller,chiller 10 ton,chiller 10 ton i
10 ton chiller kw,chiller 10 ton,chiller 10 ton k
10 ton portable chiller,chiller 10 ton,chiller 10 ton p
10 ton package chiller,chiller 10 ton,chiller 10 ton p
10 ton chiller rental,chiller 10 ton,chiller 10 ton r
10 ton scroll chiller,chiller 10 ton,chiller 10 ton s
10 ton chiller system,chiller 10 ton,chiller 10 ton s
10 ton chiller truck,chiller 10 ton,chiller 10 ton t
10 ton chiller to kw,chiller 10 ton,chiller 10 ton t
10 ton trane chiller,chiller 10 ton,chiller 10 ton t
temptek 10 ton chiller,chiller 10 ton,chiller 10 ton t
10 ton chiller unit,chiller 10 ton,chiller 10 ton u
used 10 ton chiller,chiller 10 ton,chiller 10 ton u
vevor 10 ton chiller,chiller 10 ton,chiller 10 ton v
10 ton water chiller,chiller 10 ton,chiller 10 ton w
10 ton chiller weight,chiller 10 ton,chiller 10 ton w
10 ton water cooled chiller,chiller 10 ton,chiller 10 ton w
york 10 ton chiller,chiller 10 ton,chiller 10 ton y
cooling tower approach,cooling tower,cooling tower a
cooling tower approach formula,cooling tower,cooling tower a
cooling tower ac,cooling tower,cooling tower a
cooling tower approach and range,cooling tower,cooling tower a
cooling tower area,cooling tower,cooling tower a
cooling tower all parts name,cooling tower,cooling tower a
cooling tower approach temperature,cooling tower,cooling tower a
cooling tower accessories,cooling tower,cooling tower a
cooling tower application,cooling tower,cooling tower a
cooling tower antiscalant,cooling tower,cooling tower a
cooling tower,cooling tower,cooling tower
cooling tower fan,cooling tower,cooling tower
cooling tower working principle,cooling tower,cooling tower
cooling tower fills,cooling tower,cooling tower
cooling tower manufacturers in chennai,cooling tower,cooling tower
cooling tower diagram,cooling tower,cooling tower
cooling tower types,cooling tower,cooling tower
cooling tower manufacturers in coimbatore,cooling tower,cooling tower
cooling tower manufacturers,cooling tower,cooling tower
cooling tower images,cooling tower,cooling tower
cooling tower blowdown,cooling tower,cooling tower b
cooling tower basin,cooling tower,cooling tower b
cooling tower blowdown calculation,cooling tower,cooling tower b
cooling tower blade angle,cooling tower,cooling tower b
cooling tower blade,cooling tower,cooling tower b
cooling tower basin design,cooling tower,cooling tower b
cooling tower belt,cooling tower,cooling tower b
cooling tower blowdown formula,cooling tower,cooling tower b
cooling tower blowdown water,cooling tower,cooling tower b
cooling tower book pdf,cooling tower,cooling tower b
cooling tower chennai,cooling tower,cooling tower c
cooling tower capacity,cooling tower,cooling tower c
cooling tower chemical,cooling tower,cooling tower c
cooling tower coimbatore,cooling tower,cooling tower c
cooling tower chemical name,cooling tower,cooling tower c
cooling tower capacity calculation,cooling tower,cooling tower c
cooling tower calculation,cooling tower,cooling tower c
cooling tower capacity in tr,cooling tower,cooling tower c
cooling tower company in india,cooling tower,cooling tower c
cooling tower company,cooling tower,cooling tower c
cooling tower drift eliminator,cooling tower,cooling tower d
cooling tower design software,cooling tower,cooling tower d
cooling tower drawing,cooling tower,cooling tower d
cooling tower design,cooling tower,cooling tower d
cooling tower design calculations,cooling tower,cooling tower d
cooling tower design calculations pdf,cooling tower,cooling tower d
cooling tower diagram simple,cooling tower,cooling tower d
cooling tower details,cooling tower,cooling tower d
cooling tower design handbook pdf,cooling tower,cooling tower d
cooling tower fins,cooling tower,cooling tower f
cooling tower float valve,cooling tower,cooling tower f
cooling tower fan blade angle,cooling tower,cooling tower f
cooling tower fan blade,cooling tower,cooling tower f
cooling tower fan motor,cooling tower,cooling tower f
cooling tower fills price,cooling tower,cooling tower f
cooling tower formula,cooling tower,cooling tower f
cooling tower function,cooling tower,cooling tower f
cooling tower efficiency,cooling tower,cooling tower e
cooling tower efficiency formula,cooling tower,cooling tower e
cooling tower evaporation calculation,cooling tower,cooling tower e
cooling tower efficiency calculation,cooling tower,cooling tower e
cooling tower evaporation loss calculation,cooling tower,cooling tower e
cooling tower effectiveness,cooling tower,cooling tower e
cooling tower explained,cooling tower,cooling tower e
cooling tower evaporation loss,cooling tower,cooling tower e
cooling tower eliminator,cooling tower,cooling tower e
cooling tower evaporation loss formula,cooling tower,cooling tower e
cooling tower gearbox,cooling tower,cooling tower g
cooling tower gearbox parts,cooling tower,cooling tower g
cooling tower gearbox details,cooling tower,cooling tower g
cooling tower gearbox oil grade,cooling tower,cooling tower g
cooling tower gearbox name,cooling tower,cooling tower g
cooling tower gpm per ton,cooling tower,cooling tower g
cooling tower gearbox pdf,cooling tower,cooling tower g
cooling tower ga drawing,cooling tower,cooling tower g
cooling tower gif,cooling tower,cooling tower g
cooling tower gearbox assembly,cooling tower,cooling tower g
cooling tower hsn code,cooling tower,cooling tower h
cooling tower hvac,cooling tower,cooling tower h
cooling tower height,cooling tower,cooling tower h
cooling tower hsn code and gst rate,cooling tower,cooling tower h
cooling tower hindi,cooling tower,cooling tower h
cooling tower header,cooling tower,cooling tower h
cooling tower hvac system,cooling tower,cooling tower h
cooling tower heat load calculation,cooling tower,cooling tower h
cooling tower heat exchanger,cooling tower,cooling tower h
cooling tower height in feet,cooling tower,cooling tower h
cooling tower in thermal power plant,cooling tower,cooling tower i
cooling tower in coimbatore,cooling tower,cooling tower i
cooling tower in power plant,cooling tower,cooling tower i
cooling tower in chennai,cooling tower,cooling tower i
cooling tower institute,cooling tower,cooling tower i
cooling tower in hindi,cooling tower,cooling tower i
cooling tower in data center,cooling tower,cooling tower i
cooling tower industrial,cooling tower,cooling tower i
cooling tower in hvac,cooling tower,cooling tower i
cooling tower kya hota hai,cooling tower,cooling tower k
cooling tower ka kya kam hai,cooling tower,cooling tower k
cooling tower kaise kam karta hai,cooling tower,cooling tower k
cooling tower ka photo,cooling tower,cooling tower k
cooling tower ki capacity kaise nikale,cooling tower,cooling tower k
cooling tower ki efficiency kaise nikale,cooling tower,cooling tower k
cooling tower ka tr kaise nikale,cooling tower,cooling tower k
cooling tower kaisa hota hai,cooling tower,cooling tower k
cooling tower ke prakar,cooling tower,cooling tower k
cooling tower kya hota hai in hindi,cooling tower,cooling tower k
cooling tower louvers,cooling tower,cooling tower l
cooling tower losses,cooling tower,cooling tower l
cooling tower line diagram,cooling tower,cooling tower l
cooling tower lowers,cooling tower,cooling tower l
cooling tower losses calculation,cooling tower,cooling tower l
cooling tower ladder,cooling tower,cooling tower l
cooling tower lsi calculator,cooling tower,cooling tower l
cooling tower level switch,cooling tower,cooling tower l
cooling tower line color,cooling tower,cooling tower l
cooling tower l/g ratio,cooling tower,cooling tower l
cooling tower jobs,cooling tower,cooling tower j
cooling tower jobs near me,cooling tower,cooling tower j
cooling tower john lewis,cooling tower,cooling tower j
cooling tower job description,cooling tower,cooling tower j
cooling tower joint sealant,cooling tower,cooling tower j
cooling tower jobs hiring,cooling tower,cooling tower j
cooling tower jobs in texas,cooling tower,cooling tower j
cooling tower jali,cooling tower,cooling tower j
cooling tower johor,cooling tower,cooling tower j
cooling tower japan,cooling tower,cooling tower j
cooling tower motor,cooling tower,cooling tower m
cooling tower manufacturers in india,cooling tower,cooling tower m
cooling tower meaning in tamil,cooling tower,cooling tower m
cooling tower manufacturer near me,cooling tower,cooling tower m
cooling tower maintenance,cooling tower,cooling tower m
cooling tower make,cooling tower,cooling tower m
cooling tower motor price,cooling tower,cooling tower m
cooling tower nozzle,cooling tower,cooling tower n
cooling tower near me,cooling tower,cooling tower n
cooling tower nozzle types,cooling tower,cooling tower n
cooling tower nozzle spray,cooling tower,cooling tower n
cooling tower nuclear power plant,cooling tower,cooling tower n
cooling tower nozzle price,cooling tower,cooling tower n
cooling tower ntpc,cooling tower,cooling tower n
cooling tower natural draft,cooling tower,cooling tower n
cooling tower net,cooling tower,cooling tower n
cooling tower pdf,cooling tower,cooling tower p
cooling tower price,cooling tower,cooling tower p
cooling tower parts,cooling tower,cooling tower p
cooling tower purpose,cooling tower,cooling tower p
cooling tower photo,cooling tower,cooling tower p
cooling tower parts name,cooling tower,cooling tower p
cooling tower pump,cooling tower,cooling tower p
cooling tower parameters,cooling tower,cooling tower p
cooling tower power plant,cooling tower,cooling tower p
cooling tower principle,cooling tower,cooling tower p
cooling tower operation,cooling tower,cooling tower o
cooling tower of thermal power plant,cooling tower,cooling tower o
cooling tower on terrace,cooling tower,cooling tower o
cooling tower orp range,cooling tower,cooling tower o
cooling tower operation video,cooling tower,cooling tower o
cooling tower operation manual,cooling tower,cooling tower o
cooling tower olx,cooling tower,cooling tower o
cooling tower outlet water temperature,cooling tower,cooling tower o
cooling tower of nuclear power plant,cooling tower,cooling tower o
cooling tower orp meaning,cooling tower,cooling tower o
cooling tower questions and answers pdf,cooling tower,cooling tower q
cooling tower questions and answers,cooling tower,cooling tower q
cooling tower quiz,cooling tower,cooling tower q
cooling tower questions,cooling tower,cooling tower q
cooling tower qatar,cooling tower,cooling tower q
cooling tower quotation,cooling tower,cooling tower q
cooling tower quick fill,cooling tower,cooling tower q
cooling tower quizlet,cooling tower,cooling tower q
cooling towers qld,cooling tower,cooling tower q
cooling tower interview questions,cooling tower,cooling tower q
cooling tower range and approach,cooling tower,cooling tower r
cooling tower range,cooling tower,cooling tower r
cooling tower range and approach formula,cooling tower,cooling tower r
cooling tower repairing,cooling tower,cooling tower r
cooling tower rate,cooling tower,cooling tower r
cooling tower repair near me,cooling tower,cooling tower r
cooling tower range approach and efficiency,cooling tower,cooling tower r
cooling tower range formula,cooling tower,cooling tower r
cooling tower riser,cooling tower,cooling tower r
cooling tower recirculation rate calculation,cooling tower,cooling tower r
cooling tower uses,cooling tower,cooling tower u
cooling tower use chemical name,cooling tower,cooling tower u
cooling tower unit,cooling tower,cooling tower u
cooling tower used in thermal power plant,cooling tower,cooling tower u
cooling tower used in industry,cooling tower,cooling tower u
cooling tower unit tr,cooling tower,cooling tower u
cooling tower uk,cooling tower,cooling tower u
cooling tower upper east side,cooling tower,cooling tower u
cooling tower useful life,cooling tower,cooling tower u
cooling tower untuk apa,cooling tower,cooling tower u
cooling tower tr means,cooling tower,cooling tower t
cooling tower tr calculation,cooling tower,cooling tower t
cooling tower tds range,cooling tower,cooling tower t
cooling tower temperature,cooling tower,cooling tower t
cooling tower tr calculation formula,cooling tower,cooling tower t
cooling tower temperature range,cooling tower,cooling tower t
cooling tower tr,cooling tower,cooling tower t
cooling tower types with images,cooling tower,cooling tower t
cooling tower types name,cooling tower,cooling tower t
cooling tower service near me,cooling tower,cooling tower s
cooling tower sprinkler,cooling tower,cooling tower s
cooling tower shape,cooling tower,cooling tower s
cooling tower service hsn code,cooling tower,cooling tower s
cooling tower spares,cooling tower,cooling tower s
cooling tower sprinkler head,cooling tower,cooling tower s
cooling tower schematic diagram,cooling tower,cooling tower s
cooling tower spray nozzle,cooling tower,cooling tower s
cooling tower suppliers,cooling tower,cooling tower s
cooling tower singapore,cooling tower,cooling tower s
cooling tower vs chiller,cooling tower,cooling tower v
cooling tower video,cooling tower,cooling tower v
cooling tower v bar,cooling tower,cooling tower v
cooling tower valve,cooling tower,cooling tower v
cooling tower vendor,cooling tower,cooling tower v
cooling tower vs air conditioner,cooling tower,cooling tower v
cooling tower vfd,cooling tower,cooling tower v
cooling tower vs chiller efficiency,cooling tower,cooling tower v
cooling tower vendors india,cooling tower,cooling tower v
cooling tower vibration limits,cooling tower,cooling tower v
cooling tower working,cooling tower,cooling tower w
cooling tower water treatment,cooling tower,cooling tower w
cooling tower water parameters,cooling tower,cooling tower w
cooling tower water parameters limits,cooling tower,cooling tower w
cooling tower water,cooling tower,cooling tower w
cooling tower wet bulb temperature,cooling tower,cooling tower w
cooling tower working principle in hindi,cooling tower,cooling tower w
cooling tower water temperature,cooling tower,cooling tower w
cooling tower water tds range,cooling tower,cooling tower w
cooling tower xls,cooling tower,cooling tower x
cooling tower xbox,cooling tower,cooling tower x
cooling tower for xbox series s,cooling tower,cooling tower x
cooling tower calculations xls,cooling tower,cooling tower x
cooling tower design calculations xls,cooling tower,cooling tower x
cooling tower sizing calculation xls,cooling tower,cooling tower x
cooling tower xbox series x,cooling tower,cooling tower x
cooling tower makeup water calculation xls,cooling tower,cooling tower x
xiaomi cooling tower,cooling tower,cooling tower x
xag cooling tower,cooling tower,cooling tower x
cooling tower zamboanga city,cooling tower,cooling tower z
cooling tower drift zone,cooling tower,cooling tower z
cooling tower new zealand,cooling tower,cooling tower z
zalman cooling tower,cooling tower,cooling tower z
zesco cooling tower,cooling tower,cooling tower z
zurn cooling tower,cooling tower,cooling tower z
zenith cooling tower,cooling tower,cooling tower z
zion cooling tower,cooling tower,cooling tower z
cool tower zenata,cooling tower,cooling tower z
cooling z200 tower,cooling tower,cooling tower z
cooling tower yankees,cooling tower,cooling tower y
cooling tower yard,cooling tower,cooling tower y
cooling tower youtube,cooling tower,cooling tower y
cooling tower yankees stadium,cooling tower,cooling tower y
cooling tower y strainer,cooling tower,cooling tower y
cooling tower york,cooling tower,cooling tower y
cooling tower yacht,cooling tower,cooling tower y
cooling tower yanov,cooling tower,cooling tower y
cooling towers yorkshire,cooling tower,cooling tower y
cooling tower new york,cooling tower,cooling tower y
best cooling towers,cooling tower,best cooling tower
best cooling tower company in india,cooling tower,best cooling tower
best cooling tower fan,cooling tower,best cooling tower
best cooling towers coimbatore,cooling tower,best cooling tower
best cooling tower manufacturers in india,cooling tower,best cooling tower
best cooling tower fan for bedroom,cooling tower,best cooling tower
best cooling tower fans uk,cooling tower,best cooling tower
best cooling towers uk,cooling tower,best cooling tower
best cooling tower fan reddit,cooling tower,best cooling tower
best cooling tower fan for living room,cooling tower,best cooling tower
why cooling tower is hyperbolic in shape,cooling tower,why cooling tower
why cooling tower is used,cooling tower,why cooling tower
why cooling towers are shaped like that,cooling tower,why cooling tower
why cooling towers,cooling tower,why cooling tower
why cooling towers are hyperbolic,cooling tower,why cooling tower
why cooling tower shape,cooling tower,why cooling tower
why are cooling towers hyperboloid,cooling tower,why cooling tower
why are cooling towers demolished,cooling tower,why cooling tower
why are nuclear cooling towers shaped like that,cooling tower,why cooling tower
what is cooling tower,cooling tower,what is cooling tower
what is cooling tower approach,cooling tower,what is cooling tower
what is cooling tower in hvac,cooling tower,what is cooling tower
what is cooling tower blowdown,cooling tower,what is cooling tower
what is cooling tower in thermal power plant,cooling tower,what is cooling tower
what is cooling tower in power plant,cooling tower,what is cooling tower
what is cooling tower coc,cooling tower,what is cooling tower
what is cooling tower in hindi,cooling tower,what is cooling tower
what is cooling tower efficiency,cooling tower,what is cooling tower
what is cooling tower used for,cooling tower,what is cooling tower
how to cooling towers work,cooling tower,how to cooling tower
how to cooling tower,cooling tower,how to cooling tower
how to calculate cooling tower capacity,cooling tower,how to cooling tower
how to calculate cooling tower efficiency,cooling tower,how to cooling tower
how to calculate cooling tower capacity in tr,cooling tower,how to cooling tower
how to clean cooling tower,cooling tower,how to cooling tower
how to calculate cooling tower tr,cooling tower,how to cooling tower
how to calculate cooling tower evaporation loss,cooling tower,how to cooling tower
how to design cooling tower,cooling tower,how to cooling tower
how to size cooling tower,cooling tower,how to cooling tower
top cooling tower manufacturers in india,cooling tower,top cooling tower
top cooling tower companies in india,cooling tower,top cooling tower
top cooling tower manufacturers in world,cooling tower,top cooling tower
top cooling tower manufacturers,cooling tower,top cooling tower
top cooling tower fans,cooling tower,top cooling tower
top cooling tower,cooling tower,top cooling tower
top cooling tower brands,cooling tower,top cooling tower
top cooling tower manufacturers in usa,cooling tower,top cooling tower
top cooling tower companies,cooling tower,top cooling tower
buy cooling tower fan,cooling tower,buy cooling tower
buy cooling tower,cooling tower,buy cooling tower
best buy cooling tower,cooling tower,buy cooling tower
best buy cooling tower fan,cooling tower,buy cooling tower
buy dyson cool tower fan,cooling tower,buy cooling tower
buy dyson cool tower,cooling tower,buy cooling tower
cooling tower buy online,cooling tower,buy cooling tower
cooling tower for home use,cooling tower,buy cooling tower
cooling tower companies,cooling tower,buy cooling tower
which cooling towers have legionella,cooling tower,which cooling tower
which cooling tower is best,cooling tower,which cooling tower
which cooling towers were demolished,cooling tower,which cooling tower
which cooling tower fan,cooling tower,which cooling tower
where cooling tower is used,cooling tower,which cooling tower
which type of cooling tower,cooling tower,which cooling tower
which is the best cooling tower fan,cooling tower,which cooling tower
how did cooling towers work,cooling tower,which cooling tower
how does a cooling tower work,cooling tower,which cooling tower
does cooling tower use refrigerant,cooling tower,does cooling tower
do cooling tower fans work,cooling tower,does cooling tower
do cooling towers work,cooling tower,does cooling tower
do cooling towers cause pollution,cooling tower,does cooling tower
do cooling towers run in the winter,cooling tower,does cooling tower
do cooling towers work in humid climates,cooling tower,does cooling tower
do cooling towers have refrigerant,cooling tower,does cooling tower
do cooling towers use a lot of water,cooling tower,does cooling tower
do cooling towers recycle water,cooling tower,does cooling tower
do cooling towers use water,cooling tower,does cooling tower
can cooling towers use salt water,cooling tower,can cooling tower
can cooling towers freeze,cooling tower,can cooling tower
do cooling towers use refrigerant,cooling tower,can cooling tower
cooling tower company in coimbatore,cooling tower,cooling tower in coimbatore
cooling tower suppliers in coimbatore,cooling tower,cooling tower in coimbatore
cooling tower service in coimbatore,cooling tower,cooling tower in coimbatore
industrial cooling tower manufacturers in coimbatore,cooling tower,cooling tower in coimbatore
top 10 cooling tower manufacturers in coimbatore,cooling tower,cooling tower in coimbatore
cooling tower in pune,cooling tower,cooling tower in pune
cooling tower manufacturer in pune,cooling tower,cooling tower in pune
cooling tower supplier in pune,cooling tower,cooling tower in pune
cooling tower company in pune,cooling tower,cooling tower in pune
industrial cooling tower manufacturers in pune,cooling tower,cooling tower in pune
frp cooling tower manufacturer in pune,cooling tower,cooling tower in pune
cooling tower suppliers in chennai,cooling tower,cooling tower in chennai
cooling tower service in chennai,cooling tower,cooling tower in chennai
cooling tower fills manufacturers in chennai,cooling tower,cooling tower in chennai
industrial cooling tower manufacturers in chennai,cooling tower,cooling tower in chennai
frp cooling tower manufacturers in chennai,cooling tower,cooling tower in chennai
cooling tower in hyderabad,cooling tower,cooling tower in hyderabad
cooling tower manufacturers in hyderabad,cooling tower,cooling tower in hyderabad
cooling tower suppliers in hyderabad,cooling tower,cooling tower in hyderabad
frp cooling tower manufacturers in hyderabad,cooling tower,cooling tower in hyderabad
cooling tower in bangalore,cooling tower,cooling tower in bangalore
cooling tower manufacturers in bangalore,cooling tower,cooling tower in bangalore
cooling tower suppliers in bangalore,cooling tower,cooling tower in bangalore
cooling tower in ahmedabad,cooling tower,cooling tower in ahmedabad
cooling tower manufacturer in ahmedabad,cooling tower,cooling tower in ahmedabad
cooling tower supplier in ahmedabad,cooling tower,cooling tower in ahmedabad
cooling tower manufacturer in ahmedabad contact number,cooling tower,cooling tower in ahmedabad
cooling tower motor manufacturer in ahmedabad,cooling tower,cooling tower in ahmedabad
cooling tower fills manufacturers in ahmedabad,cooling tower,cooling tower in ahmedabad
frp cooling tower manufacturer in ahmedabad,cooling tower,cooling tower in ahmedabad
cooling tower explanation,cooling tower,cooling tower in ahmedabad
cooling tower in mumbai,cooling tower,cooling tower in mumbai
cooling tower manufacturer in mumbai,cooling tower,cooling tower in mumbai
cooling tower supplier in mumbai,cooling tower,cooling tower in mumbai
cooling tower company in mumbai,cooling tower,cooling tower in mumbai
cooling tower fan manufacturers in mumbai,cooling tower,cooling tower in mumbai
cooling tower cafe mumbai,cooling tower,cooling tower in mumbai
cooling tower manufacturer in navi mumbai,cooling tower,cooling tower in mumbai
cooling tower price in india,cooling tower,cooling tower in mumbai
cooling towers near meadowhall,cooling tower,cooling tower near me
cooling tower fan near me,cooling tower,cooling tower near me
cooling tower supplier near me,cooling tower,cooling tower near me
cooling tower parts near me,cooling tower,cooling tower near me
cooling tower price list,cooling tower,cooling tower price
cooling tower price in pakistan,cooling tower,cooling tower price
cooling tower price in sri lanka,cooling tower,cooling tower price
cooling tower price philippines,cooling tower,cooling tower price
cooling tower price malaysia,cooling tower,cooling tower price
cooling tower price in bangladesh,cooling tower,cooling tower price
cooling tower price per ton,cooling tower,cooling tower price
cooling tower price in south africa,cooling tower,cooling tower price
cooling tower in delhi,cooling tower,cooling tower in delhi
cooling tower manufacturer in delhi,cooling tower,cooling tower in delhi
cooling tower manufacturer in delhi ncr,cooling tower,cooling tower in delhi
cooling tower company in delhi,cooling tower,cooling tower in delhi
cooling tower supplier in delhi,cooling tower,cooling tower in delhi
cooling tower inderlok delhi,cooling tower,cooling tower in delhi
frp cooling tower manufacturer in delhi,cooling tower,cooling tower in delhi
best cooling tower manufacturer in delhi,cooling tower,cooling tower in delhi
cooling tower cost,cooling tower,cooling tower cost
cooling tower cost per ton,cooling tower,cooling tower cost
cooling tower cost per ton in india,cooling tower,cooling tower cost
cooling tower costco,cooling tower,cooling tower cost
cooling tower cost estimation,cooling tower,cooling tower cost
cooling tower cost calculator,cooling tower,cooling tower cost
cooling tower costume,cooling tower,cooling tower cost
cooling tower for plastic injection moulding machine,cooling tower,cooling tower for plastic
cooling tower plastic fins,cooling tower,cooling tower for plastic
cooling tower plastic film,cooling tower,cooling tower for plastic
cooling tower plastics,cooling tower,cooling tower for plastic
cooling tower plastic material,cooling tower,cooling tower for plastic
cooling tower plastic fan,cooling tower,cooling tower for plastic
cooling tower plastic nozzle,cooling tower,cooling tower for plastic
cooling tower repair companies,cooling tower,cooling tower for plastic
cooling tower regulations,cooling tower,cooling tower for plastic
cooling tower guidelines,cooling tower,cooling tower for plastic
cooling tower dairy,cooling tower,cooling tower for dairy
cooling tower in dairy industry,cooling tower,cooling tower for dairy
cooling tower calculation example,cooling tower,cooling tower for dairy
cooling tower for injection moulding machine,cooling tower,cooling tower for injection moulding
cooling tower for injection moulding machine price,cooling tower,cooling tower for injection moulding
cooling tower for injection moulding,cooling tower,cooling tower for injection moulding
water cooling tower for injection moulding machine,cooling tower,cooling tower for injection moulding
cooling time formula injection molding,cooling tower,cooling tower for injection moulding
cooling tower chemical treatment,cooling tower,cooling tower for injection moulding
cooling tower working principle pdf,cooling tower,cooling tower working principle
cooling tower working principle and types,cooling tower,cooling tower working principle
cooling tower working principle diagram,cooling tower,cooling tower working principle
cooling tower working principle in gujarati,cooling tower,cooling tower working principle
cooling tower working principle animation,cooling tower,cooling tower working principle
cooling tower working principle in tamil,cooling tower,cooling tower working principle
cooling tower working principle in marathi,cooling tower,cooling tower working principle
cooling tower working principle ppt,cooling tower,cooling tower working principle
cooling tower pharma,cooling tower,cooling tower for pharma
cooling tower in pharmaceutical industry,cooling tower,cooling tower for pharma
cooling tower chemical treatment companies,cooling tower,cooling tower for pharma
cooling tower process,cooling tower,cooling tower for pharma
cooling tower manufacturers near me,cooling tower,cooling tower manufacturers
cooling tower manufacturers in mumbai,cooling tower,cooling tower manufacturers
cooling tower manufacturers in kerala,cooling tower,cooling tower manufacturers
cooling tower manufacturers in pune,cooling tower,cooling tower manufacturers
cooling tower manufacturers in gujarat,cooling tower,cooling tower manufacturers
cooling tower suppliers in india,cooling tower,cooling tower supplier
cooling tower supplier uae,cooling tower,cooling tower supplier
cooling tower supplier philippines,cooling tower,cooling tower supplier
cooling tower supplier in malaysia,cooling tower,cooling tower supplier
cooling tower suppliers in sri lanka,cooling tower,cooling tower supplier
cooling tower supplier in bangladesh,cooling tower,cooling tower supplier
cooling tower dealers,cooling tower,cooling tower dealers
cooling tower for sale,cooling tower,cooling tower dealers
cooling tower parts diagram,cooling tower,cooling tower dealers
cooling tower parts and functions pdf,cooling tower,cooling tower dealers
cooling tower parts and functions,cooling tower,cooling tower dealers
cooling tower parts name with picture,cooling tower,cooling tower dealers
cooling tower distributor,cooling tower,cooling tower dealers
cooling tower amc,cooling tower,cooling tower amc
amcot cooling tower,cooling tower,cooling tower amc
amcot cooling tower parts,cooling tower,cooling tower amc
amcot cooling tower corp,cooling tower,cooling tower amc
amcot cooling tower manual,cooling tower,cooling tower amc
amcon cooling tower,cooling tower,cooling tower amc
cooling tower service,cooling tower,cooling tower service
cooling tower service company,cooling tower,cooling tower service
cooling tower service companies near me,cooling tower,cooling tower service
cooling tower service providers,cooling tower,cooling tower service
cooling tower service platform,cooling tower,cooling tower service
cooling tower services singapore,cooling tower,cooling tower service
cooling tower services nz ltd,cooling tower,cooling tower service
cooling tower service report,cooling tower,cooling tower service
cooling tower repairing services,cooling tower,cooling tower repair
cooling tower repair work,cooling tower,cooling tower repair
cooling tower repair companies near me,cooling tower,cooling tower repair
cooling tower repair los angeles,cooling tower,cooling tower repair
cooling tower repair kit,cooling tower,cooling tower repair
cooling tower repairs sydney,cooling tower,cooling tower repair
cooling tower vs chimney,cooling tower,cooling tower vs
cooling tower vs condenser,cooling tower,cooling tower vs
cooling tower vs fluid cooler,cooling tower,cooling tower vs
cooling tower vs air cooled chiller,cooling tower,cooling tower vs
cooling tower vs fan,cooling tower,cooling tower vs
cooling tower vs dry cooler,cooling tower,cooling tower vs
cooling tower vs evaporative condenser,cooling tower,cooling tower vs
cooling tower specifications,cooling tower,cooling tower specification
cooling tower specification sheet,cooling tower,cooling tower specification
cooling tower specification pdf,cooling tower,cooling tower specification
cooling tower spec section,cooling tower,cooling tower specification
cooling tower dimensions,cooling tower,cooling tower specification
evapco cooling tower specifications pdf,cooling tower,cooling tower specification
cooling tower motor specification,cooling tower,cooling tower specification
marley cooling tower specifications,cooling tower,cooling tower specification
evapco cooling tower specifications,cooling tower,cooling tower specification
paharpur cooling tower specification,cooling tower,cooling tower specification
cooling tower capacity calculation formula,cooling tower,cooling tower capacity calculation
cooling tower capacity calculation pdf,cooling tower,cooling tower capacity calculation
cooling tower capacity calculation excel,cooling tower,cooling tower capacity calculation
cooling tower capacity calculation in tr,cooling tower,cooling tower capacity calculation
cooling tower capacity calculation example,cooling tower,cooling tower capacity calculation
cooling tower capacity calculation online,cooling tower,cooling tower capacity calculation
cooling tower load calculation,cooling tower,cooling tower capacity calculation
cooling tower tr calculation pdf,cooling tower,cooling tower capacity calculation
cooling tower 1 ton,cooling tower,cooling tower 1 ton
1 ton cooling tower price,cooling tower,cooling tower 1 ton
100 ton cooling tower price,cooling tower,cooling tower 1 ton
cooling tower 2 ton,cooling tower,cooling tower 2 ton
cooling tower capacity in tons,cooling tower,cooling tower 2 ton
cooling tower size,cooling tower,cooling tower 2 ton
cooling tower 10 ton,cooling tower,cooling tower 10 ton
10 ton cooling tower price,cooling tower,cooling tower 10 ton
10 tr cooling tower price,cooling tower,cooling tower 10 ton
cooling tower 5 ton,cooling tower,cooling tower 5 ton
cooling tower 3 ton,cooling tower,cooling tower 3 ton
cooling tower 3 gpm per ton,cooling tower,cooling tower 3 ton
cooling tower issues,cooling tower,cooling tower 3 ton
cooling tower 20 ton,cooling tower,cooling tower 20 ton
20 ton cooling tower price,cooling tower,cooling tower 20 ton
cooling tower supplier bd,cooling tower manufacturers,cooling tower manufacturers b
cooling tower manufacturer in bawana,cooling tower manufacturers,cooling tower manufacturers b
cooling tower manufacturer in bhiwadi,cooling tower manufacturers,cooling tower manufacturers b
cooling tower manufacturer in bangladesh,cooling tower manufacturers,cooling tower manufacturers b
cooling tower manufacturer in bhosari,cooling tower manufacturers,cooling tower manufacturers b
cooling tower manufacturer in bihar,cooling tower manufacturers,cooling tower manufacturers b
cooling tower manufacturer in bhopal,cooling tower manufacturers,cooling tower manufacturers b
cooling tower manufacturer in west bengal,cooling tower manufacturers,cooling tower manufacturers b
cooling tower manufacturing company,cooling tower manufacturers,cooling tower manufacturers c
cooling tower manufacturer china,cooling tower manufacturers,cooling tower manufacturers c
cooling tower manufacturer coimbatore,cooling tower manufacturers,cooling tower manufacturers c
cooling tower manufacturing company in india,cooling tower manufacturers,cooling tower manufacturers c
cooling tower manufacturer chennai,cooling tower manufacturers,cooling tower manufacturers c
cooling tower chemicals manufacturers in india,cooling tower manufacturers,cooling tower manufacturers c
cooling tower chemical manufacturers,cooling tower manufacturers,cooling tower manufacturers c
cooling tower cleaning companies,cooling tower manufacturers,cooling tower manufacturers c
cooling tower chemical suppliers,cooling tower manufacturers,cooling tower manufacturers c
cooling tower construction companies,cooling tower manufacturers,cooling tower manufacturers c
cooling tower manufacturer delhi,cooling tower manufacturers,cooling tower manufacturers d
cooling tower manufacturers in delhi ncr,cooling tower manufacturers,cooling tower manufacturers d
cooling tower manufacturer in dubai,cooling tower manufacturers,cooling tower manufacturers d
cooling tower companies in dubai,cooling tower manufacturers,cooling tower manufacturers d
cooling tower supplier in dubai,cooling tower manufacturers,cooling tower manufacturers d
natural draft cooling tower manufacturers in india,cooling tower manufacturers,cooling tower manufacturers d
data center cooling tower manufacturers,cooling tower manufacturers,cooling tower manufacturers d
natural draft cooling tower manufacturers,cooling tower manufacturers,cooling tower manufacturers d
dry type cooling tower manufacturers in india,cooling tower manufacturers,cooling tower manufacturers d
cooling tower manufacturers australia,cooling tower manufacturers,cooling tower manufacturers a
cooling tower manufacturer ahmedabad,cooling tower manufacturers,cooling tower manufacturers a
cooling tower manufacturer in ankleshwar,cooling tower manufacturers,cooling tower manufacturers a
cooling tower manufacturer in aurangabad,cooling tower manufacturers,cooling tower manufacturers a
cooling tower manufacturer in agra,cooling tower manufacturers,cooling tower manufacturers a
cooling tower manufacturers in saudi arabia,cooling tower manufacturers,cooling tower manufacturers a
cooling tower suppliers south africa,cooling tower manufacturers,cooling tower manufacturers a
cooling tower manufacturers in europe,cooling tower manufacturers,cooling tower manufacturers e
cooling tower manufacturers in usa,cooling tower manufacturers,cooling tower manufacturers e
cooling tower fan manufacturers,cooling tower manufacturers,cooling tower manufacturers f
cooling tower fills manufacturers in india,cooling tower manufacturers,cooling tower manufacturers f
cooling tower fills manufacturers,cooling tower manufacturers,cooling tower manufacturers f
cooling tower fan manufacturers india,cooling tower manufacturers,cooling tower manufacturers f
cooling tower fins manufacturer,cooling tower manufacturers,cooling tower manufacturers f
cooling tower fills supplier,cooling tower manufacturers,cooling tower manufacturers f
cooling tower fills supplier in uae,cooling tower manufacturers,cooling tower manufacturers f
cooling tower manufacturers in ahmedabad,cooling tower manufacturers,cooling tower manufacturers i
cooling tower manufacturers in tamilnadu,cooling tower manufacturers,cooling tower manufacturers i
cooling tower gearbox manufacturer,cooling tower manufacturers,cooling tower manufacturers g
cooling tower manufacturers in ghaziabad,cooling tower manufacturers,cooling tower manufacturers g
cooling tower manufacturer in gurgaon,cooling tower manufacturers,cooling tower manufacturers g
cooling tower manufacturer in greater noida,cooling tower manufacturers,cooling tower manufacturers g
cooling tower manufacturer in germany,cooling tower manufacturers,cooling tower manufacturers g
cooling tower manufacturer in goa,cooling tower manufacturers,cooling tower manufacturers g
cooling tower companies hiring,cooling tower manufacturers,cooling tower manufacturers h
cooling tower manufacturers list,cooling tower manufacturers,cooling tower manufacturers h
cooling tower manufacturer in haryana,cooling tower manufacturers,cooling tower manufacturers h
cooling tower companies in houston,cooling tower manufacturers,cooling tower manufacturers h
hvac cooling tower manufacturers,cooling tower manufacturers,cooling tower manufacturers h
cooling tower supplier johor,cooling tower manufacturers,cooling tower manufacturers j
cooling tower manufacturers in jaipur,cooling tower manufacturers,cooling tower manufacturers j
cooling tower supplier in johor bahru,cooling tower manufacturers,cooling tower manufacturers j
cooling tower manufacturers in kolkata,cooling tower manufacturers,cooling tower manufacturers k
cooling tower manufacturers in karnataka,cooling tower manufacturers,cooling tower manufacturers k
cooling tower manufacturer in karachi,cooling tower manufacturers,cooling tower manufacturers k
cooling tower manufacturer in kanpur,cooling tower manufacturers,cooling tower manufacturers k
cooling tower manufacturer in kolhapur,cooling tower manufacturers,cooling tower manufacturers k
cooling tower supplier in karachi,cooling tower manufacturers,cooling tower manufacturers k
cooling tower suppliers in kuwait,cooling tower manufacturers,cooling tower manufacturers k
cooling tower companies near me,cooling tower manufacturers,cooling tower manufacturers n
cooling tower nozzle manufacturers,cooling tower manufacturers,cooling tower manufacturers n
cooling tower manufacturer mumbai,cooling tower manufacturers,cooling tower manufacturers m
cooling tower manufacturer malaysia,cooling tower manufacturers,cooling tower manufacturers m
cooling tower supplier malaysia,cooling tower manufacturers,cooling tower manufacturers m
cooling tower motor manufacturer,cooling tower manufacturers,cooling tower manufacturers m
cooling tower maintenance companies,cooling tower manufacturers,cooling tower manufacturers m
cooling tower manufacturers in maharashtra,cooling tower manufacturers,cooling tower manufacturers m
cooling tower motor supplier,cooling tower manufacturers,cooling tower manufacturers m
cooling tower manufacturers in madhya pradesh,cooling tower manufacturers,cooling tower manufacturers m
cooling tower companies list,cooling tower manufacturers,cooling tower manufacturers l
cooling tower manufacturers in ludhiana,cooling tower manufacturers,cooling tower manufacturers l
cooling tower manufacturer in lahore,cooling tower manufacturers,cooling tower manufacturers l
cooling tower manufacturer in lucknow,cooling tower manufacturers,cooling tower manufacturers l
paharpur cooling towers ltd manufacturing plant,cooling tower manufacturers,cooling tower manufacturers l
largest cooling tower manufacturers,cooling tower manufacturers,cooling tower manufacturers l
closed loop cooling tower manufacturers in india,cooling tower manufacturers,cooling tower manufacturers l
closed loop cooling tower manufacturers,cooling tower manufacturers,cooling tower manufacturers l
closed loop cooling tower manufacturers in oman,cooling tower manufacturers,cooling tower manufacturers l
cooling tower manufacturers in oman,cooling tower manufacturers,cooling tower manufacturers o
cooling tower manufacturer in odisha,cooling tower manufacturers,cooling tower manufacturers o
cooling tower suppliers in oman,cooling tower manufacturers,cooling tower manufacturers o
cooling tower manufacturer paharpur,cooling tower manufacturers,cooling tower manufacturers p
cooling tower manufacturing process,cooling tower manufacturers,cooling tower manufacturers p
cooling tower pump manufacturers,cooling tower manufacturers,cooling tower manufacturers p
cooling tower supplier penang,cooling tower manufacturers,cooling tower manufacturers p
cooling tower parts supplier,cooling tower manufacturers,cooling tower manufacturers p
cooling tower parts supplier in the philippines,cooling tower manufacturers,cooling tower manufacturers p
cooling tower manufacturer in pakistan,cooling tower manufacturers,cooling tower manufacturers p
cooling tower manufacturer in punjab,cooling tower manufacturers,cooling tower manufacturers p
cooling tower manufacturer in rajkot,cooling tower manufacturers,cooling tower manufacturers r
cooling tower manufacturer in raipur,cooling tower manufacturers,cooling tower manufacturers r
cooling tower manufacturer in rajasthan,cooling tower manufacturers,cooling tower manufacturers r
rcc cooling tower manufacturers in india,cooling tower manufacturers,cooling tower manufacturers r
cooling tower manufacturers in qatar,cooling tower manufacturers,cooling tower manufacturers q
cooling tower supplier in qatar,cooling tower manufacturers,cooling tower manufacturers q
cooling tower brands,cooling tower manufacturers,cooling tower manufacturers q
cooling tower supplier singapore,cooling tower manufacturers,cooling tower manufacturers s
cooling tower spares supplier,cooling tower manufacturers,cooling tower manufacturers s
cooling tower service companies,cooling tower manufacturers,cooling tower manufacturers s
cooling tower manufacturer in surat,cooling tower manufacturers,cooling tower manufacturers s
cooling tower manufacturer in sonipat,cooling tower manufacturers,cooling tower manufacturers s
cooling tower supplier in saudi arabia,cooling tower manufacturers,cooling tower manufacturers s
cooling tower treatment companies,cooling tower manufacturers,cooling tower manufacturers t
cooling tower manufacturer in turkey,cooling tower manufacturers,cooling tower manufacturers t
cooling tower manufacturer in thailand,cooling tower manufacturers,cooling tower manufacturers t
cooling tower manufacturer in tanzania,cooling tower manufacturers,cooling tower manufacturers t
cooling tower companies in texas,cooling tower manufacturers,cooling tower manufacturers t
cooling tower supplier in the philippines,cooling tower manufacturers,cooling tower manufacturers t
timber cooling tower manufacturers in india,cooling tower manufacturers,cooling tower manufacturers t
cooling tower manufacturers uk,cooling tower manufacturers,cooling tower manufacturers u
cooling tower manufacturers usa,cooling tower manufacturers,cooling tower manufacturers u
cooling tower suppliers uk,cooling tower manufacturers,cooling tower manufacturers u
cooling tower companies usa,cooling tower manufacturers,cooling tower manufacturers u
cooling tower manufacturers in uae,cooling tower manufacturers,cooling tower manufacturers u
cooling tower manufacturer in uttar pradesh,cooling tower manufacturers,cooling tower manufacturers u
cooling tower companies in uae,cooling tower manufacturers,cooling tower manufacturers u
water cooling tower manufacturers,cooling tower manufacturers,cooling tower manufacturers w
wooden cooling tower manufacturers,cooling tower manufacturers,cooling tower manufacturers w
cooling tower manufacturers in vadodara,cooling tower manufacturers,cooling tower manufacturers v
cooling tower manufacturer in vapi,cooling tower manufacturers,cooling tower manufacturers v
cooling tower manufacturer in vasai,cooling tower manufacturers,cooling tower manufacturers v
cooling tower manufacturer in vatva,cooling tower manufacturers,cooling tower manufacturers v
heat exchanger cooling tower pressure vessels manufacturers in india,cooling tower manufacturers,cooling tower manufacturers v
best cooling tower manufacturers,cooling tower manufacturers,best cooling tower manufacturers
best cooling tower companies,cooling tower manufacturers,best cooling tower manufacturers
top 10 cooling tower manufacturers in india,cooling tower manufacturers,best cooling tower manufacturers
top 10 cooling tower manufacturers,cooling tower manufacturers,best cooling tower manufacturers
cooling tower manufacturer in india,cooling tower manufacturers,cooling tower manufacturers in bangalore
cooling tower manufacturer in gujarat,cooling tower manufacturers,cooling tower manufacturers in ahmedabad
frp cooling tower manufacturer near me,cooling tower manufacturers,cooling tower manufacturers near me
cooling tower fills supplier near me,cooling tower manufacturers,cooling tower manufacturers near me
cooling tower cleaning companies near me,cooling tower manufacturers,cooling tower manufacturers near me
cooling tower water treatment companies near me,cooling tower manufacturers,cooling tower manufacturers near me
cooling tower chemical treatment companies near me,cooling tower manufacturers,cooling tower manufacturers near me
cooling tower manufacturers in delhi,cooling tower manufacturers,cooling tower manufacturers in delhi
cooling tower manufacturing companies in india,cooling tower manufacturers,cooling tower manufacturers manufacturers
cooling tower manufacturing companies,cooling tower manufacturers,cooling tower manufacturers manufacturers
cooling tower common problems,cooling tower manufacturers,cooling tower manufacturers repair
frp cooling tower,frp cooling tower,frp cooling tower
frp cooling tower hsn code,frp cooling tower,frp cooling tower
frp cooling tower manufacturer,frp cooling tower,frp cooling tower
frp cooling tower full form,frp cooling tower,frp cooling tower
frp cooling tower price,frp cooling tower,frp cooling tower
frp cooling tower fan blade,frp cooling tower,frp cooling tower
frp cooling tower images,frp cooling tower,frp cooling tower
frp cooling tower manufacturers in india,frp cooling tower,frp cooling tower
frp cooling tower series 3800,frp cooling tower,frp cooling tower
what is frp cooling tower,frp cooling tower,frp cooling tower a
cooling tower frp structure,frp cooling tower,frp cooling tower a
frp cooling tower blade,frp cooling tower,frp cooling tower b
frp cooling tower with basin,frp cooling tower,frp cooling tower b
frp cooling towers manufacturers in bhopal,frp cooling tower,frp cooling tower b
frp based cooling tower,frp cooling tower,frp cooling tower b
frp bottle shape cooling tower,frp cooling tower,frp cooling tower b
frp cooling tower design,frp cooling tower,frp cooling tower d
frp cooling tower drawing,frp cooling tower,frp cooling tower d
frp induced draft cooling tower,frp cooling tower,frp cooling tower d
frp natural draft cooling tower,frp cooling tower,frp cooling tower d
frp cooling tower capacity,frp cooling tower,frp cooling tower c
frp cooling tower catalogue pdf,frp cooling tower,frp cooling tower c
frp cooling tower components,frp cooling tower,frp cooling tower c
frp cooling tower hs code,frp cooling tower,frp cooling tower c
cooling tower frp casing,frp cooling tower,frp cooling tower c
cooling tower frp coating,frp cooling tower,frp cooling tower c
frp counter flow cooling tower,frp cooling tower,frp cooling tower c
frp cross flow cooling tower,frp cooling tower,frp cooling tower c
frp cooling tower fan,frp cooling tower,frp cooling tower f
frp cooling tower fan stack,frp cooling tower,frp cooling tower f
frp cooling tower fills,frp cooling tower,frp cooling tower f
frp for cooling tower,frp cooling tower,frp cooling tower f
frp louvers for cooling tower,frp cooling tower,frp cooling tower f
frp blades for cooling tower,frp cooling tower,frp cooling tower f
frp casing for cooling tower,frp cooling tower,frp cooling tower f
frp cooling tower manufacturer in gujarat,frp cooling tower,frp cooling tower g
frp cooling tower installation,frp cooling tower,frp cooling tower i
frp cooling tower manufacturer in kolkata,frp cooling tower,frp cooling tower i
himgiri frp cooling tower,frp cooling tower,frp cooling tower h
hi tech frp cooling tower,frp cooling tower,frp cooling tower h
frp cooling tower louvers,frp cooling tower,frp cooling tower l
frp cooling tower meaning,frp cooling tower,frp cooling tower m
frp cooling tower parts name,frp cooling tower,frp cooling tower n
frp cooling tower parts,frp cooling tower,frp cooling tower p
frp cooling tower paharpur,frp cooling tower,frp cooling tower p
frp cooling tower photo,frp cooling tower,frp cooling tower p
himgiri frp cooling towers pvt ltd,frp cooling tower,frp cooling tower p
himgiri frp cooling towers photos,frp cooling tower,frp cooling tower p
pultruded frp cooling tower,frp cooling tower,frp cooling tower p
frp of cooling tower,frp cooling tower,frp cooling tower o
hsn code of frp cooling tower,frp cooling tower,frp cooling tower o
frp round cooling tower,frp cooling tower,frp cooling tower r
frp vs rcc cooling tower,frp cooling tower,frp cooling tower r
frp cooling tower specification,frp cooling tower,frp cooling tower s
frp cooling tower supplier,frp cooling tower,frp cooling tower s
frp cooling tower structure,frp cooling tower,frp cooling tower s
frp square cooling tower,frp cooling tower,frp cooling tower s
cooling tower frp sheet,frp cooling tower,frp cooling tower s
frp square type cooling tower,frp cooling tower,frp cooling tower s
frp type cooling tower,frp cooling tower,frp cooling tower t
top frp cooling tower manufacturers in india,frp cooling tower,frp cooling tower t
50 tr frp cooling tower,frp cooling tower,frp cooling tower t
frp cooling tower manufacturer in vadodara,frp cooling tower,frp cooling tower v
frp vs wooden cooling tower,frp cooling tower,frp cooling tower v
frp cooling tower working,frp cooling tower,frp cooling tower w
frp water cooling tower,frp cooling tower,frp cooling tower w
frp cooling tower uses,frp cooling tower,frp cooling tower u
frp cooling tower manufacturers,frp cooling tower,frp cooling tower dealers
cooling tower ac price,cooling tower price,cooling tower price a
cooling tower approach value,cooling tower price,cooling tower price a
adiabatic cooling tower price,cooling tower price,cooling tower price a
cooling tower chemical price,cooling tower price,cooling tower price c
cooling tower cleaning price,cooling tower price,cooling tower price c
cooling tower chemical price list pdf,cooling tower price,cooling tower price c
cooling tower price in china,cooling tower price,cooling tower price c
cooling tower construction cost,cooling tower price,cooling tower price c
summer cool tower cooler price,cooling tower price,cooling tower price c
chiller cooling tower price,cooling tower price,cooling tower price c
chiller cooling tower price in pakistan,cooling tower price,cooling tower price c
closed circuit cooling tower price,cooling tower price,cooling tower price c
cooling tower blade price,cooling tower price,cooling tower price b
cooling tower fan blade price,cooling tower price,cooling tower price b
cooling tower gear box price,cooling tower price,cooling tower price b
dyson cool tower best price,cooling tower price,cooling tower price b
bac cooling tower price,cooling tower price,cooling tower price b
cooling tower infill price in bangladesh,cooling tower price,cooling tower price b
best cooling tower fan price,cooling tower price,cooling tower price b
cooling tower rooftop bar menu price,cooling tower price,cooling tower price b
delta cooling tower price,cooling tower price,cooling tower price d
cooling tower drift eliminator price,cooling tower price,cooling tower price d
cooling tower evaporation rates,cooling tower price,cooling tower price e
evapco cooling tower price,cooling tower price,cooling tower price e
evapco cooling tower price list,cooling tower price,cooling tower price e
cooling tower fan price,cooling tower price,cooling tower price f
cooling tower fins price,cooling tower price,cooling tower price f
cooling tower fan price in pakistan,cooling tower price,cooling tower price f
cooling tower fills price in pakistan,cooling tower price,cooling tower price f
cooling tower finch price,cooling tower price,cooling tower price f
cooling tower fan price in india,cooling tower price,cooling tower price f
cooling tower filter price,cooling tower price,cooling tower price f
tower cooling fan price surya gold,cooling tower price,cooling tower price f
cooling tower pvc fills price,cooling tower price,cooling tower price f
cooling tower price in uae,cooling tower price,cooling tower price i
cooling tower price in nigeria,cooling tower price,cooling tower price i
cooling tower price in malaysia,cooling tower price,cooling tower price i
cooling tower gearbox price,cooling tower price,cooling tower price g
galaxy cooling tower price,cooling tower price,cooling tower price g
tower cooling fan surya gold price,cooling tower price,cooling tower price g
cooling tower sprinkler head price,cooling tower price,cooling tower price h
cooling tower fan hub price,cooling tower price,cooling tower price h
himgiri cooling tower price list,cooling tower price,cooling tower price h
himgiri cooling tower price,cooling tower price,cooling tower price h
cooling tower machine price,cooling tower price,cooling tower price m
cooling tower maintenance cost,cooling tower price,cooling tower price m
cooling tower media cost,cooling tower price,cooling tower price m
cooling tower fan motor price,cooling tower price,cooling tower price m
cooling tower fill media price,cooling tower price,cooling tower price m
mini cooling tower price,cooling tower price,cooling tower price m
marley cooling tower price,cooling tower price,cooling tower price m
7.5 hp cooling tower motor price,cooling tower price,cooling tower price m
oscillating cooling tower price,cooling tower price,cooling tower price o
price of cooling tower,cooling tower price,cooling tower price o
cooling tower louvers price,cooling tower price,cooling tower price l
mihir cooling tower price list,cooling tower price,cooling tower price l
paharpur cooling towers price list,cooling tower price,cooling tower price l
cooling tower 500 ltr price,cooling tower price,cooling tower price l
cooling tower pump price,cooling tower price,cooling tower price p
paharpur cooling tower price,cooling tower price,cooling tower price p
cooling tower replacement cost,cooling tower price,cooling tower price r
cooling tower rental cost,cooling tower price,cooling tower price r
cooling tower replacement cost per ton,cooling tower price,cooling tower price r
cooling tower refurbishment cost,cooling tower price,cooling tower price r
tower cooling rgb price,cooling tower price,cooling tower price r
raj cooling tower price,cooling tower price,cooling tower price r
cooling tower sprinkler price,cooling tower price,cooling tower price s
cooling tower strainer price,cooling tower price,cooling tower price s
cooling tower system price,cooling tower price,cooling tower price s
paharpur cooling tower share price,cooling tower price,cooling tower price s
paharpur cooling towers share price history,cooling tower price,cooling tower price s
small cooling tower price,cooling tower price,cooling tower price s
small cooling tower price in india,cooling tower price,cooling tower price s
cooling tower 200 tr price,cooling tower price,cooling tower price t
cooling tower 20 tr price,cooling tower price,cooling tower price t
cooling tower 100 tr price,cooling tower price,cooling tower price t
cooling tower 50 tr price,cooling tower price,cooling tower price t
cooling tower 30 tr price,cooling tower price,cooling tower price t
cooling tower 300 tr price,cooling tower price,cooling tower price t
cooling tower 150 tr price,cooling tower price,cooling tower price t
cooling tower 250 tr price,cooling tower price,cooling tower price t
cooling tower float valve price,cooling tower price,cooling tower price v
vibration switch for cooling tower price,cooling tower price,cooling tower price v
cooling tower water cost,cooling tower price,cooling tower price w
water cooling tower price,cooling tower price,cooling tower price w
industrial water cooling tower price,cooling tower price,cooling tower price w
best tower cooler price,cooling tower price,best cooling tower price
cooling tower specification,cooling tower price,cooling tower price specification
cooling tower fills material,cooling tower fills,cooling tower fills
cooling tower fills hsn code,cooling tower fills,cooling tower fills
cooling tower fills replacement,cooling tower fills,cooling tower fills
cooling tower fills or fins,cooling tower fills,cooling tower fills
cooling tower fills size,cooling tower fills,cooling tower fills
cooling tower fills life,cooling tower fills,cooling tower fills
20 tr cooling tower price,cooling tower price,cooling tower price 20 ton
100 tr cooling tower price,cooling tower price,cooling tower price 10 ton
cooling tower fills arrangement,cooling tower fills,cooling tower fills a
cooling tower fill and drift eliminators,cooling tower fills,cooling tower fills a
cooling tower abs fills,cooling tower fills,cooling tower fills a
cooling tower fill valve assembly,cooling tower fills,cooling tower fills a
difference between cooling tower fill and drift eliminators,cooling tower fills,cooling tower fills a
what are cooling tower fills,cooling tower fills,cooling tower fills a
cooling tower fill blocks,cooling tower fills,cooling tower fills b
brentwood cooling tower fills,cooling tower fills,cooling tower fills b
what is cooling tower fill,cooling tower fills,cooling tower fills b
cooling tower fills cleaning,cooling tower fills,cooling tower fills c
cooling tower fills cleaning procedure,cooling tower fills,cooling tower fills c
cooling tower fills cleaning chemical,cooling tower fills,cooling tower fills c
cooling tower fill calculation,cooling tower fills,cooling tower fills c
cooling tower fills cost,cooling tower fills,cooling tower fills c
cooling tower fill cleaner,cooling tower fills,cooling tower fills c
cooling tower fills hs code,cooling tower fills,cooling tower fills c
cooling tower fill replacement cost,cooling tower fills,cooling tower fills c
goodway cooling tower fill cleaner,cooling tower fills,cooling tower fills c
cooling tower fills dimensions,cooling tower fills,cooling tower fills d
cooling tower fill design,cooling tower fills,cooling tower fills d
cooling tower fill diagram,cooling tower fills,cooling tower fills d
cooling tower fill descaler,cooling tower fills,cooling tower fills d
cooling tower fill là gì,cooling tower fills,cooling tower fills g
cooling tower fill life expectancy,cooling tower fills,cooling tower fills e
cooling tower fill media life expectancy,cooling tower fills,cooling tower fills e
evapco cooling tower fills,cooling tower fills,cooling tower fills e
cooling tower fills function,cooling tower fills,cooling tower fills f
cooling tower fill fouling,cooling tower fills,cooling tower fills f
cooling tower fill for sale,cooling tower fills,cooling tower fills f
cooling tower film fill,cooling tower fills,cooling tower fills f
cooling tower fill replacement frequency,cooling tower fills,cooling tower fills f
cross flow cooling tower fills,cooling tower fills,cooling tower fills f
fills for cooling tower,cooling tower fills,cooling tower fills f
hsn code for cooling tower fills,cooling tower fills,cooling tower fills f
cooling tower fill height calculation,cooling tower fills,cooling tower fills h
cooling tower honeycomb fills,cooling tower fills,cooling tower fills h
cooling tower pvc fills hsn code,cooling tower fills,cooling tower fills h
how to clean cooling tower fills,cooling tower fills,cooling tower fills h
cooling tower fills images,cooling tower fills,cooling tower fills i
cooling tower fills installation,cooling tower fills,cooling tower fills i
fouled cooling tower fill increases,cooling tower fills,cooling tower fills i
what is cooling tower fills,cooling tower fills,cooling tower fills i
cooling tower fill kit,cooling tower fills,cooling tower fills k
cooling tower fill line,cooling tower fills,cooling tower fills l
cooling tower fills making machine,cooling tower fills,cooling tower fills m
cooling tower fills manufacturer,cooling tower fills,cooling tower fills m
cooling tower fills moc,cooling tower fills,cooling tower fills m
cooling tower fill media,cooling tower fills,cooling tower fills m
cooling tower fill media replacement,cooling tower fills,cooling tower fills m
cooling tower fills near me,cooling tower fills,cooling tower fills n
pvc cooling tower fills manufacturer near me,cooling tower fills,cooling tower fills n
non clogging cooling tower fills,cooling tower fills,cooling tower fills n
types of cooling tower fills,cooling tower fills,cooling tower fills o
fills of cooling tower,cooling tower fills,cooling tower fills o
cooling tower fills pvc,cooling tower fills,cooling tower fills p
cooling tower fills purpose,cooling tower fills,cooling tower fills p
cooling tower fills photo,cooling tower fills,cooling tower fills p
cooling tower fill pack,cooling tower fills,cooling tower fills p
cooling tower fill packaging,cooling tower fills,cooling tower fills p
cooling tower pvc fills manufacturer,cooling tower fills,cooling tower fills p
cooling tower ring fills,cooling tower fills,cooling tower fills r
marley cooling tower fill replacement,cooling tower fills,cooling tower fills r
evapco cooling tower fill replacement,cooling tower fills,cooling tower fills r
bac cooling tower fill replacement,cooling tower fills,cooling tower fills r
bac cooling tower fill replacement instructions,cooling tower fills,cooling tower fills r
marley spx cooling tower fill replacement,cooling tower fills,cooling tower fills r
cooling tower fills scrap,cooling tower fills,cooling tower fills s
cooling tower fills specification,cooling tower fills,cooling tower fills s
cooling tower fills support,cooling tower fills,cooling tower fills s
cooling tower fill sheets,cooling tower fills,cooling tower fills s
cooling tower fill sensor,cooling tower fills,cooling tower fills s
cooling tower fill scale,cooling tower fills,cooling tower fills s
cooling tower fills uses,cooling tower fills,cooling tower fills u
cooling tower fills tender,cooling tower fills,cooling tower fills t
cooling tower fills types pdf,cooling tower fills,cooling tower fills t
cooling tower trickle fills,cooling tower fills,cooling tower fills t
pvc cooling tower fills types,cooling tower fills,cooling tower fills t
cooling tower fill media types,cooling tower fills,cooling tower fills t
cooling tower fill valve,cooling tower fills,cooling tower fills v
cooling tower water fill valve,cooling tower fills,cooling tower fills v
marley cooling tower fill valve,cooling tower fills,cooling tower fills v
electronic cooling tower fill valve,cooling tower fills,cooling tower fills v
bac cooling tower fill valve,cooling tower fills,cooling tower fills v
evapco cooling tower fill valve,cooling tower fills,cooling tower fills v
2 cooling tower fill valve,cooling tower fills,cooling tower fills v
1 cooling tower fill valve,cooling tower fills,cooling tower fills v
cooling tower water fill,cooling tower fills,cooling tower fills w
how does cooling tower fill work,cooling tower fills,cooling tower fills w
what is cooling tower fill material,cooling tower fills,what is cooling tower fills
what is cooling tower fill media,cooling tower fills,what is cooling tower fills
what is cooling tower fill made of,cooling tower fills,what is cooling tower fills
how to replace cooling tower fill,cooling tower fills,how to cooling tower fills
pvc cooling tower fills manufacturer,cooling tower fills,cooling tower fills manufacturers
pvc fills for cooling tower suppliers,cooling tower fills,cooling tower fills supplier
compressed air dryer,compressed air dryer,compressed air dryer
compressed air dryer manufacturers,compressed air dryer,compressed air dryer
compressed air dryer working principle,compressed air dryer,compressed air dryer
compressed air dryer types,compressed air dryer,compressed air dryer
compressed air dryer specifications,compressed air dryer,compressed air dryer
compressed air dryer sizing calculation xls,compressed air dryer,compressed air dryer
compressed air dryer system,compressed air dryer,compressed air dryer
compressed air dryers and filters,compressed air dryer,compressed air dryer
compressed air dryer nz,compressed air dryer,compressed air dryer
compressed air dryer harbor freight,compressed air dryer,compressed air dryer
compressed air dryer and filter,compressed air dryer,compressed air dryer a
compressed air dryer auto drain,compressed air dryer,compressed air dryer a
compressed air dryer australia,compressed air dryer,compressed air dryer a
compressed air dryer atlas copco,compressed air dryer,compressed air dryer a
compressed air dryer and regulator,compressed air dryer,compressed air dryer a
compressed air dryer amazon,compressed air dryer,compressed air dryer a
compressor air dryer and filter,compressed air dryer,compressed air dryer a
compressed air dryers and filters durban,compressed air dryer,compressed air dryer a
compressor air dryer and regulator,compressed air dryer,compressed air dryer a
compressor air dryer amazon,compressed air dryer,compressed air dryer a
compressed air dryer before or after tank,compressed air dryer,compressed air dryer b
compressed air dryer brands,compressed air dryer,compressed air dryer b
compressed air dryer beads,compressed air dryer,compressed air dryer b
compressed air dryer bypass,compressed air dryer,compressed air dryer b
compressor air dryer beads,compressed air dryer,compressed air dryer b
compressed air blow dryer,compressed air dryer,compressed air dryer b
air compressor dryer bunnings,compressed air dryer,compressed air dryer b
air compressor dryer before tank,compressed air dryer,compressed air dryer b
air compressor dryer bypass,compressed air dryer,compressed air dryer b
air compressor blow dryer,compressed air dryer,compressed air dryer b
compressed air dryer desiccant,compressed air dryer,compressed air dryer d
compressed air dryer diagram,compressed air dryer,compressed air dryer d
compressed air dryer diy,compressed air dryer,compressed air dryer d
compressed air dryer dew point,compressed air dryer,compressed air dryer d
compressed air dryer design,compressed air dryer,compressed air dryer d
compressed air dryer drain,compressed air dryer,compressed air dryer d
compressor air dryer diy,compressed air dryer,compressed air dryer d
compressor air dryer desiccant,compressed air dryer,compressed air dryer d
compressor air dryer diagram,compressed air dryer,compressed air dryer d
compressor air dryer dew point,compressed air dryer,compressed air dryer d
compressed air dryer canada,compressed air dryer,compressed air dryer c
compressed air dryer china,compressed air dryer,compressed air dryer c
compressed air dryer controller,compressed air dryer,compressed air dryer c
compressed air dryer cost,compressed air dryer,compressed air dryer c
compressed air dryer components,compressed air dryer,compressed air dryer c
compressed air dryer capacity,compressed air dryer,compressed air dryer c
compressed air dryer cartridge,compressed air dryer,compressed air dryer c
compressed air dryer cleaner,compressed air dryer,compressed air dryer c
compressor air dryer canada,compressed air dryer,compressed air dryer c
compressor air dryer canadian tire,compressed air dryer,compressed air dryer c
compressed air dryer evaporator,compressed air dryer,compressed air dryer e
compressed air dryer ebay,compressed air dryer,compressed air dryer e
compressed air dryer efficiency,compressed air dryer,compressed air dryer e
air compressor dryer ebay,compressed air dryer,compressed air dryer e
compressed air dryer heat exchanger,compressed air dryer,compressed air dryer e
air compressor electric dryer,compressed air dryer,compressed air dryer e
epsea compressed air dryer,compressed air dryer,compressed air dryer e
electric compressed air dryer,compressed air dryer,compressed air dryer e
elgi compressed air dryer,compressed air dryer,compressed air dryer e
energy saving refrigerant compressed air dryer,compressed air dryer,compressed air dryer e
compressed air dryer filter,compressed air dryer,compressed air dryer f
compressed air dryer for home shop,compressed air dryer,compressed air dryer f
compressed air dryer filter kit,compressed air dryer,compressed air dryer f
compressed air dryer for home,compressed air dryer,compressed air dryer f
compressed air dryer for plasma cutter,compressed air dryer,compressed air dryer f
compressed air dryer for sale,compressed air dryer,compressed air dryer f
compressed air dryer for painting,compressed air dryer,compressed air dryer f
compressed air dryer for spray painting,compressed air dryer,compressed air dryer f
compressed air dryer freezing up,compressed air dryer,compressed air dryer f
compressed air dryer function,compressed air dryer,compressed air dryer f
compressed air dryer grainger,compressed air dryer,compressed air dryer g
compressed air dryer gem,compressed air dryer,compressed air dryer g
air compressor dryer grainger,compressed air dryer,compressed air dryer g
air compressor drying gun,compressed air dryer,compressed air dryer g
compressed air dryer silica gel,compressed air dryer,compressed air dryer g
gardner denver compressed air dryer,compressed air dryer,compressed air dryer g
gardner denver compressed air dryer manual,compressed air dryer,compressed air dryer g
great lakes compressed air dryer,compressed air dryer,compressed air dryer g
refrigerated compressed air dryer là gì,compressed air dryer,compressed air dryer g
what does a compressed air dryer do,compressed air dryer,compressed air dryer g
compressed air dryer hs code,compressed air dryer,compressed air dryer h
compressed air dryer how it works,compressed air dryer,compressed air dryer h
compressed air dryer hsn code,compressed air dryer,compressed air dryer h
compressed air dryer hire,compressed air dryer,compressed air dryer h
compressed air dryer home depot,compressed air dryer,compressed air dryer h
compressor air dryer harbor freight,compressed air dryer,compressed air dryer h
compressor air dryer hsn code,compressed air dryer,compressed air dryer h
compressor air dryer hs code,compressed air dryer,compressed air dryer h
compressed air dryer installation,compressed air dryer,compressed air dryer i
compressed air dryer ireland,compressed air dryer,compressed air dryer i
compressed air dryer ingersoll rand,compressed air dryer,compressed air dryer i
compressed air dryer industrial,compressed air dryer,compressed air dryer i
compressed air dryer inline,compressed air dryer,compressed air dryer i
air compressor dryer installation diagram,compressed air dryer,compressed air dryer i
air compressor dryer ingersoll rand,compressed air dryer,compressed air dryer i
air compressor dryer installation,compressed air dryer,compressed air dryer i
air compressor dryer in line,compressed air dryer,compressed air dryer i
air compressor dryer industrial,compressed air dryer,compressed air dryer i
jt type compressed air dryer,compressed air dryer,compressed air dryer j
how does a compressed air dryer work,compressed air dryer,compressed air dryer j
what is a compressed air dryer,compressed air dryer,compressed air dryer j
compressed air dryer kaeser,compressed air dryer,compressed air dryer k
compressed air dryer kit,compressed air dryer,compressed air dryer k
compressor air dryer kit,compressed air dryer,compressed air dryer k
compressed air dryer vent cleaning kit,compressed air dryer,compressed air dryer k
compressed air line dryer,compressed air dryer,compressed air dryer l
compressor air line dryer,compressed air dryer,compressed air dryer l
air compressor dryer lowes,compressed air dryer,compressed air dryer l
air compressor dryer location,compressed air dryer,compressed air dryer l
air compressor dryer leaking,compressed air dryer,compressed air dryer l
air compressor and dryer layout,compressed air dryer,compressed air dryer l
lowes compressed air dryer,compressed air dryer,compressed air dryer l
large compressed air dryer,compressed air dryer,compressed air dryer l
lode star compressed air dryer,compressed air dryer,compressed air dryer l
compressed air dryer maintenance checklist,compressed air dryer,compressed air dryer m
compressed air dryer manufacturers in india,compressed air dryer,compressed air dryer m
compressed air dryer machine,compressed air dryer,compressed air dryer m
compressed air dryer manual,compressed air dryer,compressed air dryer m
compressed air dryer model 40211,compressed air dryer,compressed air dryer m
compressed air dryer mikropor,compressed air dryer,compressed air dryer m
compressed air dryer maintenance,compressed air dryer,compressed air dryer m
compressed air dryer mke 53,compressed air dryer,compressed air dryer m
compressed air dryer membrane,compressed air dryer,compressed air dryer m
compressed air dryer near me,compressed air dryer,compressed air dryer n
compressed air dryer not working,compressed air dryer,compressed air dryer n
compressed air dryer nano,compressed air dryer,compressed air dryer n
compressor air dryer near me,compressed air dryer,compressed air dryer n
compressor air dryer nearby,compressed air dryer,compressed air dryer n
compressor air dryer not working,compressed air dryer,compressed air dryer n
compressor air dryer nz,compressed air dryer,compressed air dryer n
air compressor dryer napa,compressed air dryer,compressed air dryer n
air compressor drying nozzle,compressed air dryer,compressed air dryer n
compressed air dryer operation,compressed air dryer,compressed air dryer o
compressed air dryer oiler,compressed air dryer,compressed air dryer o
compressor air dryer oil separator,compressed air dryer,compressed air dryer o
omega compressed air dryer,compressed air dryer,compressed air dryer o
outdoor compressed air dryer,compressed air dryer,compressed air dryer o
types of compressed air dryer,compressed air dryer,compressed air dryer o
point of use compressed air dryer,compressed air dryer,compressed air dryer o
dew point of compressed air dryer,compressed air dryer,compressed air dryer o
compressed air dryer piping diagram,compressed air dryer,compressed air dryer p
compressed air dryer price,compressed air dryer,compressed air dryer p
compressed air dryer pre filter,compressed air dryer,compressed air dryer p
compressed air dryer parts,compressed air dryer,compressed air dryer p
compressed air dryer p&id symbol,compressed air dryer,compressed air dryer p
compressed air dryer purpose,compressed air dryer,compressed air dryer p
compressed air dryer pdf,compressed air dryer,compressed air dryer p
compressed air dryer portable,compressed air dryer,compressed air dryer p
compressed air dryer parker,compressed air dryer,compressed air dryer p
compressed air dryer package,compressed air dryer,compressed air dryer p
quincy compressed air dryer,compressed air dryer,compressed air dryer q
qrht 25 compressed air dryer,compressed air dryer,compressed air dryer q
qrht 50 compressed air dryer,compressed air dryer,compressed air dryer q
compressed air dryer service near me,compressed air dryer,compressed air dryer s
compressed air dryer symbol,compressed air dryer,compressed air dryer s
compressed air dryer service,compressed air dryer,compressed air dryer s
compressed air dryer supplier,compressed air dryer,compressed air dryer s
compressed air dryer sizing calculation,compressed air dryer,compressed air dryer s
compressed air dryer south africa,compressed air dryer,compressed air dryer s
compressed air dryer singapore,compressed air dryer,compressed air dryer s
compressed air dryer rental,compressed air dryer,compressed air dryer r
compressed air dryer refrigerated,compressed air dryer,compressed air dryer r
compressed air dryer revit family,compressed air dryer,compressed air dryer r
compressed air dryer regulator,compressed air dryer,compressed air dryer r
compressed air dryer repair,compressed air dryer,compressed air dryer r
compressed air dryer refrigerated and desiccant,compressed air dryer,compressed air dryer r
compressed air dryer reddit,compressed air dryer,compressed air dryer r
compressed air dryer repair near me,compressed air dryer,compressed air dryer r
compressor air dryer repair near me,compressed air dryer,compressed air dryer r
compressor air dryer repair,compressed air dryer,compressed air dryer r
compressed air dryer vent cleaner,compressed air dryer,compressed air dryer v
compressed air dryer vent cleaning,compressed air dryer,compressed air dryer v
compressed air dryer vevor,compressed air dryer,compressed air dryer v
compressed air dryer vent,compressed air dryer,compressed air dryer v
compressor air dryer vevor,compressed air dryer,compressed air dryer v
compressor air dryer valve,compressed air dryer,compressed air dryer v
air compressor dryer vent cleaning tool,compressed air dryer,compressed air dryer v
air compressor dryer vent cleaner,compressed air dryer,compressed air dryer v
air compressor dryer vent cleaning,compressed air dryer,compressed air dryer v
compressed air dryer unit,compressed air dryer,compressed air dryer u
compressed air dryer uk,compressed air dryer,compressed air dryer u
compressed air dryer uses,compressed air dryer,compressed air dryer u
compressor air dryer unit,compressed air dryer,compressed air dryer u
air compressor dryer used,compressed air dryer,compressed air dryer u
air compressor dryer unit,compressed air dryer,compressed air dryer u
air compressor dryer set up,compressed air dryer,compressed air dryer u
used compressed air dryer for sale,compressed air dryer,compressed air dryer u
donaldson ultrafilter compressed air dryer,compressed air dryer,compressed air dryer u
compressed air dryer temperature,compressed air dryer,compressed air dryer t
compressed air dryer types pdf,compressed air dryer,compressed air dryer t
compressed air dryer troubleshooting,compressed air dryer,compressed air dryer t
compressor air dryer types,compressed air dryer,compressed air dryer t
compressor air dryer troubleshooting,compressed air dryer,compressed air dryer t
compressor air dryer tank,compressed air dryer,compressed air dryer t
air compressor dryer temperature,compressed air dryer,compressed air dryer t
refrigerated compressed air dryer troubleshooting,compressed air dryer,compressed air dryer t
compressed air dryer water separator,compressed air dryer,compressed air dryer w
compressed air dryer working,compressed air dryer,compressed air dryer w
compressed air dryer working principle pdf,compressed air dryer,compressed air dryer w
compressor air dryer working principle,compressed air dryer,compressed air dryer w
compressor air dryer wiring diagram,compressed air dryer,compressed air dryer w
compressor air dryer working,compressed air dryer,compressed air dryer w
compressed air with dryer,compressed air dryer,compressed air dryer w
air compressor dryer water separator,compressed air dryer,compressed air dryer w
compressor air with dryer,compressed air dryer,compressed air dryer w
best compressed air dryer,compressed air dryer,best compressed air dryer
best compressed air dryer for home shop,compressed air dryer,best compressed air dryer
best compressor air dryer,compressed air dryer,best compressed air dryer
best air compressor dryer for painting,compressed air dryer,best compressed air dryer
best air compressor dryer system,compressed air dryer,best compressed air dryer
best air compressor dryer filter,compressed air dryer,best compressed air dryer
best air compressor for dryer vent cleaning,compressed air dryer,best compressed air dryer
best air compressor filter dryer for painting,compressed air dryer,best compressed air dryer
best air compressor desiccant dryer,compressed air dryer,best compressed air dryer
best air compressor line dryer,compressed air dryer,best compressed air dryer
zeks compressed air dryer,compressed air dryer,compressed air dryer z
how to size compressed air dryer,compressed air dryer,how to compressed air dryer
how to install compressed air dryer,compressed air dryer,how to compressed air dryer
how compressed air dryer works,compressed air dryer,how to compressed air dryer
how to make compressor air dryer,compressed air dryer,how to compressed air dryer
how compressor air dryer works,compressed air dryer,how to compressed air dryer
how to make a compressed air dryer,compressed air dryer,how to compressed air dryer
how to install air compressor dryer,compressed air dryer,how to compressed air dryer
how to build a compressor air dryer,compressed air dryer,how to compressed air dryer
how to service air compressor dryer,compressed air dryer,how to compressed air dryer
how to size air compressor dryer,compressed air dryer,how to compressed air dryer
what is compressed air dryer,compressed air dryer,what is compressed air dryer
what is compressor air dryer,compressed air dryer,what is compressed air dryer
what is a compressed air dryer used for,compressed air dryer,what is compressed air dryer
what is a refrigerated compressed air dryer,compressed air dryer,what is compressed air dryer
what size compressed air dryer do i need,compressed air dryer,what is compressed air dryer
what does compressed air dryer do,compressed air dryer,what is compressed air dryer
what does a compressor air dryer do,compressed air dryer,what is compressed air dryer
what is the best air dryer for air compressor,compressed air dryer,top compressed air dryer
cheap compressed air dryer,compressed air dryer,cheap compressed air dryer
cheap compressor air dryer,compressed air dryer,cheap compressed air dryer
buy compressed air dryer,compressed air dryer,buy compressed air dryer
shop compressed air dryer,compressed air dryer,buy compressed air dryer
shop compressor air dryer,compressed air dryer,buy compressed air dryer
how do compressed air dryers work,compressed air dryer,can compressed air dryer
how does compressor air dryer work,compressed air dryer,can compressed air dryer
how do compressor air dryers work,compressed air dryer,can compressed air dryer
how does compressed air dryer work,compressed air dryer,does compressed air dryer
compressor air dryer service near me,compressed air dryer,compressed air dryer near me
compressor air dryer price,compressed air dryer,compressed air dryer price
compressor air dryer price in pakistan,compressed air dryer,compressed air dryer price
compressor air dryer price in bangladesh,compressed air dryer,compressed air dryer price
refrigerated compressed air dryer price,compressed air dryer,compressed air dryer price
how much does an air dryer cost,compressed air dryer,compressed air dryer price
how much is an air dryer,compressed air dryer,compressed air dryer price
compressor air dryer cost,compressed air dryer,compressed air dryer cost
how does an air dryer work,compressed air dryer,compressed air dryer working principle
compressor air dryer manufacturer,compressed air dryer,compressed air dryer manufacturers
air dryer manufacturers,compressed air dryer,compressed air dryer manufacturers
compressor air dryer service,compressed air dryer,compressed air dryer service
compressor air dryer maintenance,compressed air dryer,compressed air dryer service
iso 7183 compressed air dryers specification and testing,compressed air dryer,compressed air dryer specification
compressed air vs hair dryer,compressed air dryer,compressed air dryer vs
compressed air vs blow dryer,compressed air dryer,compressed air dryer vs
air dryer vs air compressor,compressed air dryer,compressed air dryer vs
air dryer capacity calculation,compressed air dryer,compressed air dryer capacity calculation
air dryer capacity,compressed air dryer,compressed air dryer capacity calculation
refrigerated air dryer,refrigerated air dryer,refrigerated air dryer
refrigerated air dryer working principle,refrigerated air dryer,refrigerated air dryer
refrigerated air dryer price,refrigerated air dryer,refrigerated air dryer
refrigerated air dryer hsn code,refrigerated air dryer,refrigerated air dryer
refrigerated air dryer for compressor,refrigerated air dryer,refrigerated air dryer
refrigerated air dryer manufacturers in india,refrigerated air dryer,refrigerated air dryer
refrigerated air dryer uses,refrigerated air dryer,refrigerated air dryer
refrigerated air dryer 40 cfm,refrigerated air dryer,refrigerated air dryer
refrigerated air dryer diagram,refrigerated air dryer,refrigerated air dryer
refrigerated air dryer working,refrigerated air dryer,refrigerated air dryer
refrigerated air dryer atlas copco,refrigerated air dryer,refrigerated air dryer a
refrigerated air dryer australia,refrigerated air dryer,refrigerated air dryer a
refrigerated air dryer amazon,refrigerated air dryer,refrigerated air dryer a
refrigerated air dryer brands,refrigerated air dryer,refrigerated air dryer b
beko refrigerated air dryer,refrigerated air dryer,refrigerated air dryer b
best refrigerated air dryer,refrigerated air dryer,refrigerated air dryer b
boge refrigerated air dryer,refrigerated air dryer,refrigerated air dryer b
best refrigerated air dryer manufacturers,refrigerated air dryer,refrigerated air dryer b
refrigerated air dryer dew point,refrigerated air dryer,refrigerated air dryer d
refrigerated air dryer diy,refrigerated air dryer,refrigerated air dryer d
refrigerated air dryer drain,refrigerated air dryer,refrigerated air dryer d
refrigerated air dryer canada,refrigerated air dryer,refrigerated air dryer c
refrigerated air dryer compressor,refrigerated air dryer,refrigerated air dryer c
refrigerated air dryer china,refrigerated air dryer,refrigerated air dryer c
refrigerated air dryer components,refrigerated air dryer,refrigerated air dryer c
refrigerated air dryer controller,refrigerated air dryer,refrigerated air dryer c
refrigerated air dryer ckd,refrigerated air dryer,refrigerated air dryer c
refrigerated air dryer circuit diagram,refrigerated air dryer,refrigerated air dryer c
refrigerated air dryer catalogue,refrigerated air dryer,refrigerated air dryer c
refrigerated air dryer capacity,refrigerated air dryer,refrigerated air dryer c
refrigerated air dryer cost,refrigerated air dryer,refrigerated air dryer c
refrigerated air dryer evaporator,refrigerated air dryer,refrigerated air dryer e
refrigerated air dryer elgi,refrigerated air dryer,refrigerated air dryer e
refrigerated air dryer ebay,refrigerated air dryer,refrigerated air dryer e
refrigerated air dryer heat exchanger,refrigerated air dryer,refrigerated air dryer e
emax refrigerated air dryer,refrigerated air dryer,refrigerated air dryer e
elgi refrigerated air dryer manual,refrigerated air dryer,refrigerated air dryer e
refrigerated air dryer hs code,refrigerated air dryer,refrigerated air dryer h
refrigerated air dryer harbor freight,refrigerated air dryer,refrigerated air dryer h
refrigerated air dryer how it works,refrigerated air dryer,refrigerated air dryer h
refrigerated air dryer for sale,refrigerated air dryer,refrigerated air dryer f
refrigerated air dryer filter,refrigerated air dryer,refrigerated air dryer f
function of refrigerated air dryer,refrigerated air dryer,refrigerated air dryer f
refrigerated air dryer for painting,refrigerated air dryer,refrigerated air dryer f
refrigerated air dryer freezing up,refrigerated air dryer,refrigerated air dryer f
refrigerated air dryer installation,refrigerated air dryer,refrigerated air dryer i
refrigerated air dryer ingersoll rand,refrigerated air dryer,refrigerated air dryer i
refrigerated air dryer in india,refrigerated air dryer,refrigerated air dryer i
gem refrigerated air dryer,refrigerated air dryer,refrigerated air dryer g
grainger refrigerated air dryer,refrigerated air dryer,refrigerated air dryer g
gardner denver refrigerated air dryer,refrigerated air dryer,refrigerated air dryer g
great lakes refrigerated air dryer,refrigerated air dryer,refrigerated air dryer g
refrigerated air dryer là gì,refrigerated air dryer,refrigerated air dryer g
refrigerated air dryer là máy gì,refrigerated air dryer,refrigerated air dryer g
jaguar refrigerated air dryer,refrigerated air dryer,refrigerated air dryer j
johnson controls refrigerated air dryer,refrigerated air dryer,refrigerated air dryer j
what is a refrigerated air dryer,refrigerated air dryer,refrigerated air dryer j
what is a refrigerated air dryer used for,refrigerated air dryer,refrigerated air dryer j
how does a refrigerated air dryer work,refrigerated air dryer,refrigerated air dryer j
diy refrigerated air dryer,refrigerated air dryer,refrigerated air dryer j
kaeser refrigerated air dryer,refrigerated air dryer,refrigerated air dryer k
keltec refrigerated air dryer,refrigerated air dryer,refrigerated air dryer k
refrigerated air dryer manufacturers,refrigerated air dryer,refrigerated air dryer m
refrigerated air dryer manufacturers in mumbai,refrigerated air dryer,refrigerated air dryer m
refrigerated air dryer maintenance checklist,refrigerated air dryer,refrigerated air dryer m
refrigerated air dryer manual,refrigerated air dryer,refrigerated air dryer m
refrigerated air dryer manufacturers in maharashtra,refrigerated air dryer,refrigerated air dryer m
refrigerated air dryer manufacturers in coimbatore,refrigerated air dryer,refrigerated air dryer m
refrigerated air dryer maintenance,refrigerated air dryer,refrigerated air dryer m
refrigerated air dryer machine,refrigerated air dryer,refrigerated air dryer m
refrigeration air dryer model d600in-a,refrigerated air dryer,refrigerated air dryer m
refrigerated air line dryer,refrigerated air dryer,refrigerated air dryer l
refrigerated air dryer near me,refrigerated air dryer,refrigerated air dryer n
refrigerated air dryer nz,refrigerated air dryer,refrigerated air dryer n
refrigerated air dryer nearby,refrigerated air dryer,refrigerated air dryer n
refrigerated air dryer repair near me,refrigerated air dryer,refrigerated air dryer n
chilled air nail dryer,refrigerated air dryer,refrigerated air dryer n
refrigerated air dryer outlet temperature,refrigerated air dryer,refrigerated air dryer o
refrigeration type control air dryer operating principle,refrigerated air dryer,refrigerated air dryer o
orion refrigerated air dryer,refrigerated air dryer,refrigerated air dryer o
omega refrigerated air dryer,refrigerated air dryer,refrigerated air dryer o
desiccant or refrigerated air dryer,refrigerated air dryer,refrigerated air dryer o
parts of refrigerated air dryer,refrigerated air dryer,refrigerated air dryer o
refrigerated air dryer repair,refrigerated air dryer,refrigerated air dryer r
refrigerated air dryer rental,refrigerated air dryer,refrigerated air dryer r
refrigerated air dryer pdf,refrigerated air dryer,refrigerated air dryer p
refrigerated air dryer parts,refrigerated air dryer,refrigerated air dryer p
refrigerated air dryer purpose,refrigerated air dryer,refrigerated air dryer p
refrigerated air dryer p&id,refrigerated air dryer,refrigerated air dryer p
refrigerated air dryer quincy,refrigerated air dryer,refrigerated air dryer q
quincy refrigerated air dryer manual,refrigerated air dryer,refrigerated air dryer q
quincy non cycling refrigerated air dryer,refrigerated air dryer,refrigerated air dryer q
refrigerated air dryer que es,refrigerated air dryer,refrigerated air dryer q
refrigerated air dryer specification,refrigerated air dryer,refrigerated air dryer s
refrigerated air dryer smc,refrigerated air dryer,refrigerated air dryer s
refrigerated air dryer service,refrigerated air dryer,refrigerated air dryer s
refrigerated air dryer supplier,refrigerated air dryer,refrigerated air dryer s
refrigerated air dryer schematic,refrigerated air dryer,refrigerated air dryer s
refrigerated air dryer system,refrigerated air dryer,refrigerated air dryer s
refrigerated air dryer sizing,refrigerated air dryer,refrigerated air dryer s
refrigerated air dryer sullair,refrigerated air dryer,refrigerated air dryer s
refrigerated air dryer symbol,refrigerated air dryer,refrigerated air dryer s
refrigerated air dryer setup,refrigerated air dryer,refrigerated air dryer s
refrigerated air dryer troubleshooting,refrigerated air dryer,refrigerated air dryer t
ingersoll rand refrigerated air dryer troubleshooting,refrigerated air dryer,refrigerated air dryer t
compressed air dryers how they work,refrigerated air dryer,refrigerated air dryer t
refrigerated type air dryer,refrigerated air dryer,refrigerated air dryer t
refrigerated air dryer unit,refrigerated air dryer,refrigerated air dryer u
used refrigerated air dryer for sale,refrigerated air dryer,refrigerated air dryer u
ultra air refrigerated air dryer,refrigerated air dryer,refrigerated air dryer u
unique air products refrigerated air dryer manufacturer,refrigerated air dryer,refrigerated air dryer u
refrigerated air dryer working principle pdf,refrigerated air dryer,refrigerated air dryer w
refrigerated air dryer wiring diagram,refrigerated air dryer,refrigerated air dryer w
refrigerated air dryer working animation,refrigerated air dryer,refrigerated air dryer w
refrigerated air dryer working principle ppt,refrigerated air dryer,refrigerated air dryer w
refrigerated air dryer vs desiccant,refrigerated air dryer,refrigerated air dryer v
refrigerated air dryer vevor,refrigerated air dryer,refrigerated air dryer v
cycling refrigerated air dryer vs non cycling,refrigerated air dryer,refrigerated air dryer v
zeks refrigerated air dryer,refrigerated air dryer,refrigerated air dryer z
top refrigerated air dryer manufacturers in india,refrigerated air dryer,best refrigerated air dryer
what is refrigerated air dryer,refrigerated air dryer,what is refrigerated air dryer
what is a non cycling refrigerated air dryer,refrigerated air dryer,what is refrigerated air dryer
what does a refrigerated air dryer do,refrigerated air dryer,what is refrigerated air dryer
how to install refrigerated air dryer,refrigerated air dryer,how to refrigerated air dryer
how to test refrigerated air dryer,refrigerated air dryer,how to refrigerated air dryer
how refrigerated air dryer works,refrigerated air dryer,how to refrigerated air dryer
how to size a refrigerated air dryer,refrigerated air dryer,how to refrigerated air dryer
how to make a refrigerated air dryer,refrigerated air dryer,how to refrigerated air dryer
how does refrigerated air dryer work,refrigerated air dryer,can refrigerated air dryer
refrigerant type air dryer working principle,refrigerated air dryer,refrigerated air dryer working principle
refrigeration dryer working principle,refrigerated air dryer,refrigerated air dryer working principle
refrigerant air dryer capacity correction factor calculation,refrigerated air dryer,refrigerated air dryer capacity calculation
how to calculate refrigeration capacity,refrigerated air dryer,refrigerated air dryer capacity calculation
hair dryer price at shoprite,air dryer price,air dryer price a
hair dryer price at clicks,air dryer price,air dryer price a
hair dryer price amazon,air dryer price,air dryer price a
hair dryer price agaro,air dryer price,air dryer price a
hair dryer price attack,air dryer price,air dryer price a
hair dryer price at game,air dryer price,air dryer price a
hair dryer price at pick n pay,air dryer price,air dryer price a
hair dryer price at checkers,air dryer price,air dryer price a
hair dryer price at dischem,air dryer price,air dryer price a
hair dryer price australia,air dryer price,air dryer price a
air dryer price,air dryer price,air dryer price
air dryer price in india,air dryer price,air dryer price
air dryer price in pakistan,air dryer price,air dryer price
air dryer price in bangladesh,air dryer price,air dryer price
air dryer price in sri lanka,air dryer price,air dryer price
air dryer price in nigeria,air dryer price,air dryer price
air dryer price philippines,air dryer price,air dryer price
air dryer price in uae,air dryer price,air dryer price
hair dryer price,air dryer price,air dryer price
hair dryer price in pakistan,air dryer price,air dryer price
air dryer price bd,air dryer price,air dryer price b
hair dryer price bd,air dryer price,air dryer price b
hair dryer price best company,air dryer price,air dryer price b
hair dryer price blinkit,air dryer price,air dryer price b
hair dryer price branded,air dryer price,air dryer price b
hair dryer price best quality,air dryer price,air dryer price b
hair dryer price bajaj,air dryer price,air dryer price b
hair dryer price best,air dryer price,air dryer price b
hair dryer price beardo,air dryer price,air dryer price b
hair dryer price brush,air dryer price,air dryer price b
air dryer compressor price,air dryer price,air dryer price c
hair dryer price choba,air dryer price,air dryer price c
hair dryer price clicks,air dryer price,air dryer price c
hair dryer price croma,air dryer price,air dryer price c
air dryer cartridge price,air dryer price,air dryer price c
hair dryer price comb,air dryer price,air dryer price c
hair dryer price canada,air dryer price,air dryer price c
hair dryer price cheapest,air dryer price,air dryer price c
hair dryer price combo,air dryer price,air dryer price c
hair dryer price check,air dryer price,air dryer price c
hair dryer price dyson,air dryer price,air dryer price d
hair dryer price d mart,air dryer price,air dryer price d
hair dryer price daraz,air dryer price,air dryer price d
hair dryer price dischem,air dryer price,air dryer price d
hair dryer price d homes,air dryer price,air dryer price d
hair dryer price dyson airwrap,air dryer price,air dryer price d
hair dryer price dubai,air dryer price,air dryer price d
dyson hair dryer price,air dryer price,air dryer price d
hair dryer dyson price in india,air dryer price,air dryer price d
hair dryer diffuser price in pakistan,air dryer price,air dryer price d
hair dryer price expensive,air dryer price,air dryer price e
hair dryer element price,air dryer price,air dryer price e
hair dryer equator price,air dryer price,air dryer price e
hair dryer cost electricity,air dryer price,air dryer price e
hair dryer egypt price,air dryer price,air dryer price e
hair dryer er price,air dryer price,air dryer price e
hair dryer essential price,air dryer price,air dryer price e
hair dryer element price in pakistan,air dryer price,air dryer price e
hair dryer ecostar price in pakistan,air dryer price,air dryer price e
hair dryer price in ethiopia,air dryer price,air dryer price e
hair dryer price for men,air dryer price,air dryer price f
hair dryer price for women,air dryer price,air dryer price f
air dryer filter price,air dryer price,air dryer price f
hair dryer price flipkart,air dryer price,air dryer price f
hair dryer price for salon,air dryer price,air dryer price f
hair dryer price for girls,air dryer price,air dryer price f
air dryer fan price,air dryer price,air dryer price f
hair dryer price for men and women,air dryer price,air dryer price f
hair dryer price for boys,air dryer price,air dryer price f
air dryer freightliner price,air dryer price,air dryer price f
hair dryer price germany,air dryer price,air dryer price g
hair dryer price good quality,air dryer price,air dryer price g
hair dryer game price,air dryer price,air dryer price g
hair dryer good price,air dryer price,air dryer price g
hair dryer game price in south africa,air dryer price,air dryer price g
hair dryer gun price,air dryer price,air dryer price g
hair dryer game price makro,air dryer price,air dryer price g
hair dryer ghd price,air dryer price,air dryer price g
hair dryer cheap good,air dryer price,air dryer price g
hair dryer price in ghana,air dryer price,air dryer price g
hair dryer price in bd,air dryer price,air dryer price i
hair dryer price in sri lanka,air dryer price,air dryer price i
hair dryer price in nepal,air dryer price,air dryer price i
hair dryer price havells,air dryer price,air dryer price h
hair dryer price hot and cold,air dryer price,air dryer price h
hair dryer high price,air dryer price,air dryer price h
hair dryer highest price,air dryer price,air dryer price h
dyson hair dryer price hong kong,air dryer price,air dryer price h
dyson hair dryer price history,air dryer price,air dryer price h
hair dryer mr price home,air dryer price,air dryer price h
havells air dryer price,air dryer price,air dryer price h
air dryer price list,air dryer price,air dryer price l
hair dryer price list,air dryer price,air dryer price l
hair dryer price low,air dryer price,air dryer price l
hair dryer price lowest,air dryer price,air dryer price l
hair dryer price lahore,air dryer price,air dryer price l
hair dryer price lulu,air dryer price,air dryer price l
hair dryer low price in pakistan,air dryer price,air dryer price l
hair dryer lidl price,air dryer price,air dryer price l
elgi air dryer price list,air dryer price,air dryer price l
clothes dryer lowest price,air dryer price,air dryer price l
hair dryer price koto,air dryer price,air dryer price k
hair dryer price kenya,air dryer price,air dryer price k
hair dryer price kemey,air dryer price,air dryer price k
hair dryer price kmart,air dryer price,air dryer price k
air dryer kit price,air dryer price,air dryer price k
hair dryer price kerala,air dryer price,air dryer price k
hair dryer price karachi,air dryer price,air dryer price k
hair dryer price ksa,air dryer price,air dryer price k
hair dryer ki price,air dryer price,air dryer price k
hair dryer kuwait price,air dryer price,air dryer price k
air dryer machine price,air dryer price,air dryer price m
hair dryer price meesho,air dryer price,air dryer price m
air dryer machine price in pakistan,air dryer price,air dryer price m
hair dryer price men,air dryer price,air dryer price m
hair dryer price myntra,air dryer price,air dryer price m
air dryer machine price in bangladesh,air dryer price,air dryer price m
hair dryer price mini,air dryer price,air dryer price m
hair dryer price malaysia,air dryer price,air dryer price m
air dryer machine price in india,air dryer price,air dryer price m
air dryer machine price in nigeria,air dryer price,air dryer price m
hair dryer price jumia,air dryer price,air dryer price j
hair dryer price jiji,air dryer price,air dryer price j
hair dryer price japan,air dryer price,air dryer price j
refa hair dryer price japan,air dryer price,air dryer price j
dyson hair dryer price japan,air dryer price,air dryer price j
hair dryer price in jordan,air dryer price,air dryer price j
hair dryer price in jeddah,air dryer price,air dryer price j
dyson hair dryer price jb hi fi,air dryer price,air dryer price j
kinujo hair dryer price japan,air dryer price,air dryer price j
hair dryer price in jamaica,air dryer price,air dryer price j
hair dryer price of dyson,air dryer price,air dryer price o
hair dryer price online,air dryer price,air dryer price o
hair dryer price on meesho,air dryer price,air dryer price o
hair dryer price on flipkart,air dryer price,air dryer price o
hair dryer price on amazon,air dryer price,air dryer price o
hair dryer price on jumia,air dryer price,air dryer price o
hair dryer price original,air dryer price,air dryer price o
hair dryer price on jiji,air dryer price,air dryer price o
hair dryer price on daraz,air dryer price,air dryer price o
hair dryer online price,air dryer price,air dryer price o
hair dryer price philips,air dryer price,air dryer price p
hair dryer price philippines,air dryer price,air dryer price p
clothes dryer price philippines,air dryer price,air dryer price p
hair dryer price pakistan,air dryer price,air dryer price p
hair dryer price panasonic,air dryer price,air dryer price p
hair dryer price professional,air dryer price,air dryer price p
air dryer philips price,air dryer price,air dryer price p
hair dryer price pigeon,air dryer price,air dryer price p
hair dryer price qatar,air dryer price,air dryer price q
hair dryer price in qatar lulu,air dryer price,air dryer price q
hair dryer price in qatar safari mall,air dryer price,air dryer price q
dyson hair dryer price qatar,air dryer price,air dryer price q
hair dryer price in qatar ansar gallery,air dryer price,air dryer price q
clothes dryer price in qatar,air dryer price,air dryer price q
hair dryer price reliance digital,air dryer price,air dryer price r
hair dryer price remington,air dryer price,air dryer price r
hair dryer price range,air dryer price,air dryer price r
hair dryer price rate,air dryer price,air dryer price r
hair dryer price reddit,air dryer price,air dryer price r
hair dryer remington price in pakistan,air dryer price,air dryer price r
air dryer replacement cost,air dryer price,air dryer price r
hair dryer revlon price,air dryer price,air dryer price r
hair dryer reasonable price,air dryer price,air dryer price r
hair dryer roller price in pakistan,air dryer price,air dryer price r
hair dryer price sri lanka,air dryer price,air dryer price s
hair dryer price shoprite,air dryer price,air dryer price s
hair dryer price small,air dryer price,air dryer price s
hair dryer price syska,air dryer price,air dryer price s
hair dryer price small size,air dryer price,air dryer price s
hair dryer price south africa,air dryer price,air dryer price s
hair dryer price sale,air dryer price,air dryer price s
hair dryer price set,air dryer price,air dryer price s
hair dryer price singer,air dryer price,air dryer price s
air dryer sensor price,air dryer price,air dryer price s
hair dryer price vega,air dryer price,air dryer price v
air dryer valve price,air dryer price,air dryer price v
air dryer volvo price,air dryer price,air dryer price v
hair dryer price vgr,air dryer price,air dryer price v
hair dryer vision price in bd,air dryer price,air dryer price v
hair dryer cheap vs expensive,air dryer price,air dryer price v
hair dryer vision price in bangladesh,air dryer price,air dryer price v
dyson hair dryer price vijay sales,air dryer price,air dryer price v
air dryer purge valve price,air dryer price,air dryer price v
hair dryer price in vijay sales,air dryer price,air dryer price v
hair dryer price under ₹ 1000,air dryer price,air dryer price u
hair dryer price under 500,air dryer price,air dryer price u
hair dryer price under 200,air dryer price,air dryer price u
hair dryer price under 300,air dryer price,air dryer price u
hair dryer price under 250,air dryer price,air dryer price u
hair dryer price uk,air dryer price,air dryer price u
hair dryer price under 100,air dryer price,air dryer price u
hair dryer price under 400,air dryer price,air dryer price u
hair dryer price under 1000,air dryer price,air dryer price u
hair dryer price under ₹ 2000,air dryer price,air dryer price u
hair dryer price women,air dryer price,air dryer price w
hair dryer price with straightener,air dryer price,air dryer price w
hair dryer price with diffuser,air dryer price,air dryer price w
hair dryer price walmart,air dryer price,air dryer price w
air dryer wabco price,air dryer price,air dryer price w
hair dryer price walton,air dryer price,air dryer price w
hair dryer price with comb,air dryer price,air dryer price w
hair dryer wahl price,air dryer price,air dryer price w
hair dryer with price,air dryer price,air dryer price w
hair dryer wholesale price,air dryer price,air dryer price w
hair dryer xcite price in kuwait,air dryer price,air dryer price x
hair dryer xiaomi price,air dryer price,air dryer price x
air dryer truck price,air dryer price,air dryer price t
air dryer truck price in south africa,air dryer price,air dryer price t
hair dryer price temu,air dryer price,air dryer price t
hair dryer price today,air dryer price,air dryer price t
hair dryer price target,air dryer price,air dryer price t
hair dryer towel price in pakistan,air dryer price,air dryer price t
hair dryer takealot price,air dryer price,air dryer price t
hair dryer thailand price,air dryer price,air dryer price t
hair dryer taiwan price,air dryer price,air dryer price t
hair dryer towel price,air dryer price,air dryer price t
refa hair dryer price yen,air dryer price,air dryer price y
hair dryer and price,air dryer price,air dryer price y
hair dryer price zepto,air dryer price,air dryer price z
hair dryer price nz,air dryer price,air dryer price z
clothes dryer price nz,air dryer price,air dryer price z
hair dryer price in zambia,air dryer price,air dryer price z
hair dryer prices in zimbabwe,air dryer price,air dryer price z
desiccant air dryer price,air dryer price,air dryer price z
best hair dryer price in pakistan,air dryer price,best air dryer price
best hair dryer price in bd,air dryer price,best air dryer price
best hair dryer price,air dryer price,best air dryer price
best hair dryer price in nepal,air dryer price,best air dryer price
best hair dryer price in zambia,air dryer price,best air dryer price
best hair dryer price in kenya,air dryer price,best air dryer price
best hair dryer price in sri lanka,air dryer price,best air dryer price
best hair dryer price in ethiopia,air dryer price,best air dryer price
best hair dryer price in nigeria,air dryer price,best air dryer price
best hair dryer price in tanzania,air dryer price,best air dryer price
hot air dryer price,air dryer price,how to air dryer price
how much hair dryer price,air dryer price,how to air dryer price
buy hair dryer cheap,air dryer price,buy air dryer price
cheap hair dryer price,air dryer price,cheap air dryer price
cheapest hair dryer price,air dryer price,cheap air dryer price
cheapest dyson hair dryer price,air dryer price,cheap air dryer price
price of air dryer,air dryer price,cheap air dryer price
what is dyson hair dryer price,air dryer price,what is air dryer price
what is dyson hair dryer price in pakistan,air dryer price,what is air dryer price
what is an air dryer,air dryer price,what is air dryer price
hair dryer price in chennai,air dryer price,air dryer price in chennai
hair dryer price in bangalore,air dryer price,air dryer price in bangalore
hair dryer price in hyderabad,air dryer price,air dryer price in hyderabad
hair dryer price in delhi,air dryer price,air dryer price in delhi
dyson hair dryer price in delhi,air dryer price,air dryer price in delhi
hair dryer price in mumbai,air dryer price,air dryer price in mumbai
dyson hair dryer price in mumbai,air dryer price,air dryer price in mumbai
hair dryer price near me,air dryer price,air dryer price near me
hair dryer cheap near me,air dryer price,air dryer price near me
clothes dryer cheap near me,air dryer price,air dryer price near me
hair dryer price price,air dryer price,air dryer price price
hair dryer price low price,air dryer price,air dryer price price
hair dryer price costly,air dryer price,air dryer price cost
hair dryer costco price,air dryer price,air dryer price cost
dyson hair dryer price costco,air dryer price,air dryer price cost
shark hair dryer price costco,air dryer price,air dryer price cost
hair dryer cost cheap,air dryer price,air dryer price cost
hair dryer repair price,air dryer price,air dryer price service
air dryer service near me,air dryer price,air dryer price service
clothes dryer repair cost,air dryer price,air dryer price repair
air dryer repair near me,air dryer price,air dryer price repair
how much does a tumble dryer repair cost,air dryer price,air dryer price repair
trident air dryer price list,air dryer price,air dryer price specification
air dryer specification,air dryer price,air dryer price specification
moisture separator,moisture separator,moisture separator
moisture separator for compressor,moisture separator,moisture separator
moisture separator for air compressor,moisture separator,moisture separator
moisture separator for steam,moisture separator,moisture separator
moisture separator with auto drain valve,moisture separator,moisture separator
moisture separator hsn code,moisture separator,moisture separator
moisture separator price,moisture separator,moisture separator
moisture separator filter,moisture separator,moisture separator
moisture separator for air compressor price,moisture separator,moisture separator
moisture separator for air line,moisture separator,moisture separator
moisture separator compressor,moisture separator,moisture separator c
moisture separator compressed air,moisture separator,moisture separator c
water separator compressor,moisture separator,moisture separator c
water separator cascadia,moisture separator,moisture separator c
water separator cap,moisture separator,moisture separator c
water separator compressed air,moisture separator,moisture separator c
water separator cross reference,moisture separator,moisture separator c
water separator cartridge,moisture separator,moisture separator c
water separator check valve,moisture separator,moisture separator c
water separator coupler,moisture separator,moisture separator c
moisture separator air compressor,moisture separator,moisture separator a
moisture separator and reheater,moisture separator,moisture separator a
moisture separator air filter,moisture separator,moisture separator a
moisture separator air,moisture separator,moisture separator a
water separator air compressor,moisture separator,moisture separator a
water separator assembly,moisture separator,moisture separator a
water separator assy,moisture separator,moisture separator a
water separator air compressor bunnings,moisture separator,moisture separator a
water separator air filter,moisture separator,moisture separator a
water separator auto drain,moisture separator,moisture separator a
moisture separator baffle type,moisture separator,moisture separator b
moisture separator bowl,moisture separator,moisture separator b
water separator bowl,moisture separator,moisture separator b
water separator boat,moisture separator,moisture separator b
water separator bracket,moisture separator,moisture separator b
water separator before or after regulator,moisture separator,moisture separator b
water separator base,moisture separator,moisture separator b
water separator bunnings,moisture separator,moisture separator b
water separator beads,moisture separator,moisture separator b
water separator bcf,moisture separator,moisture separator b
moisture separator element,moisture separator,moisture separator e
water separator element,moisture separator,moisture separator e
water separator eicher,moisture separator,moisture separator e
water separator engine,moisture separator,moisture separator e
water separator exhaust,moisture separator,moisture separator e
water separator element 19797,moisture separator,moisture separator e
water separator excavator hyundai,moisture separator,moisture separator e
water separator eicher tractor,moisture separator,moisture separator e
water separator efficiency,moisture separator,moisture separator e
water separator ec210,moisture separator,moisture separator e
moisture separator design,moisture separator,moisture separator d
moisture separator diagram,moisture separator,moisture separator d
water separator diesel,moisture separator,moisture separator d
water separator diesel filter,moisture separator,moisture separator d
water separator drain valve,moisture separator,moisture separator d
water separator drain,moisture separator,moisture separator d
water separator diesel engine,moisture separator,moisture separator d
water separator diesel fuel filter,moisture separator,moisture separator d
water separator drain plug,moisture separator,moisture separator d
water separator diagram,moisture separator,moisture separator d
moisture separator for compressed air,moisture separator,moisture separator f
moisture separator for steam line,moisture separator,moisture separator f
moisture separator for vacuum pump,moisture separator,moisture separator f
moisture separator for sandblasting,moisture separator,moisture separator f
water separator glass,moisture separator,moisture separator g
water separator generator,moisture separator,moisture separator g
water separator glass bowl,moisture separator,moisture separator g
water separator gasket,moisture separator,moisture separator g
water separator gas,moisture separator,moisture separator g
water separator game,moisture separator,moisture separator g
water separator grainger,moisture separator,moisture separator g
water separator gas filter,moisture separator,moisture separator g
water separator gauge,moisture separator,moisture separator g
water separator gasoline,moisture separator,moisture separator g
moisture separator hs code,moisture separator,moisture separator h
moisture separator hydint,moisture separator,moisture separator h
moisture separator hvac,moisture separator,moisture separator h
moisture separator harbor freight,moisture separator,moisture separator h
moisture separator heater,moisture separator,moisture separator h
water separator hsn code,moisture separator,moisture separator h
water separator hs code,moisture separator,moisture separator h
water separator housing,moisture separator,moisture separator h
water separator harbor freight,moisture separator,moisture separator h
moisture separator in steam line,moisture separator,moisture separator i
moisture separator in air compressor,moisture separator,moisture separator i
moisture separator ingersoll rand,moisture separator,moisture separator i
moisture separator in compressor,moisture separator,moisture separator i
water separator isuzu,moisture separator,moisture separator i
water separator in car,moisture separator,moisture separator i
water separator indicator light,moisture separator,moisture separator i
water separator in diesel engine,moisture separator,moisture separator i
water separator in tractor,moisture separator,moisture separator i
water separator isuzu npr,moisture separator,moisture separator i
moisture separator janatics,moisture separator,moisture separator j
water separator jcb,moisture separator,moisture separator j
water separator jcb 3dx,moisture separator,moisture separator j
water separator john deere,moisture separator,moisture separator j
water separator john deere tractor,moisture separator,moisture separator j
water separator jug,moisture separator,moisture separator j
water jacket separator,moisture separator,moisture separator j
how does a moisture separator work,moisture separator,moisture separator j
water separator kit,moisture separator,moisture separator k
komatsu water separator,moisture separator,moisture separator k
water separator kubota,moisture separator,moisture separator k
water separator kya hota hai,moisture separator,moisture separator k
water separator kobelco,moisture separator,moisture separator k
water separator kubota tractor,moisture separator,moisture separator k
water separator kenworth t680,moisture separator,moisture separator k
water separator kit for boat,moisture separator,moisture separator k
water separator kenworth,moisture separator,moisture separator k
water separator ka kya kam hai,moisture separator,moisture separator k
moisture separator manufacturer in india,moisture separator,moisture separator m
moisture separator machine,moisture separator,moisture separator m
moisture separator manufacturer,moisture separator,moisture separator m
water separator mop,moisture separator,moisture separator m
water separator mitsubishi canter,moisture separator,moisture separator m
water separator mitsubishi,moisture separator,moisture separator m
water separator marine,moisture separator,moisture separator m
water separator machine,moisture separator,moisture separator m
water separator mop bucket,moisture separator,moisture separator m
water separator mercury,moisture separator,moisture separator m
water separator light,moisture separator,moisture separator l
water separator light isuzu,moisture separator,moisture separator l
water separator location,moisture separator,moisture separator l
land cruiser water separator,moisture separator,moisture separator l
water separator lowes,moisture separator,moisture separator l
water separator leaking air,moisture separator,moisture separator l
water separator light meaning,moisture separator,moisture separator l
water separator lorry,moisture separator,moisture separator l
water separator leaking,moisture separator,moisture separator l
water separator light on dash,moisture separator,moisture separator l
moisture separator p&id symbol,moisture separator,moisture separator p
moisture separator pdf,moisture separator,moisture separator p
moisture separator p&id,moisture separator,moisture separator p
water separator pump,moisture separator,moisture separator p
water separator price,moisture separator,moisture separator p
water separator perkins,moisture separator,moisture separator p
water separator parker,moisture separator,moisture separator p
water separator pneumatic,moisture separator,moisture separator p
water separator pc200,moisture separator,moisture separator p
moisture separator nuclear power plant,moisture separator,moisture separator n
water separator near me,moisture separator,moisture separator n
water separator new holland,moisture separator,moisture separator n
water separator nissan navara,moisture separator,moisture separator n
water separator nissan,moisture separator,moisture separator n
water separator napa,moisture separator,moisture separator n
water separator nearby,moisture separator,moisture separator n
water separator nissan urvan,moisture separator,moisture separator n
water separator nissan terra,moisture separator,moisture separator n
water separator nv350,moisture separator,moisture separator n
moisture oil separator,moisture separator,moisture separator o
water separator outboard motor,moisture separator,moisture separator o
water separator on diesel engine,moisture separator,moisture separator o
water separator oil,moisture separator,moisture separator o
water separator on boat,moisture separator,moisture separator o
water separator on kubota tractor,moisture separator,moisture separator o
water separator outboard,moisture separator,moisture separator o
water separator o ring,moisture separator,moisture separator o
water separator on air compressor,moisture separator,moisture separator o
water separator oil filter,moisture separator,moisture separator o
moisture separator reheater,moisture separator,moisture separator r
moisture separator reheater nuclear power plant,moisture separator,moisture separator r
moisture separator reheater sizing,moisture separator,moisture separator r
moisture separator reheater nuclear,moisture separator,moisture separator r
moisture separator reheater msr,moisture separator,moisture separator r
moisture separator reheater design,moisture separator,moisture separator r
moisture separator reheater diagram,moisture separator,moisture separator r
moisture separator regulator,moisture separator,moisture separator r
water separator racor,moisture separator,moisture separator r
water separator regulator,moisture separator,moisture separator r
water separator quicksilver,moisture separator,moisture separator q
quincy moisture separator,moisture separator,moisture separator q
water separator quester,moisture separator,moisture separator q
water separator que significa,moisture separator,moisture separator q
moisture separator symbol,moisture separator,moisture separator s
moisture separator steam,moisture separator,moisture separator s
moisture separator spirax sarco,moisture separator,moisture separator s
moisture separator smc,moisture separator,moisture separator s
water separator sensor,moisture separator,moisture separator s
water separator smc,moisture separator,moisture separator s
water separator symbol,moisture separator,moisture separator s
water separator shacman,moisture separator,moisture separator s
water separator scania,moisture separator,moisture separator s
water separator spray gun,moisture separator,moisture separator s
moisture separator tank,moisture separator,moisture separator t
moisture separator thermax,moisture separator,moisture separator t
moisture separator types,moisture separator,moisture separator t
moisture trap separator,moisture separator,moisture separator t
water separator tank,moisture separator,moisture separator t
water separator tool,moisture separator,moisture separator t
water separator tractor,moisture separator,moisture separator t
water separator truck,moisture separator,moisture separator t
water separator tractor supply,moisture separator,moisture separator t
water separator tata,moisture separator,moisture separator t
moisture separator working principle,moisture separator,moisture separator w
water separator warning light,moisture separator,moisture separator w
water separator warning light isuzu,moisture separator,moisture separator w
water separator wrench,moisture separator,moisture separator w
water separator warning light isuzu dmax,moisture separator,moisture separator w
water separator with auto drain,moisture separator,moisture separator w
water separator with sensor,moisture separator,moisture separator w
water separator with regulator,moisture separator,moisture separator w
water separator with drain,moisture separator,moisture separator w
moisture separator unit,moisture separator,moisture separator u
water separator unit,moisture separator,moisture separator u
water separator universal,moisture separator,moisture separator u
water separator use,moisture separator,moisture separator u
water separator untuk mobil diesel,moisture separator,moisture separator u
moisture separator valve,moisture separator,moisture separator v
moisture separator vs air dryer,moisture separator,moisture separator v
moisture separator vessel,moisture separator,moisture separator v
moisture separator vs steam trap,moisture separator,moisture separator v
water separator valve,moisture separator,moisture separator v
water separator volvo,moisture separator,moisture separator v
water separator volvo truck,moisture separator,moisture separator v
water separator vs fuel filter,moisture separator,moisture separator v
water separator vs air dryer,moisture separator,moisture separator v
water separator valve 7.3,moisture separator,moisture separator v
water separator xcmg,moisture separator,moisture separator x
water separator x15,moisture separator,moisture separator x
water separator xuv 3xo,moisture separator,moisture separator x
water separator xcmg 215,moisture separator,moisture separator x
water separator xcmg 60,moisture separator,moisture separator x
water separator xcmg 75,moisture separator,moisture separator x
water separator zoomlion,moisture separator,moisture separator z
water separator zx200,moisture separator,moisture separator z
water separator yamaha outboard,moisture separator,moisture separator y
water separator yamaha,moisture separator,moisture separator y
water separator yanmar,moisture separator,moisture separator y
water separator yamaha 115,moisture separator,moisture separator y
water separator yamaha 150,moisture separator,moisture separator y
best moisture separator for air compressor,moisture separator,best moisture separator
best water separator for air compressor,moisture separator,best moisture separator
best water separator for air compressor for painting,moisture separator,best moisture separator
best water separator for outboard motor,moisture separator,best moisture separator
best water separator for diesel,moisture separator,best moisture separator
best water separator,moisture separator,best moisture separator
best water separator filter diesel,moisture separator,best moisture separator
best water separator for painting cars,moisture separator,best moisture separator
best water separator for plasma cutter,moisture separator,best moisture separator
best water separator for boat,moisture separator,best moisture separator
how to drain water separator,moisture separator,how to moisture separator
how to change water separator filter,moisture separator,how to moisture separator
how to drain water separator 6.7 powerstroke,moisture separator,how to moisture separator
how to install water separator on air compressor,moisture separator,how to moisture separator
how to remove water separator filter,moisture separator,how to moisture separator
how to drain water separator isuzu d max,moisture separator,how to moisture separator
how to change water separator on boat,moisture separator,how to moisture separator
how to drain water separator 6.7 cummins,moisture separator,how to moisture separator
how to change water separator fuel filter,moisture separator,how to moisture separator
how to drain water separator on 2008 f250,moisture separator,how to moisture separator
what is moisture separator,moisture separator,what is moisture separator
what is water separator,moisture separator,what is moisture separator
what is water separator filter,moisture separator,what is moisture separator
what is water separator in diesel engine,moisture separator,what is moisture separator
what is water separator in car,moisture separator,what is moisture separator
what is water separator warning light,moisture separator,what is moisture separator
what is a moisture separator reheater,moisture separator,what is moisture separator
what is oily water separator,moisture separator,what is moisture separator
what is oily water separator in ship,moisture separator,what is moisture separator
what is oil water separator,moisture separator,what is moisture separator
fuel water separator near me,moisture separator,moisture separator near me
water separator price in kenya,moisture separator,moisture separator price
water separator price in nigeria,moisture separator,moisture separator price
water separator price philippines,moisture separator,moisture separator price
hydint moisture separator price,moisture separator,moisture separator price
moisture separator filter price,moisture separator,moisture separator price
steam moisture separator price,moisture separator,moisture separator price
water separator cost,moisture separator,moisture separator cost
water separator plastic,moisture separator,moisture separator for plastic
where to place moisture absorber,moisture separator,moisture separator for plastic
water separator working principle,moisture separator,moisture separator working principle
air moisture separator working principle,moisture separator,moisture separator working principle
oily water separator working principle,moisture separator,moisture separator working principle
oil water separator working principle,moisture separator,moisture separator working principle
oil water separator working principle diagram,moisture separator,moisture separator working principle
bilge water separator working principle,moisture separator,moisture separator working principle
oily water separator working principle in ship,moisture separator,moisture separator working principle
bilge water separator working principle pdf,moisture separator,moisture separator working principle
water cyclone separator working principle,moisture separator,moisture separator working principle
water separator supplier,moisture separator,moisture separator supplier
water separator service,moisture separator,moisture separator service
oil water separator capacity calculation,moisture separator,moisture separator capacity calculation
automatic drain valve,automatic drain valve,automatic drain valve
automatic drain valve for air compressor,automatic drain valve,automatic drain valve
automatic drain valve hsn code,automatic drain valve,automatic drain valve
automatic drain valve for water system,automatic drain valve,automatic drain valve
automatic drain valve for air tank,automatic drain valve,automatic drain valve
automatic drain valve for fire sprinkler system,automatic drain valve,automatic drain valve
automatic drain valve for compressor,automatic drain valve,automatic drain valve
automatic drain valve irrigation,automatic drain valve,automatic drain valve
automatic drain valve price,automatic drain valve,automatic drain valve
automatic drain valve for air receiver tank,automatic drain valve,automatic drain valve
automatic drain valve air compressor,automatic drain valve,automatic drain valve a
automatic drain valve atlas copco,automatic drain valve,automatic drain valve a
automatic drain valve air tank,automatic drain valve,automatic drain valve a
auto drain valve air compressor,automatic drain valve,automatic drain valve a
auto drain valve ad402 04,automatic drain valve,automatic drain valve a
auto drain valve ad402,automatic drain valve,automatic drain valve a
auto drain valve assembly,automatic drain valve,automatic drain valve a
auto drain valve adf 695,automatic drain valve,automatic drain valve a
auto drain valve ad402 04 smc,automatic drain valve,automatic drain valve a
auto drain valve air dryer,automatic drain valve,automatic drain valve a
auto drain valve diagram,automatic drain valve,automatic drain valve d
auto drain valve drawing,automatic drain valve,automatic drain valve d
auto drain valve digital,automatic drain valve,automatic drain valve d
auto drain valve diaphragm,automatic drain valve,automatic drain valve d
auto drain valve danfoss,automatic drain valve,automatic drain valve d
auto drain valve dn15,automatic drain valve,automatic drain valve d
automatic flush valve drip irrigation,automatic drain valve,automatic drain valve d
automatic flush valve diagram,automatic drain valve,automatic drain valve d
automatic drain down valve,automatic drain valve,automatic drain valve d
trident auto drain valve dealers in delhi,automatic drain valve,automatic drain valve d
automatic drain valve compressor,automatic drain valve,automatic drain valve c
automatic drain valve compressed air,automatic drain valve,automatic drain valve c
auto drain valve compressor,automatic drain valve,automatic drain valve c
auto drain valve concept make,automatic drain valve,automatic drain valve c
auto drain valve connection,automatic drain valve,automatic drain valve c
auto drain valve coil,automatic drain valve,automatic drain valve c
auto drain valve catalogue,automatic drain valve,automatic drain valve c
auto drain valve concept,automatic drain valve,automatic drain valve c
auto drain valve connection diagram,automatic drain valve,automatic drain valve c
auto drain valve ckd,automatic drain valve,automatic drain valve c
automatic drain valve bendix,automatic drain valve,automatic drain valve b
auto drain valve blows during,automatic drain valve,automatic drain valve b
auto drain valve bekomat,automatic drain valve,automatic drain valve b
auto drain valve brass,automatic drain valve,automatic drain valve b
automatic drain back valve,automatic drain valve,automatic drain valve b
automatic flush valve battery replacement,automatic drain valve,automatic drain valve b
automatic drain ball valve,automatic drain valve,automatic drain valve b
automatic flush valve battery,automatic drain valve,automatic drain valve b
automatic drain plug boat,automatic drain valve,automatic drain valve b
auto drain ball valve,automatic drain valve,automatic drain valve b
automatic drain valve edv 161,automatic drain valve,automatic drain valve e
auto drain valve elgi,automatic drain valve,automatic drain valve e
auto drain valve electric,automatic drain valve,automatic drain valve e
auto drain valve edv 161,automatic drain valve,automatic drain valve e
auto drain valve edv x 1 1,automatic drain valve,automatic drain valve e
auto drain valve etd 121,automatic drain valve,automatic drain valve e
automatic flush valve end cap,automatic drain valve,automatic drain valve e
trident auto drain valve edv series,automatic drain valve,automatic drain valve e
automatic electronic drain valve,automatic drain valve,automatic drain valve e
expello automatic drain valve,automatic drain valve,automatic drain valve e
auto drain valve grainger,automatic drain valve,automatic drain valve g
auto drain gate valve,automatic drain valve,automatic drain valve g
automatic transmission drain plug gasket,automatic drain valve,automatic drain valve g
sloan automatic flush valve g2,automatic drain valve,automatic drain valve g
sloan automatic flush valve grainger,automatic drain valve,automatic drain valve g
sloan automatic flush valve green light flashing,automatic drain valve,automatic drain valve g
auto drain valve for steam generator,automatic drain valve,automatic drain valve g
princess auto drain plug gasket,automatic drain valve,automatic drain valve g
advance auto drain plug gasket,automatic drain valve,automatic drain valve g
gardena automatic drain valve,automatic drain valve,automatic drain valve g
automatic drain valve hs.code,automatic drain valve,automatic drain valve h
automatic drain valve haldex,automatic drain valve,automatic drain valve h
auto drain valve hsn code,automatic drain valve,automatic drain valve h
auto drain valve hydint,automatic drain valve,automatic drain valve h
auto drain valve hsn code and gst rate,automatic drain valve,automatic drain valve h
auto drain valve had20b,automatic drain valve,automatic drain valve h
auto drain valve hsn code 8 digit,automatic drain valve,automatic drain valve h
auto drain valve home depot,automatic drain valve,automatic drain valve h
auto drain valve how it works,automatic drain valve,automatic drain valve h
automatic drain valve for sprinkler system,automatic drain valve,automatic drain valve f
automatic drain valve for air compressor tank,automatic drain valve,automatic drain valve f
automatic drain valve for compressed air,automatic drain valve,automatic drain valve f
automatic drain valve for irrigation,automatic drain valve,automatic drain valve f
auto drain valve irrigation,automatic drain valve,automatic drain valve i
auto drain valve image,automatic drain valve,automatic drain valve i
auto drain valve ingersoll rand,automatic drain valve,automatic drain valve i
auto drain valve in compressor,automatic drain valve,automatic drain valve i
auto drain valve installation,automatic drain valve,automatic drain valve i
auto drain valve in air compressor,automatic drain valve,automatic drain valve i
auto drain valve in locomotive,automatic drain valve,automatic drain valve i
automatic flush valve irrigation,automatic drain valve,automatic drain valve i
electronic drain valve ingersoll rand,automatic drain valve,automatic drain valve i
automatic drain valve kit,automatic drain valve,automatic drain valve k
auto drain valve kaeser,automatic drain valve,automatic drain valve k
auto drain valve kya hota hai,automatic drain valve,automatic drain valve k
automatic flush valve kit,automatic drain valve,automatic drain valve k
auto drain plug kit,automatic drain valve,automatic drain valve k
automatic transmission drain plug kit,automatic drain valve,automatic drain valve k
zurn automatic flush valve keeps running,automatic drain valve,automatic drain valve k
air compressor automatic drain valve kit,automatic drain valve,automatic drain valve k
toto automatic flush valve keeps running,automatic drain valve,automatic drain valve k
sloan automatic flush valve keeps running,automatic drain valve,automatic drain valve k
auto drain valve janatics,automatic drain valve,automatic drain valve j
auto drain valve jorc,automatic drain valve,automatic drain valve j
auto drain valve with timer janatics,automatic drain valve,automatic drain valve j
auto drain valve 1 2 janatics,automatic drain valve,automatic drain valve j
jorc automatic drain valve,automatic drain valve,automatic drain valve j
how automatic drain valve works,automatic drain valve,automatic drain valve j
auto drain valve function,automatic drain valve,automatic drain valve j
what is auto drain valve,automatic drain valve,automatic drain valve j
how auto drain valve works,automatic drain valve,automatic drain valve j
automatic drain valve model edv x 1 1,automatic drain valve,automatic drain valve m
automatic drain valve mechanical,automatic drain valve,automatic drain valve m
auto drain valve manufacturers from india,automatic drain valve,automatic drain valve m
auto drain valve mechanical,automatic drain valve,automatic drain valve m
auto drain valve manufacturers,automatic drain valve,automatic drain valve m
auto drain valve manufacturers coimbatore,automatic drain valve,automatic drain valve m
auto drain valve manual,automatic drain valve,automatic drain valve m
auto drain valve make,automatic drain valve,automatic drain valve m
auto drain valve manufacturers in ahmedabad,automatic drain valve,automatic drain valve m
auto drain valve manufacturers in mumbai,automatic drain valve,automatic drain valve m
auto drain valve near me,automatic drain valve,automatic drain valve n
auto drain valve not working,automatic drain valve,automatic drain valve n
auto drain valve norgren,automatic drain valve,automatic drain valve n
automatic flush valve not working,automatic drain valve,automatic drain valve n
automatic flush valve netafim,automatic drain valve,automatic drain valve n
auto drain valve parts name,automatic drain valve,automatic drain valve n
sloan automatic flush valve not working,automatic drain valve,automatic drain valve n
zurn automatic flush valve not flushing,automatic drain valve,automatic drain valve n
sloan automatic flush valve not flushing,automatic drain valve,automatic drain valve n
sloan automatic flush valve nearby,automatic drain valve,automatic drain valve n
auto drain valve lenora,automatic drain valve,automatic drain valve l
auto drain valve locomotive,automatic drain valve,automatic drain valve l
auto drain valve ldv 1000,automatic drain valve,automatic drain valve l
auto drain valve ld,automatic drain valve,automatic drain valve l
auto flush valve lateral filter,automatic drain valve,automatic drain valve l
digital auto drain valve lenora,automatic drain valve,automatic drain valve l
sprinkler auto drain valve leaking,automatic drain valve,automatic drain valve l
sloan automatic flush valve leaking,automatic drain valve,automatic drain valve l
zurn automatic flush valve leaking,automatic drain valve,automatic drain valve l
toto automatic flush valve leaking,automatic drain valve,automatic drain valve l
auto drain valve opt a,automatic drain valve,automatic drain valve o
auto drain valve orbit,automatic drain valve,automatic drain valve o
auto drain valve operation,automatic drain valve,automatic drain valve o
automatic drain off valve,automatic drain valve,automatic drain valve o
auto flush valve reverse osmosis,automatic drain valve,automatic drain valve o
orbit automatic drain valve 10115h,automatic drain valve,automatic drain valve o
drain valve of semi automatic washing machine,automatic drain valve,automatic drain valve o
orbit brass automatic drain valve,automatic drain valve,automatic drain valve o
float operated automatic drain valve,automatic drain valve,automatic drain valve o
how does an automatic drain valve work on an air compressor,automatic drain valve,automatic drain valve o
automatic drain valve pvc,automatic drain valve,automatic drain valve p
auto drain valve p&id symbol,automatic drain valve,automatic drain valve p
auto drain valve pneumatic,automatic drain valve,automatic drain valve p
auto drain valve parker,automatic drain valve,automatic drain valve p
auto drain valve plunger,automatic drain valve,automatic drain valve p
auto drain valve photo,automatic drain valve,automatic drain valve p
auto drain valve price in pakistan,automatic drain valve,automatic drain valve p
auto drain valve parts,automatic drain valve,automatic drain valve p
automatic drain valve rain bird,automatic drain valve,automatic drain valve r
auto drain valve rv,automatic drain valve,automatic drain valve r
auto drain valve repair,automatic drain valve,automatic drain valve r
auto drain valve revit family,automatic drain valve,automatic drain valve r
auto drain valve replacement,automatic drain valve,automatic drain valve r
auto drain valve rotex,automatic drain valve,automatic drain valve r
auto drain valve rate,automatic drain valve,automatic drain valve r
automatic flush valve retrofit kit,automatic drain valve,automatic drain valve r
automatic flush valve rebuild kit,automatic drain valve,automatic drain valve r
automatic flush valve retrofit,automatic drain valve,automatic drain valve r
automatic drain valve sprinkler,automatic drain valve,automatic drain valve s
automatic drain valve symbol,automatic drain valve,automatic drain valve s
automatic drain valve sprinkler system,automatic drain valve,automatic drain valve s
automatic drain valve smc,automatic drain valve,automatic drain valve s
auto drain valve symbol,automatic drain valve,automatic drain valve s
auto drain valve specification,automatic drain valve,automatic drain valve s
auto drain valve supplier,automatic drain valve,automatic drain valve s
auto drain valve sprinkler,automatic drain valve,automatic drain valve s
auto drain valve strainer,automatic drain valve,automatic drain valve s
auto drain valve size 1/2,automatic drain valve,automatic drain valve s
automatic drain valve trident make,automatic drain valve,automatic drain valve t
automatic drain valve tyco,automatic drain valve,automatic drain valve t
automatic drain valve trident,automatic drain valve,automatic drain valve t
automatic drain valve timer,automatic drain valve,automatic drain valve t
automatic drain valve truck,automatic drain valve,automatic drain valve t
auto drain valve techno,automatic drain valve,automatic drain valve t
auto drain valve timer based,automatic drain valve,automatic drain valve t
auto drain valve types,automatic drain valve,automatic drain valve t
auto drain valve techno make,automatic drain valve,automatic drain valve t
auto drain-valve-tec-44,automatic drain valve,automatic drain valve t
auto drain valve use,automatic drain valve,automatic drain valve u
auto drain valve uflow,automatic drain valve,automatic drain valve u
automatic flush valve urinal,automatic drain valve,automatic drain valve u
sloan automatic flush valve urinal,automatic drain valve,automatic drain valve u
zurn automatic flush valve urinal,automatic drain valve,automatic drain valve u
toto automatic flush valve urinal,automatic drain valve,automatic drain valve u
automatic cut off valve,automatic drain valve,automatic drain valve x
electronic drain valve v2ed-180/in,automatic drain valve,automatic drain valve v
auto drain valve for vacuum pump,automatic drain valve,automatic drain valve v
toto automatic flush valve vacuum breaker,automatic drain valve,automatic drain valve v
sloan automatic flush valve vacuum breaker,automatic drain valve,automatic drain valve v
automatic drain valve with timer,automatic drain valve,automatic drain valve w
automatic drain valve wabco,automatic drain valve,automatic drain valve w
automatic drain valve water,automatic drain valve,automatic drain valve w
automatic drain valve with heater,automatic drain valve,automatic drain valve w
auto drain valve with timer,automatic drain valve,automatic drain valve w
auto drain valve working principle,automatic drain valve,automatic drain valve w
auto drain valve with strainer,automatic drain valve,automatic drain valve w
auto drain valve wiring diagram,automatic drain valve,automatic drain valve w
auto drain valve working,automatic drain valve,automatic drain valve w
auto drain valve y type 1 2,automatic drain valve,automatic drain valve y
auto drain valve price,automatic drain valve,automatic drain valve y
automatic flush valve zurn,automatic drain valve,automatic drain valve z
auto tank drain valve ztd1,automatic drain valve,automatic drain valve z
zero loss automatic drain valve,automatic drain valve,automatic drain valve z
automatic water shut off valve reviews,automatic drain valve,automatic drain valve z
how to install automatic drain valve,automatic drain valve,how to automatic drain valve
how to install auto drain valve for air compressor,automatic drain valve,how to automatic drain valve
how to install orbit automatic drain valve,automatic drain valve,how to automatic drain valve
how to install automatic flush valve,automatic drain valve,how to automatic drain valve
how to reset sloan automatic flush valve,automatic drain valve,how to automatic drain valve
how to adjust sloan automatic flush valve,automatic drain valve,how to automatic drain valve
how to adjust zurn automatic flush valve,automatic drain valve,how to automatic drain valve
how to install sloan automatic flush valve,automatic drain valve,how to automatic drain valve
best automatic drain valve for air compressor,automatic drain valve,best automatic drain valve
best automatic drain valve for water system,automatic drain valve,best automatic drain valve
best auto drain valve for air receiver tank,automatic drain valve,best automatic drain valve
best auto drain valve,automatic drain valve,best automatic drain valve
best automatic flush valve,automatic drain valve,best automatic drain valve
best automatic urinal flush valve,automatic drain valve,best automatic drain valve
best air compressor automatic drain valve harbor freight,automatic drain valve,best automatic drain valve
what is automatic drain valve,automatic drain valve,what is automatic drain valve
what is an automatic flush valve,automatic drain valve,what is automatic drain valve
how does automatic drain valve work,automatic drain valve,can automatic drain valve
how do auto drain valves work,automatic drain valve,can automatic drain valve
automatic flush valve price,automatic drain valve,automatic drain valve price
lenora auto drain valve price,automatic drain valve,automatic drain valve price
trident auto drain valve price,automatic drain valve,automatic drain valve price
techno auto drain valve price,automatic drain valve,automatic drain valve price
concept auto drain valve price,automatic drain valve,automatic drain valve price
compressor auto drain valve price,automatic drain valve,automatic drain valve price
bekomat auto drain valve price,automatic drain valve,automatic drain valve price
elgi auto drain valve price,automatic drain valve,automatic drain valve price
auto drain valve mechanical type,automatic drain valve,automatic drain valve near me
mechanical auto drain valve working principle,automatic drain valve,automatic drain valve working principle
auto drain valve for air compressor working principle,automatic drain valve,automatic drain valve working principle
auto drain valve suppliers,automatic drain valve,automatic drain valve dealers
sloan automatic flush valve repair kit,automatic drain valve,automatic drain valve repair
zurn automatic flush valve repair kit,automatic drain valve,automatic drain valve repair
sloan automatic flush valve repair,automatic drain valve,automatic drain valve repair
toto automatic flush valve repair kit,automatic drain valve,automatic drain valve repair
air receiver tank,air receiver tank,air receiver tank
air receiver tank manufacturers,air receiver tank,air receiver tank
air receiver tank hsn code,air receiver tank,air receiver tank
air receiver tank manufacturers in coimbatore,air receiver tank,air receiver tank
air receiver tank capacity,air receiver tank,air receiver tank
air receiver tank safety valve,air receiver tank,air receiver tank
air receiver tank auto drain valve,air receiver tank,air receiver tank
air receiver tank price,air receiver tank,air receiver tank
air receiver tank capacity calculation,air receiver tank,air receiver tank
air receiver tank colour code,air receiver tank,air receiver tank
air receiver tank adalah,air receiver tank,air receiver tank a
air receiver tank australia,air receiver tank,air receiver tank a
air receiver tank autocad drawing,air receiver tank,air receiver tank a
air receiver tank accessories,air receiver tank,air receiver tank a
air receiver tank atlas copco,air receiver tank,air receiver tank a
air receiver tank auto drain,air receiver tank,air receiver tank a
air receiver tank asme,air receiver tank,air receiver tank a
air receiver tank alibaba,air receiver tank,air receiver tank a
air receiver tank inlet and outlet,air receiver tank,air receiver tank a
air receiver tank calculation,air receiver tank,air receiver tank c
air receiver tank capacity in litres,air receiver tank,air receiver tank c
air receiver tank connection,air receiver tank,air receiver tank c
air receiver tank certification,air receiver tank,air receiver tank c
air receiver tank compressor,air receiver tank,air receiver tank c
air receiver tank calibration,air receiver tank,air receiver tank c
air receiver tank checklist,air receiver tank,air receiver tank c
air receiver tank blastline,air receiver tank,air receiver tank b
air receiver tank blasting,air receiver tank,air receiver tank b
air receiver tank brisbane,air receiver tank,air receiver tank b
air receiver tank benefits,air receiver tank,air receiver tank b
air receiver tank buy,air receiver tank,air receiver tank b
air receiver tank blowdown valve,air receiver tank,air receiver tank b
air receiver/buffer tank,air receiver tank,air receiver tank b
air receiver tank cad block,air receiver tank,air receiver tank b
air receiver tank manufacturers in bangalore,air receiver tank,air receiver tank b
10 bar air receiver tank,air receiver tank,air receiver tank b
air receiver tank diagram,air receiver tank,air receiver tank d
air receiver tank drawing,air receiver tank,air receiver tank d
air receiver tank dimensions,air receiver tank,air receiver tank d
air receiver tank drain valve,air receiver tank,air receiver tank d
air receiver tank design,air receiver tank,air receiver tank d
air receiver tank dosh,air receiver tank,air receiver tank d
air receiver tank design calculation,air receiver tank,air receiver tank d
air receiver tank dwg,air receiver tank,air receiver tank d
air receiver tank details,air receiver tank,air receiver tank d
air receiver tank drain,air receiver tank,air receiver tank d
air receiver tank function,air receiver tank,air receiver tank f
air receiver tank for sale,air receiver tank,air receiver tank f
air receiver tank for blasting,air receiver tank,air receiver tank f
air receiver tank for sale south africa,air receiver tank,air receiver tank f
air receiver tank for compressor,air receiver tank,air receiver tank f
air receiver tank filling time calculation,air receiver tank,air receiver tank f
air receiver tank fittings,air receiver tank,air receiver tank f
air receiver tank filter,air receiver tank,air receiver tank f
air receiver tank fabrication,air receiver tank,air receiver tank f
air receiver tank foundation,air receiver tank,air receiver tank f
air receiver tank gasket,air receiver tank,air receiver tank g
air receiver tank gauge,air receiver tank,air receiver tank g
air receiver tank pressure gauge,air receiver tank,air receiver tank g
air receiver tank 60 gallon,air receiver tank,air receiver tank g
air receiver tank 1000 gallon,air receiver tank,air receiver tank g
air receiver tank là gì,air receiver tank,air receiver tank g
air receiver tank hsn code and gst rate,air receiver tank,air receiver tank g
500 gallon air receiver tank,air receiver tank,air receiver tank g
200 gallon air receiver tank,air receiver tank,air receiver tank g
400 gallon air receiver tank,air receiver tank,air receiver tank g
air receiver tank hydro testing procedure,air receiver tank,air receiver tank h
air receiver tank hs code,air receiver tank,air receiver tank h
air receiver tank horizontal,air receiver tank,air receiver tank h
air receiver tank hydro testing,air receiver tank,air receiver tank h
air receiver tank height,air receiver tank,air receiver tank h
air receiver tank hire,air receiver tank,air receiver tank h
air reservoir tank hs code,air receiver tank,air receiver tank h
air reservoir tank hsn code,air receiver tank,air receiver tank h
air receiver tank explosion,air receiver tank,air receiver tank e
elgi air receiver tank,air receiver tank,air receiver tank e
elgi air receiver tank price,air receiver tank,air receiver tank e
elgi air receiver tank catalogue pdf,air receiver tank,air receiver tank e
lalit engineers air receiver tank ahmedabad,air receiver tank,air receiver tank e
lalit engineers air receiver tank,air receiver tank,air receiver tank e
lalit engineers air receiver tank photos,air receiver tank,air receiver tank e
what is air receiver tank,air receiver tank,air receiver tank e
air receiver tank purpose,air receiver tank,air receiver tank e
air receiver tank inspection requirements,air receiver tank,air receiver tank i
air receiver tank inspection,air receiver tank,air receiver tank i
air receiver tank images,air receiver tank,air receiver tank i
air receiver tank inspection checklist,air receiver tank,air receiver tank i
air receiver tank installation,air receiver tank,air receiver tank i
air receiver tank in malay,air receiver tank,air receiver tank i
air receiver tank in chinese,air receiver tank,air receiver tank i
air receiver tank in compressor,air receiver tank,air receiver tank i
air receiver tank in ahmedabad,air receiver tank,air receiver tank i
air receiver tank lifespan,air receiver tank,air receiver tank l
air receiver tank capacity unit,air receiver tank,air receiver tank l
air receiver tank 1000 liter,air receiver tank,air receiver tank l
air receiver tank 500 liter,air receiver tank,air receiver tank l
air receiver tank 100 litre,air receiver tank,air receiver tank l
air receiver tank 5000 liter,air receiver tank,air receiver tank l
air receiver tank 3000 liter,air receiver tank,air receiver tank l
air receiver tank kaeser,air receiver tank,air receiver tank k
air receiver tank kit,air receiver tank,air receiver tank k
air receiver tank kya hota hai,air receiver tank,air receiver tank k
air receiver tank manufacturers in kolkata,air receiver tank,air receiver tank k
kobelco air receiver tank,air receiver tank,air receiver tank k
kirloskar air receiver tank,air receiver tank,air receiver tank k
air receiver tank weight,air receiver tank,air receiver tank k
air receiver tank manufacturers near me,air receiver tank,air receiver tank m
air receiver tank manufacturers in ahmedabad,air receiver tank,air receiver tank m
air receiver tank manufacturers in pune,air receiver tank,air receiver tank m
air receiver tank manufacturers south africa,air receiver tank,air receiver tank m
air receiver tank malaysia,air receiver tank,air receiver tank m
air receiver tank manufacturers in chennai,air receiver tank,air receiver tank m
air receiver tank material,air receiver tank,air receiver tank m
air receiver tank manhole,air receiver tank,air receiver tank m
air receiver tank jkkp,air receiver tank,air receiver tank j
air receiver tank jb,air receiver tank,air receiver tank j
air receiver tank dosh jkkp,air receiver tank,air receiver tank j
jual air receiver tank,air receiver tank,air receiver tank j
air receiver tank name plate,air receiver tank,air receiver tank n
air receiver tank near me,air receiver tank,air receiver tank n
air receiver tank nz,air receiver tank,air receiver tank n
air receiver tank nearby,air receiver tank,air receiver tank n
air receiver tank parts name,air receiver tank,air receiver tank n
air receiver tank supplier near me,air receiver tank,air receiver tank n
air receiver tank for sale near me,air receiver tank,air receiver tank n
new air receiver tank,air receiver tank,air receiver tank n
air receiver tank inlet outlet,air receiver tank,air receiver tank o
air oil receiver tank,air receiver tank,air receiver tank o
purpose of air receiver tank,air receiver tank,air receiver tank o
compressed air receiver tank inlet and outlet,air receiver tank,air receiver tank o
parts of air receiver tank,air receiver tank,air receiver tank o
types of air receiver tank,air receiver tank,air receiver tank o
function of air receiver tank,air receiver tank,air receiver tank o
design of air receiver tank,air receiver tank,air receiver tank o
sizing of air receiver tank,air receiver tank,air receiver tank o
air receiver tank volume,air receiver tank,air receiver tank o
air receiver tank photo,air receiver tank,air receiver tank p
air receiver tank parts,air receiver tank,air receiver tank p
air receiver tank pressure relief valve,air receiver tank,air receiver tank p
air receiver tank pressure testing,air receiver tank,air receiver tank p
air receiver tank price list,air receiver tank,air receiver tank p
air receiver tank pdf,air receiver tank,air receiver tank p
air receiver tank sizing,air receiver tank,air receiver tank s
air receiver tank specification,air receiver tank,air receiver tank s
air receiver tank size calculation,air receiver tank,air receiver tank s
air receiver tank symbol,air receiver tank,air receiver tank s
air receiver tank suppliers in uae,air receiver tank,air receiver tank s
air receiver tank singapore,air receiver tank,air receiver tank s
air receiver tank safety relief valve,air receiver tank,air receiver tank s
air receiver tank supplier philippines,air receiver tank,air receiver tank s
quincy air receiver tank,air receiver tank,air receiver tank q
air receiver tank rental,air receiver tank,air receiver tank r
air receiver tank revit family,air receiver tank,air receiver tank r
air receiver tank regulations,air receiver tank,air receiver tank r
air receiver tank relief valve,air receiver tank,air receiver tank r
air receiver tank ingersoll rand,air receiver tank,air receiver tank r
air receiver tank pressure rating,air receiver tank,air receiver tank r
air receiver tank test certificate,air receiver tank,air receiver tank t
air receiver tank thickness test,air receiver tank,air receiver tank t
air receiver tank thickness,air receiver tank,air receiver tank t
air receiver tank thickness calculation,air receiver tank,air receiver tank t
air receiver tank testing,air receiver tank,air receiver tank t
air receiver tank truck,air receiver tank,air receiver tank t
air receiver tank thai,air receiver tank,air receiver tank t
air receiver tank working principle,air receiver tank,air receiver tank w
air receiver tank water drain,air receiver tank,air receiver tank w
air receiver tank wall thickness calculation,air receiver tank,air receiver tank w
air receiver tank weight calculation,air receiver tank,air receiver tank w
air receiver tank work,air receiver tank,air receiver tank w
air receiver tank with air compressor,air receiver tank,air receiver tank w
wet air receiver tank,air receiver tank,air receiver tank w
how does an air receiver tank work,air receiver tank,air receiver tank w
air receiver tank volume calculator,air receiver tank,air receiver tank v
air receiver tank valve,air receiver tank,air receiver tank v
air receiver tank volume formula,air receiver tank,air receiver tank v
air receiver tank vertical,air receiver tank,air receiver tank v
air receiver tank safety valve calibration,air receiver tank,air receiver tank v
air receiver tank vs air compressor,air receiver tank,air receiver tank v
air receiver tank used,air receiver tank,air receiver tank u
air receiver tank uae,air receiver tank,air receiver tank u
air receiver tank untuk apa,air receiver tank,air receiver tank u
used air receiver tank for sale,air receiver tank,air receiver tank u
used air receiver tank for sale south africa,air receiver tank,air receiver tank u
used air compressor receiver tank for sale,air receiver tank,air receiver tank u
riksa uji air receiver tank,air receiver tank,air receiver tank u
yuen fee air receiver tank,air receiver tank,air receiver tank y
what is the function of air receiver tank,air receiver tank,what is air receiver tank
what is the purpose of air receiver tank,air receiver tank,what is air receiver tank
what is the function of an air receiver tank in a pneumatic system,air receiver tank,what is air receiver tank
what is the purpose of air receiver,air receiver tank,what is air receiver tank
how to calculate air receiver tank capacity,air receiver tank,how to air receiver tank
how to size air receiver tank,air receiver tank,how to air receiver tank
how to install air receiver tank,air receiver tank,how to air receiver tank
how to clean air receiver tank,air receiver tank,how to air receiver tank
how to calculate air receiver tank volume,air receiver tank,how to air receiver tank
how to design air receiver tank,air receiver tank,how to air receiver tank
how to select air receiver tank,air receiver tank,how to air receiver tank
how air receiver tank works,air receiver tank,how to air receiver tank
how to size compressed air receiver tank,air receiver tank,how to air receiver tank
buy air receiver tank,air receiver tank,buy air receiver tank
does a tank have air conditioning,air receiver tank,air receiver tank in coimbatore
air receiver tank manufacturers in mumbai,air receiver tank,air receiver tank in mumbai
air receiver tank price in pakistan,air receiver tank,air receiver tank price
air receiver tank price in india,air receiver tank,air receiver tank price
air reservoir tank price,air receiver tank,air receiver tank price
1000l air receiver tank price,air receiver tank,air receiver tank price
vertical air receiver tank price,air receiver tank,air receiver tank price
air receiver tank 2000 liter price,air receiver tank,air receiver tank price
air receiver tank 500 liter price,air receiver tank,air receiver tank price
air receiver tank manufacturers in delhi,air receiver tank,air receiver tank in delhi
air receiver tank meaning,air receiver tank,air receiver tank near me
air receiver tank cost,air receiver tank,air receiver tank cost
air receiver tank manufacturers in dubai,air receiver tank,air receiver tank manufacturers
air receiver tank supplier,air receiver tank,air receiver tank supplier
air receiver tank supplier malaysia,air receiver tank,air receiver tank supplier
air receiver tank service,air receiver tank,air receiver tank repair
air receiver tank maintenance checklist,air receiver tank,air receiver tank repair
air receiver tank maintenance,air receiver tank,air receiver tank repair
air receiver tank preventive maintenance,air receiver tank,air receiver tank repair
air receiver tank suppliers,air receiver tank,air receiver tank dealers
compressed air receiver tank specification,air receiver tank,air receiver tank specification
air receiver tank cleaning,air receiver tank,air receiver tank service
compressed air receiver tank capacity calculation,air receiver tank,air receiver tank capacity calculation
compressed air receiver tank volume calculator,air receiver tank,air receiver tank capacity calculation
how to calculate air tank capacity,air receiver tank,air receiver tank capacity calculation
air receiver vs air tank,air receiver tank,air receiver tank vs
shell and tube heat exchanger,shell and tube heat exchanger,shell and tube heat exchanger
shell and tube heat exchanger diagram,shell and tube heat exchanger,shell and tube heat exchanger
shell and tube heat exchanger manufacturers in chennai,shell and tube heat exchanger,shell and tube heat exchanger
shell and tube heat exchanger types,shell and tube heat exchanger,shell and tube heat exchanger
shell and tube heat exchanger design,shell and tube heat exchanger,shell and tube heat exchanger
shell and tube heat exchanger pdf,shell and tube heat exchanger,shell and tube heat exchanger
shell and tube heat exchanger images,shell and tube heat exchanger,shell and tube heat exchanger
shell and tube heat exchanger design calculations pdf,shell and tube heat exchanger,shell and tube heat exchanger
shell and tube heat exchanger working principle,shell and tube heat exchanger,shell and tube heat exchanger
shell and tube heat exchanger design calculations,shell and tube heat exchanger,shell and tube heat exchanger
shell and tube heat exchanger animation,shell and tube heat exchanger,shell and tube heat exchanger a
shell and tube heat exchanger area calculation,shell and tube heat exchanger,shell and tube heat exchanger a
shell and tube heat exchanger apparatus,shell and tube heat exchanger,shell and tube heat exchanger a
shell and tube heat exchanger applications,shell and tube heat exchanger,shell and tube heat exchanger a
shell and tube heat exchanger advantages and disadvantages,shell and tube heat exchanger,shell and tube heat exchanger a
shell and tube heat exchanger alfa laval,shell and tube heat exchanger,shell and tube heat exchanger a
shell and tube heat exchanger approach temperature,shell and tube heat exchanger,shell and tube heat exchanger a
shell and tube heat exchanger adalah,shell and tube heat exchanger,shell and tube heat exchanger a
shell and tube heat exchanger ansys fluent,shell and tube heat exchanger,shell and tube heat exchanger a
shell and tube heat exchanger autocad drawing,shell and tube heat exchanger,shell and tube heat exchanger a
shell and tube heat exchanger calculations,shell and tube heat exchanger,shell and tube heat exchanger c
shell and tube heat exchanger components,shell and tube heat exchanger,shell and tube heat exchanger c
shell and tube heat exchanger construction and working,shell and tube heat exchanger,shell and tube heat exchanger c
shell and tube heat exchanger construction,shell and tube heat exchanger,shell and tube heat exchanger c
shell and tube heat exchanger calculation excel,shell and tube heat exchanger,shell and tube heat exchanger c
shell and tube heat exchanger catalogue pdf,shell and tube heat exchanger,shell and tube heat exchanger c
shell and tube heat exchanger cross section,shell and tube heat exchanger,shell and tube heat exchanger c
shell and tube heat exchanger calculator online,shell and tube heat exchanger,shell and tube heat exchanger c
shell and tube heat exchanger capacity,shell and tube heat exchanger,shell and tube heat exchanger c
shell and tube heat exchanger cost estimation,shell and tube heat exchanger,shell and tube heat exchanger c
shell and tube heat exchanger baffles,shell and tube heat exchanger,shell and tube heat exchanger b
shell and tube heat exchanger bundle removal,shell and tube heat exchanger,shell and tube heat exchanger b
shell and tube heat exchanger bonnet,shell and tube heat exchanger,shell and tube heat exchanger b
shell and tube heat exchanger baffle design,shell and tube heat exchanger,shell and tube heat exchanger b
shell and tube heat exchanger bundle,shell and tube heat exchanger,shell and tube heat exchanger b
shell and tube heat exchanger buy,shell and tube heat exchanger,shell and tube heat exchanger b
shell and tube heat exchanger benefits,shell and tube heat exchanger,shell and tube heat exchanger b
shell and tube heat exchanger book,shell and tube heat exchanger,shell and tube heat exchanger b
shell and tube heat exchanger bem type,shell and tube heat exchanger,shell and tube heat exchanger b
shell and tube heat exchanger basics,shell and tube heat exchanger,shell and tube heat exchanger b
shell and tube heat exchanger design pdf,shell and tube heat exchanger,shell and tube heat exchanger d
shell and tube heat exchanger diagram simple,shell and tube heat exchanger,shell and tube heat exchanger d
shell and tube heat exchanger drawing pdf,shell and tube heat exchanger,shell and tube heat exchanger d
shell and tube heat exchanger drawing,shell and tube heat exchanger,shell and tube heat exchanger d
shell and tube heat exchanger design calculations excel,shell and tube heat exchanger,shell and tube heat exchanger d
shell and tube heat exchanger definition,shell and tube heat exchanger,shell and tube heat exchanger d
shell and tube heat exchanger expansion arrangement,shell and tube heat exchanger,shell and tube heat exchanger e
shell and tube heat exchanger efficiency,shell and tube heat exchanger,shell and tube heat exchanger e
shell and tube heat exchanger equations,shell and tube heat exchanger,shell and tube heat exchanger e
shell and tube heat exchanger efficiency formula,shell and tube heat exchanger,shell and tube heat exchanger e
shell and tube heat exchanger example,shell and tube heat exchanger,shell and tube heat exchanger e
shell and tube heat exchanger expansion joint,shell and tube heat exchanger,shell and tube heat exchanger e
shell and tube heat exchanger experiment,shell and tube heat exchanger,shell and tube heat exchanger e
shell and tube heat exchanger efficiency calculation,shell and tube heat exchanger,shell and tube heat exchanger e
shell and tube heat exchanger explained,shell and tube heat exchanger,shell and tube heat exchanger e
shell and tube heat exchanger experiment lab report,shell and tube heat exchanger,shell and tube heat exchanger e
shell and tube heat exchanger fabrication,shell and tube heat exchanger,shell and tube heat exchanger f
shell and tube heat exchanger flow,shell and tube heat exchanger,shell and tube heat exchanger f
shell and tube heat exchanger fluid allocation,shell and tube heat exchanger,shell and tube heat exchanger f
shell and tube heat exchanger for sale,shell and tube heat exchanger,shell and tube heat exchanger f
shell and tube heat exchanger flow diagram,shell and tube heat exchanger,shell and tube heat exchanger f
shell and tube heat exchanger formula,shell and tube heat exchanger,shell and tube heat exchanger f
shell and tube heat exchanger floating head,shell and tube heat exchanger,shell and tube heat exchanger f
shell and tube heat exchanger function,shell and tube heat exchanger,shell and tube heat exchanger f
shell and tube heat exchanger figure,shell and tube heat exchanger,shell and tube heat exchanger f
shell and tube heat exchanger flow pattern,shell and tube heat exchanger,shell and tube heat exchanger f
shell and tube heat exchanger gasket types pdf,shell and tube heat exchanger,shell and tube heat exchanger g
shell and tube heat exchanger graph,shell and tube heat exchanger,shell and tube heat exchanger g
shell and tube heat exchanger gaskets,shell and tube heat exchanger,shell and tube heat exchanger g
shell and tube heat exchanger gif,shell and tube heat exchanger,shell and tube heat exchanger g
shell and tube heat exchanger gasket types,shell and tube heat exchanger,shell and tube heat exchanger g
shell and tube heat exchanger grabcad,shell and tube heat exchanger,shell and tube heat exchanger g
shell and tube heat exchanger geometry,shell and tube heat exchanger,shell and tube heat exchanger g
shell and tube heat exchanger ga drawing,shell and tube heat exchanger,shell and tube heat exchanger g
shell and tube heat exchanger gas,shell and tube heat exchanger,shell and tube heat exchanger g
shell and tube heat exchanger grainger,shell and tube heat exchanger,shell and tube heat exchanger g
shell and tube heat exchanger in ship,shell and tube heat exchanger,shell and tube heat exchanger i
shell and tube heat exchanger in hindi,shell and tube heat exchanger,shell and tube heat exchanger i
shell and tube heat exchanger internals,shell and tube heat exchanger,shell and tube heat exchanger i
shell and tube heat exchanger in industry,shell and tube heat exchanger,shell and tube heat exchanger i
shell and tube heat exchanger inlet and outlet,shell and tube heat exchanger,shell and tube heat exchanger i
shell and tube heat exchanger icon,shell and tube heat exchanger,shell and tube heat exchanger i
shell and tube heat exchanger in oil refinery,shell and tube heat exchanger,shell and tube heat exchanger i
shell and tube heat exchanger in india,shell and tube heat exchanger,shell and tube heat exchanger i
shell and tube heat exchanger in food industry,shell and tube heat exchanger,shell and tube heat exchanger i
shell and tube heat exchanger leak test,shell and tube heat exchanger,shell and tube heat exchanger l
shell and tube heat exchanger lab report,shell and tube heat exchanger,shell and tube heat exchanger l
shell and tube heat exchanger leak,shell and tube heat exchanger,shell and tube heat exchanger l
shell and tube heat exchanger labelled diagram,shell and tube heat exchanger,shell and tube heat exchanger l
shell and tube heat exchanger line diagram,shell and tube heat exchanger,shell and tube heat exchanger l
shell and tube heat exchanger lmtd,shell and tube heat exchanger,shell and tube heat exchanger l
shell and tube heat exchanger length,shell and tube heat exchanger,shell and tube heat exchanger l
shell and tube heat exchanger life expectancy,shell and tube heat exchanger,shell and tube heat exchanger l
shell and tube heat exchanger lab report pdf,shell and tube heat exchanger,shell and tube heat exchanger l
shell and tube heat exchanger leak detection,shell and tube heat exchanger,shell and tube heat exchanger l
shell and tube heat exchanger hsn code,shell and tube heat exchanger,shell and tube heat exchanger h
shell and tube heat exchanger hydrotest procedure,shell and tube heat exchanger,shell and tube heat exchanger h
shell and tube heat exchanger how it works,shell and tube heat exchanger,shell and tube heat exchanger h
shell and tube heat exchanger heat transfer coefficient,shell and tube heat exchanger,shell and tube heat exchanger h
shell and tube heat exchanger heat transfer,shell and tube heat exchanger,shell and tube heat exchanger h
shell and tube heat exchanger hot and cold side,shell and tube heat exchanger,shell and tube heat exchanger h
shell and tube heat exchanger hs code,shell and tube heat exchanger,shell and tube heat exchanger h
shell and tube heat exchanger hydrotest,shell and tube heat exchanger,shell and tube heat exchanger h
shell and tube heat exchanger hvac,shell and tube heat exchanger,shell and tube heat exchanger h
shell and tube heat exchanger handbook,shell and tube heat exchanger,shell and tube heat exchanger h
shell and tube heat exchanger manufacturers in coimbatore,shell and tube heat exchanger,shell and tube heat exchanger m
shell and tube heat exchanger manufacturer,shell and tube heat exchanger,shell and tube heat exchanger m
shell and tube heat exchanger material,shell and tube heat exchanger,shell and tube heat exchanger m
shell and tube heat exchanger model,shell and tube heat exchanger,shell and tube heat exchanger m
shell and tube heat exchanger marine,shell and tube heat exchanger,shell and tube heat exchanger m
shell and tube heat exchanger maintenance procedure,shell and tube heat exchanger,shell and tube heat exchanger m
shell and tube heat exchanger manufacturers in pune,shell and tube heat exchanger,shell and tube heat exchanger m
shell and tube heat exchanger manufacturers in ahmedabad,shell and tube heat exchanger,shell and tube heat exchanger m
shell and tube heat exchanger maintenance,shell and tube heat exchanger,shell and tube heat exchanger m
shell and tube heat exchanger kya hota hai,shell and tube heat exchanger,shell and tube heat exchanger k
shell and tube heat exchanger also known as,shell and tube heat exchanger,shell and tube heat exchanger k
kelvion shell and tube heat exchanger,shell and tube heat exchanger,shell and tube heat exchanger k
kettle shell and tube heat exchanger,shell and tube heat exchanger,shell and tube heat exchanger k
design of shell and tube heat exchanger by kern method,shell and tube heat exchanger,shell and tube heat exchanger k
kern method for shell and tube heat exchanger,shell and tube heat exchanger,shell and tube heat exchanger k
difference between shell and tube and kettle type heat exchanger,shell and tube heat exchanger,shell and tube heat exchanger k
komponen shell and tube heat exchanger,shell and tube heat exchanger,shell and tube heat exchanger k
prinsip kerja shell and tube heat exchanger,shell and tube heat exchanger,shell and tube heat exchanger k
kelebihan dan kekurangan shell and tube heat exchanger,shell and tube heat exchanger,shell and tube heat exchanger k
shell and tube heat exchanger journal,shell and tube heat exchanger,shell and tube heat exchanger j
shell and tube heat exchanger jurnal,shell and tube heat exchanger,shell and tube heat exchanger j
jenis shell and tube heat exchanger,shell and tube heat exchanger,shell and tube heat exchanger j
analisis heat exchanger jenis shell and tube dengan aliran counter curent,shell and tube heat exchanger,shell and tube heat exchanger j
how does a shell and tube heat exchanger work,shell and tube heat exchanger,shell and tube heat exchanger j
shell and tube heat exchanger nomenclature,shell and tube heat exchanger,shell and tube heat exchanger n
shell and tube heat exchanger number of passes,shell and tube heat exchanger,shell and tube heat exchanger n
shell and tube heat exchanger near me,shell and tube heat exchanger,shell and tube heat exchanger n
shell and tube heat exchanger numericals,shell and tube heat exchanger,shell and tube heat exchanger n
shell and tube heat exchanger nozzle,shell and tube heat exchanger,shell and tube heat exchanger n
shell and tube heat exchanger nameplate,shell and tube heat exchanger,shell and tube heat exchanger n
shell and. tube heat exchanger notes,shell and tube heat exchanger,shell and tube heat exchanger n
shell and tube heat exchanger nptel,shell and tube heat exchanger,shell and tube heat exchanger n
shell and tube heat exchanger nz,shell and tube heat exchanger,shell and tube heat exchanger n
shell and tube heat exchanger parts name,shell and tube heat exchanger,shell and tube heat exchanger n
shell and tube heat exchanger overall heat transfer coefficient,shell and tube heat exchanger,shell and tube heat exchanger o
shell and tube heat exchanger operation,shell and tube heat exchanger,shell and tube heat exchanger o
shell and tube heat exchanger openfoam,shell and tube heat exchanger,shell and tube heat exchanger o
shell and tube heat exchanger online calculator,shell and tube heat exchanger,shell and tube heat exchanger o
shell and tube heat exchanger one pass,shell and tube heat exchanger,shell and tube heat exchanger o
shell and tube heat exchanger oil cooler,shell and tube heat exchanger,shell and tube heat exchanger o
shell and tube heat exchanger other name,shell and tube heat exchanger,shell and tube heat exchanger o
shell and tube heat exchanger optimization,shell and tube heat exchanger,shell and tube heat exchanger o
shell and tube heat exchanger overhaul,shell and tube heat exchanger,shell and tube heat exchanger o
shell and tube heat exchanger on p&id,shell and tube heat exchanger,shell and tube heat exchanger o
shell and tube heat exchanger parts,shell and tube heat exchanger,shell and tube heat exchanger p
shell and tube heat exchanger price,shell and tube heat exchanger,shell and tube heat exchanger p
shell and tube heat exchanger ppt,shell and tube heat exchanger,shell and tube heat exchanger p
shell and tube heat exchanger p&id symbol,shell and tube heat exchanger,shell and tube heat exchanger p
shell and tube heat exchanger photo,shell and tube heat exchanger,shell and tube heat exchanger p
shell and tube heat exchanger principle,shell and tube heat exchanger,shell and tube heat exchanger p
shell and tube heat exchanger parallel or counter flow,shell and tube heat exchanger,shell and tube heat exchanger p
shell and tube heat exchanger piping diagram,shell and tube heat exchanger,shell and tube heat exchanger p
shell and tube heat exchanger questions,shell and tube heat exchanger,shell and tube heat exchanger q
shell and tube heat exchanger interview questions,shell and tube heat exchanger,shell and tube heat exchanger q
shell and tube heat exchanger viva questions,shell and tube heat exchanger,shell and tube heat exchanger q
shell and tube heat exchanger que es,shell and tube heat exchanger,shell and tube heat exchanger q
shell and tube heat exchanger simple diagram,shell and tube heat exchanger,shell and tube heat exchanger s
shell and tube heat exchanger symbol,shell and tube heat exchanger,shell and tube heat exchanger s
shell and tube heat exchanger schematic diagram,shell and tube heat exchanger,shell and tube heat exchanger s
shell and tube heat exchanger sketch,shell and tube heat exchanger,shell and tube heat exchanger s
shell and tube heat exchanger specification sheet,shell and tube heat exchanger,shell and tube heat exchanger s
shell and tube heat exchanger sizing calculator,shell and tube heat exchanger,shell and tube heat exchanger s
shell and tube heat exchanger sizing,shell and tube heat exchanger,shell and tube heat exchanger s
shell and tube heat exchanger simulation,shell and tube heat exchanger,shell and tube heat exchanger s
shell and tube heat exchanger symbol p&id,shell and tube heat exchanger,shell and tube heat exchanger s
shell and tube heat exchanger standards,shell and tube heat exchanger,shell and tube heat exchanger s
shell and tube heat exchanger tube material,shell and tube heat exchanger,shell and tube heat exchanger t
shell and tube heat exchanger tube layout,shell and tube heat exchanger,shell and tube heat exchanger t
shell and tube heat exchanger tube sheet,shell and tube heat exchanger,shell and tube heat exchanger t
shell and tube heat exchanger tema types,shell and tube heat exchanger,shell and tube heat exchanger t
shell and tube heat exchanger temperature profile,shell and tube heat exchanger,shell and tube heat exchanger t
shell and tube heat exchanger tema,shell and tube heat exchanger,shell and tube heat exchanger t
shell and tube heat exchanger testing procedure,shell and tube heat exchanger,shell and tube heat exchanger t
shell and tube heat exchanger theory,shell and tube heat exchanger,shell and tube heat exchanger t
shell and tube heat exchanger thailand,shell and tube heat exchanger,shell and tube heat exchanger t
shell and tube heat exchanger research paper,shell and tube heat exchanger,shell and tube heat exchanger r
shell and tube heat exchanger repair,shell and tube heat exchanger,shell and tube heat exchanger r
shell and tube heat exchanger repair near me,shell and tube heat exchanger,shell and tube heat exchanger r
shell and tube heat exchanger refrigeration,shell and tube heat exchanger,shell and tube heat exchanger r
shell and tube heat exchanger revit family,shell and tube heat exchanger,shell and tube heat exchanger r
shell and tube heat exchanger rental,shell and tube heat exchanger,shell and tube heat exchanger r
shell and tube heat exchanger report pdf,shell and tube heat exchanger,shell and tube heat exchanger r
shell and tube heat exchanger relief valve,shell and tube heat exchanger,shell and tube heat exchanger r
shell and tube heat exchanger removal,shell and tube heat exchanger,shell and tube heat exchanger r
shell and tube heat exchanger reynolds number,shell and tube heat exchanger,shell and tube heat exchanger r
shell and tube heat exchanger vs plate heat exchanger,shell and tube heat exchanger,shell and tube heat exchanger v
shell and tube heat exchanger vs plate and frame,shell and tube heat exchanger,shell and tube heat exchanger v
shell and tube heat exchanger video,shell and tube heat exchanger,shell and tube heat exchanger v
shell and tube heat exchanger vertical,shell and tube heat exchanger,shell and tube heat exchanger v
shell and tube heat exchanger volume calculation,shell and tube heat exchanger,shell and tube heat exchanger v
shell and tube heat exchanger vendor,shell and tube heat exchanger,shell and tube heat exchanger v
shell and tube heat exchanger volume,shell and tube heat exchanger,shell and tube heat exchanger v
shell and tube heat exchanger velocity,shell and tube heat exchanger,shell and tube heat exchanger v
shell and tube heat exchanger vertical vs horizontal,shell and tube heat exchanger,shell and tube heat exchanger v
shell and tube heat exchanger uses,shell and tube heat exchanger,shell and tube heat exchanger u
shell and tube heat exchanger uk,shell and tube heat exchanger,shell and tube heat exchanger u
shell and tube heat exchanger u value,shell and tube heat exchanger,shell and tube heat exchanger u
shell and tube heat exchanger unit,shell and tube heat exchanger,shell and tube heat exchanger u
shell and tube heat exchanger uae,shell and tube heat exchanger,shell and tube heat exchanger u
shell and tube heat exchanger u tube,shell and tube heat exchanger,shell and tube heat exchanger u
shell and tube heat exchanger design using htri software,shell and tube heat exchanger,shell and tube heat exchanger u
shell and tube heat exchanger manufacturers uk,shell and tube heat exchanger,shell and tube heat exchanger u
shell and tube type heat exchange units,shell and tube heat exchanger,shell and tube heat exchanger u
shell and tube heat exchanger manufacturers in uae,shell and tube heat exchanger,shell and tube heat exchanger u
shell and tube heat exchanger working,shell and tube heat exchanger,shell and tube heat exchanger w
shell and tube heat exchanger working animation,shell and tube heat exchanger,shell and tube heat exchanger w
shell and tube heat exchanger which side is hot,shell and tube heat exchanger,shell and tube heat exchanger w
shell and tube heat exchanger with fins,shell and tube heat exchanger,shell and tube heat exchanger w
shell and tube heat exchanger with baffles,shell and tube heat exchanger,shell and tube heat exchanger w
shell and tube heat exchanger with floating head,shell and tube heat exchanger,shell and tube heat exchanger w
shell and tube heat exchanger wikipedia,shell and tube heat exchanger,shell and tube heat exchanger w
shell and tube heat exchanger weight calculation,shell and tube heat exchanger,shell and tube heat exchanger w
shell and tube heat exchanger welding,shell and tube heat exchanger,shell and tube heat exchanger w
shell and tube heat exchanger calculations xls,shell and tube heat exchanger,shell and tube heat exchanger x
xylem shell and tube heat exchanger,shell and tube heat exchanger,shell and tube heat exchanger x
x type shell and tube heat exchanger,shell and tube heat exchanger,shell and tube heat exchanger x
shell and tube heat exchanger youtube,shell and tube heat exchanger,shell and tube heat exchanger y
york shell and tube heat exchanger,shell and tube heat exchanger,shell and tube heat exchanger y
how do you maintain a shell and tube heat exchanger,shell and tube heat exchanger,shell and tube heat exchanger y
shell and tube heat exchanger manufacturers,shell and tube heat exchanger,cheap shell and tube heat exchanger
shell and tube heat exchanger manufacturer in india,shell and tube heat exchanger,cheap shell and tube heat exchanger
why shell and tube heat exchanger is used,shell and tube heat exchanger,why shell and tube heat exchanger
why shell and tube heat exchanger is popular,shell and tube heat exchanger,why shell and tube heat exchanger
why is shell and tube heat exchanger widely used in industry,shell and tube heat exchanger,why shell and tube heat exchanger
best shell and tube heat exchanger,shell and tube heat exchanger,best shell and tube heat exchanger
best material for shell and tube heat exchanger,shell and tube heat exchanger,best shell and tube heat exchanger
what is shell and tube heat exchanger,shell and tube heat exchanger,best shell and tube heat exchanger
what is shell and tube heat exchanger used for,shell and tube heat exchanger,what is shell and tube heat exchanger
what is channel in shell and tube heat exchanger,shell and tube heat exchanger,what is shell and tube heat exchanger
what is pitch in shell and tube heat exchanger,shell and tube heat exchanger,what is shell and tube heat exchanger
what is pass in shell and tube heat exchanger,shell and tube heat exchanger,what is shell and tube heat exchanger
what is 1 2 shell and tube heat exchanger,shell and tube heat exchanger,what is shell and tube heat exchanger
what is clearance in shell and tube heat exchanger,shell and tube heat exchanger,what is shell and tube heat exchanger
what is 2 4 shell and tube heat exchanger,shell and tube heat exchanger,what is shell and tube heat exchanger
what is ase in shell and tube heat exchanger,shell and tube heat exchanger,what is shell and tube heat exchanger
what is fouling in shell and tube heat exchanger,shell and tube heat exchanger,what is shell and tube heat exchanger
how to design shell and tube heat exchanger,shell and tube heat exchanger,how to shell and tube heat exchanger
how to clean shell and tube heat exchanger,shell and tube heat exchanger,how to shell and tube heat exchanger
how to calculate shell and tube heat exchanger capacity,shell and tube heat exchanger,how to shell and tube heat exchanger
how to make shell and tube heat exchanger,shell and tube heat exchanger,how to shell and tube heat exchanger
how to size shell and tube heat exchanger,shell and tube heat exchanger,how to shell and tube heat exchanger
how to draw shell and tube heat exchanger,shell and tube heat exchanger,how to shell and tube heat exchanger
how to work shell and tube heat exchanger,shell and tube heat exchanger,how to shell and tube heat exchanger
how to dismantle shell and tube heat exchanger,shell and tube heat exchanger,how to shell and tube heat exchanger
how to pressure test shell and tube heat exchanger,shell and tube heat exchanger,how to shell and tube heat exchanger
how does shell and tube heat exchanger work,shell and tube heat exchanger,how to shell and tube heat exchanger
buy shell and tube heat exchanger,shell and tube heat exchanger,buy shell and tube heat exchanger
where are shell and tube heat exchangers used,shell and tube heat exchanger,which shell and tube heat exchanger
where is shell and tube heat exchanger used,shell and tube heat exchanger,does shell and tube heat exchanger
is a shell and tube heat exchanger a pressure vessel,shell and tube heat exchanger,does shell and tube heat exchanger
what does a shell and tube heat exchanger look like,shell and tube heat exchanger,does shell and tube heat exchanger
how does a shell and tubes heat exchanger work give typical examples,shell and tube heat exchanger,does shell and tube heat exchanger
shell and tube heat exchanger in chennai,shell and tube heat exchanger,shell and tube heat exchanger in chennai
shell and tube heat exchanger in coimbatore,shell and tube heat exchanger,shell and tube heat exchanger in coimbatore
shell and tube heat exchanger manufacturers in bangalore,shell and tube heat exchanger,shell and tube heat exchanger in bangalore
shell and tube heat exchanger manufacturers in hyderabad,shell and tube heat exchanger,shell and tube heat exchanger in hyderabad
shell and tube heat exchanger manufacturers in mumbai,shell and tube heat exchanger,shell and tube heat exchanger in mumbai
shell and tube heat exchanger manufacturer in delhi,shell and tube heat exchanger,shell and tube heat exchanger in delhi
shell and tube heat exchanger manufacturers near me,shell and tube heat exchanger,shell and tube heat exchanger near me
shell and tube heat exchanger mechanical design,shell and tube heat exchanger,shell and tube heat exchanger near me
shell and tube heat exchanger meaning,shell and tube heat exchanger,shell and tube heat exchanger near me
shell and tube heat exchanger mechanism,shell and tube heat exchanger,shell and tube heat exchanger near me
shell and tube heat exchanger mechanical drawing,shell and tube heat exchanger,shell and tube heat exchanger near me
shell and tube heat exchanger cleaning methods,shell and tube heat exchanger,shell and tube heat exchanger near me
shell and tube heat exchanger price in india,shell and tube heat exchanger,shell and tube heat exchanger price
shell and tube heat exchanger price list,shell and tube heat exchanger,shell and tube heat exchanger price
shell and tube heat exchanger cost estimation excel,shell and tube heat exchanger,shell and tube heat exchanger price
industrial shell and tube heat exchanger price,shell and tube heat exchanger,shell and tube heat exchanger price
shell and tube heat exchanger flow rate,shell and tube heat exchanger,shell and tube heat exchanger price
shell and tube heat exchanger in pharmaceutical industry,shell and tube heat exchanger,shell and tube heat exchanger for pharma
shell and tube heat exchanger in pharmaceutical engineering,shell and tube heat exchanger,shell and tube heat exchanger for pharma
shell and tube heat exchanger in dairy industry,shell and tube heat exchanger,shell and tube heat exchanger for dairy
shell and tube heat exchanger cost,shell and tube heat exchanger,shell and tube heat exchanger cost
average cost of a shell and tube heat exchanger,shell and tube heat exchanger,shell and tube heat exchanger cost
what is the costliest type of shell and tube heat exchanger to manufacture,shell and tube heat exchanger,shell and tube heat exchanger cost
plastic shell and tube heat exchanger,shell and tube heat exchanger,shell and tube heat exchanger for plastic
shell and tube heat exchanger working principle with diagram,shell and tube heat exchanger,shell and tube heat exchanger working principle
shell and tube heat exchanger working principle pdf,shell and tube heat exchanger,shell and tube heat exchanger working principle
illustrate the working principle of shell and tube heat exchanger,shell and tube heat exchanger,shell and tube heat exchanger working principle
shell and tube heat exchanger manufacturers in south africa,shell and tube heat exchanger,shell and tube heat exchanger manufacturers
shell and tube heat exchanger manufacturers in china,shell and tube heat exchanger,shell and tube heat exchanger manufacturers
shell and tube heat exchanger manufacturers in saudi arabia,shell and tube heat exchanger,shell and tube heat exchanger manufacturers
shell and tube heat exchanger supplier,shell and tube heat exchanger,shell and tube heat exchanger supplier
shell and tube heat exchanger suppliers in uae,shell and tube heat exchanger,shell and tube heat exchanger supplier
shell and tube heat exchanger suppliers in india,shell and tube heat exchanger,shell and tube heat exchanger supplier
shell and tube heat exchanger suppliers in usa,shell and tube heat exchanger,shell and tube heat exchanger supplier
shell and tube heat exchanger suppliers,shell and tube heat exchanger,shell and tube heat exchanger dealers
shell and tube heat exchanger parts diagram,shell and tube heat exchanger,shell and tube heat exchanger dealers
used shell and tube heat exchanger for sale,shell and tube heat exchanger,shell and tube heat exchanger dealers
shell and tube heat exchanger parts and functions,shell and tube heat exchanger,shell and tube heat exchanger dealers
shell and tube heat exchanger vs double pipe,shell and tube heat exchanger,shell and tube heat exchanger vs
shell and tube heat exchanger conduction or convection,shell and tube heat exchanger,shell and tube heat exchanger vs
phe vs shell and tube heat exchanger,shell and tube heat exchanger,shell and tube heat exchanger vs
concentric vs shell and tube heat exchanger,shell and tube heat exchanger,shell and tube heat exchanger vs
shell and tube vs tubular heat exchanger,shell and tube heat exchanger,shell and tube heat exchanger vs
shell and tube vs plate heat exchanger efficiency,shell and tube heat exchanger,shell and tube heat exchanger vs
shell and tube heat exchanger maintenance manual pdf,shell and tube heat exchanger,shell and tube heat exchanger repair
shell and tube heat exchanger maintenance procedure pdf,shell and tube heat exchanger,shell and tube heat exchanger repair
shell and tube heat exchanger service,shell and tube heat exchanger,shell and tube heat exchanger repair
shell and tube heat exchanger maintenance checklist,shell and tube heat exchanger,shell and tube heat exchanger repair
shell and tube heat exchanger maintenance pdf,shell and tube heat exchanger,shell and tube heat exchanger repair
shell and tube heat exchanger tube replacement,shell and tube heat exchanger,shell and tube heat exchanger repair
shell and tube heat exchanger capacity calculation,shell and tube heat exchanger,shell and tube heat exchanger capacity calculation
shell and tube heat exchanger size calculator,shell and tube heat exchanger,shell and tube heat exchanger capacity calculation
shell and tube heat exchanger cleaning,shell and tube heat exchanger,shell and tube heat exchanger service
shell and tube heat exchanger cleaning tools,shell and tube heat exchanger,shell and tube heat exchanger service
shell and tube heat exchanger cleaning procedure,shell and tube heat exchanger,shell and tube heat exchanger service
shell and tube heat exchanger cleaning procedure pdf,shell and tube heat exchanger,shell and tube heat exchanger service
shell and tube heat exchanger cleaning brush,shell and tube heat exchanger,shell and tube heat exchanger service
shell and tube heat exchanger chemical cleaning,shell and tube heat exchanger,shell and tube heat exchanger service
shell and tube heat exchanger specification,shell and tube heat exchanger,shell and tube heat exchanger specification
shell and tube heat exchanger spec sheet,shell and tube heat exchanger,shell and tube heat exchanger specification
heat exchanger manufacturers in chennai,heat exchanger manufacturers,heat exchanger manufacturers
heat exchanger manufacturers in coimbatore,heat exchanger manufacturers,heat exchanger manufacturers
heat exchanger manufacturers in india,heat exchanger manufacturers,heat exchanger manufacturers
heat exchanger manufacturers in tamilnadu,heat exchanger manufacturers,heat exchanger manufacturers
heat exchanger manufacturers,heat exchanger manufacturers,heat exchanger manufacturers
heat exchanger manufacturers in bangalore,heat exchanger manufacturers,heat exchanger manufacturers
heat exchanger manufacturers near me,heat exchanger manufacturers,heat exchanger manufacturers
heat exchanger manufacturers in pune,heat exchanger manufacturers,heat exchanger manufacturers
heat exchanger manufacturers in ahmedabad,heat exchanger manufacturers,heat exchanger manufacturers
heat exchanger manufacturers in mumbai,heat exchanger manufacturers,heat exchanger manufacturers
heat exchanger manufacturers association,heat exchanger manufacturers,heat exchanger manufacturers a
heat exchanger manufacturer australia,heat exchanger manufacturers,heat exchanger manufacturers a
heat exchanger manufacturer ahmedabad,heat exchanger manufacturers,heat exchanger manufacturers a
thermal exchanger manufacturers association,heat exchanger manufacturers,heat exchanger manufacturers a
heat exchanger additive manufacturing,heat exchanger manufacturers,heat exchanger manufacturers a
heat exchanger manufacturers in abu dhabi,heat exchanger manufacturers,heat exchanger manufacturers a
tubular heat exchanger manufacturers association,heat exchanger manufacturers,heat exchanger manufacturers a
heat exchanger manufacturers in alberta,heat exchanger manufacturers,heat exchanger manufacturers a
heat exchanger manufacturer in ambernath,heat exchanger manufacturers,heat exchanger manufacturers a
heat exchanger manufacturer in ankleshwar,heat exchanger manufacturers,heat exchanger manufacturers a
heat exchanger manufacturers bangalore,heat exchanger manufacturers,heat exchanger manufacturers b
heat exchanger manufacturers in bhopal,heat exchanger manufacturers,heat exchanger manufacturers b
heat exchanger manufacturers in brazil,heat exchanger manufacturers,heat exchanger manufacturers b
heat exchanger manufacturer in bhosari,heat exchanger manufacturers,heat exchanger manufacturers b
heat exchanger manufacturer in belgaum,heat exchanger manufacturers,heat exchanger manufacturers b
heat exchanger manufacturer in baroda,heat exchanger manufacturers,heat exchanger manufacturers b
heat exchanger manufacturer in bangladesh,heat exchanger manufacturers,heat exchanger manufacturers b
heat exchanger manufacturer in bahrain,heat exchanger manufacturers,heat exchanger manufacturers b
heat exchanger supplier in bangladesh,heat exchanger manufacturers,heat exchanger manufacturers b
heat exchanger companies in bangalore,heat exchanger manufacturers,heat exchanger manufacturers b
heat exchanger manufacturers delhi,heat exchanger manufacturers,heat exchanger manufacturers d
shyam heat exchanger manufacturers delhi india,heat exchanger manufacturers,heat exchanger manufacturers d
heat exchanger design companies,heat exchanger manufacturers,heat exchanger manufacturers d
heat exchanger manufacturers in dubai,heat exchanger manufacturers,heat exchanger manufacturers d
shyam heat exchanger manufacturers delhi india ghaziabad,heat exchanger manufacturers,heat exchanger manufacturers d
heat exchanger manufacturer in delhi ncr,heat exchanger manufacturers,heat exchanger manufacturers d
heat exchanger manufacturer in dahej,heat exchanger manufacturers,heat exchanger manufacturers d
heat exchanger supplier in dubai,heat exchanger manufacturers,heat exchanger manufacturers d
heat exchanger companies in dubai,heat exchanger manufacturers,heat exchanger manufacturers d
heat exchanger manufacturers canada,heat exchanger manufacturers,heat exchanger manufacturers c
heat exchanger manufacturers chennai,heat exchanger manufacturers,heat exchanger manufacturers c
heat exchanger manufacturing company in india,heat exchanger manufacturers,heat exchanger manufacturers c
heat exchanger manufacturer china,heat exchanger manufacturers,heat exchanger manufacturers c
heat exchanger manufacturing company,heat exchanger manufacturers,heat exchanger manufacturers c
heat exchanger manufacturing company in dubai,heat exchanger manufacturers,heat exchanger manufacturers c
heat exchanger condenser manufacturers in india,heat exchanger manufacturers,heat exchanger manufacturers c
heat exchanger coil manufacturer,heat exchanger manufacturers,heat exchanger manufacturers c
heat exchanger coil manufacturer in india,heat exchanger manufacturers,heat exchanger manufacturers c
heat exchanger core manufacturer,heat exchanger manufacturers,heat exchanger manufacturers c
heat exchanger manufacturers europe,heat exchanger manufacturers,heat exchanger manufacturers e
heat transfer equipment manufacturers,heat exchanger manufacturers,heat exchanger manufacturers e
heat exchanger manufacturers in egypt,heat exchanger manufacturers,heat exchanger manufacturers e
heat exchanger companies in europe,heat exchanger manufacturers,heat exchanger manufacturers e
heat exchanger tubes manufacturers in europe,heat exchanger manufacturers,heat exchanger manufacturers e
plate heat exchanger manufacturers in europe,heat exchanger manufacturers,heat exchanger manufacturers e
shell and tube heat exchanger manufacturers in europe,heat exchanger manufacturers,heat exchanger manufacturers e
heat exchanger manufacturer in middle east,heat exchanger manufacturers,heat exchanger manufacturers e
heat exchanger examples,heat exchanger manufacturers,heat exchanger manufacturers e
heat exchanger ferrule manufacturers in india,heat exchanger manufacturers,heat exchanger manufacturers f
heat transfer fluid manufacturers in india,heat exchanger manufacturers,heat exchanger manufacturers f
heat transfer foil manufacturers,heat exchanger manufacturers,heat exchanger manufacturers f
heat transfer fluid + manufacturers,heat exchanger manufacturers,heat exchanger manufacturers f
heat exchanger manufacturer in faridabad,heat exchanger manufacturers,heat exchanger manufacturers f
heat transfer film manufacturer,heat exchanger manufacturers,heat exchanger manufacturers f
heat exchanger manufacturer in france,heat exchanger manufacturers,heat exchanger manufacturers f
fin tube heat exchanger manufacturers india,heat exchanger manufacturers,heat exchanger manufacturers f
finned tube heat exchanger manufacturers,heat exchanger manufacturers,heat exchanger manufacturers f
fin type heat exchanger manufacturers india,heat exchanger manufacturers,heat exchanger manufacturers f
heat exchanger manufacturer germany,heat exchanger manufacturers,heat exchanger manufacturers g
heat exchanger manufacturer gujarat,heat exchanger manufacturers,heat exchanger manufacturers g
heat exchanger gasket manufacturers,heat exchanger manufacturers,heat exchanger manufacturers g
heat exchanger gasket suppliers,heat exchanger manufacturers,heat exchanger manufacturers g
heat exchanger manufacturer in ghaziabad,heat exchanger manufacturers,heat exchanger manufacturers g
heat exchanger manufacturer in gujarat list,heat exchanger manufacturers,heat exchanger manufacturers g
heat exchanger manufacturer in gurgaon,heat exchanger manufacturers,heat exchanger manufacturers g
heat exchanger companies in germany,heat exchanger manufacturers,heat exchanger manufacturers g
plate heat exchanger gasket manufacturer,heat exchanger manufacturers,heat exchanger manufacturers g
heat exchanger manufacturer in anand gujarat,heat exchanger manufacturers,heat exchanger manufacturers g
heat exchanger manufacturers in hyderabad,heat exchanger manufacturers,heat exchanger manufacturers i
heat exchanger manufacturers in uae,heat exchanger manufacturers,heat exchanger manufacturers i
heat exchanger manufacturers list,heat exchanger manufacturers,heat exchanger manufacturers h
heat exchanger manufacturers in hosur,heat exchanger manufacturers,heat exchanger manufacturers h
heat exchanger manufacturer in haryana,heat exchanger manufacturers,heat exchanger manufacturers h
heat exchanger companies in houston,heat exchanger manufacturers,heat exchanger manufacturers h
heat exchanger companies in hyderabad,heat exchanger manufacturers,heat exchanger manufacturers h
hairpin heat exchanger manufacturers,heat exchanger manufacturers,heat exchanger manufacturers h
hvac heat exchanger manufacturers,heat exchanger manufacturers,heat exchanger manufacturers h
helical coil heat exchanger manufacturers,heat exchanger manufacturers,heat exchanger manufacturers h
hydraulic oil heat exchanger manufacturers in uae,heat exchanger manufacturers,heat exchanger manufacturers h
heat transfer label manufacturers,heat exchanger manufacturers,heat exchanger manufacturers l
heat exchanger listed companies in india,heat exchanger manufacturers,heat exchanger manufacturers l
heat transfer label manufacturers in india,heat exchanger manufacturers,heat exchanger manufacturers l
heat transfer label manufacturers in mumbai,heat exchanger manufacturers,heat exchanger manufacturers l
heat transfer label manufacturers in bangalore,heat exchanger manufacturers,heat exchanger manufacturers l
heat transfer label manufacturers in delhi,heat exchanger manufacturers,heat exchanger manufacturers l
heat transfer label manufacturers near me,heat exchanger manufacturers,heat exchanger manufacturers l
heat exchanger manufacturers in ludhiana,heat exchanger manufacturers,heat exchanger manufacturers l
heat exchanger listed companies,heat exchanger manufacturers,heat exchanger manufacturers l
heat exchanger manufacturers in karnataka,heat exchanger manufacturers,heat exchanger manufacturers k
heat exchanger manufacturers in karachi,heat exchanger manufacturers,heat exchanger manufacturers k
heat exchanger manufacturers in kerala,heat exchanger manufacturers,heat exchanger manufacturers k
heat exchanger manufacturers in kolkata,heat exchanger manufacturers,heat exchanger manufacturers k
heat exchanger manufacturer in kolhapur,heat exchanger manufacturers,heat exchanger manufacturers k
heat exchanger manufacturer in kuwait,heat exchanger manufacturers,heat exchanger manufacturers k
heat exchanger manufacturer in south korea,heat exchanger manufacturers,heat exchanger manufacturers k
heat exchanger manufacturer in japan,heat exchanger manufacturers,heat exchanger manufacturers j
heat exchanger manufacturers in usa,heat exchanger manufacturers,heat exchanger manufacturers j
heat exchanger manufacturers in canada,heat exchanger manufacturers,heat exchanger manufacturers j
heat exchanger companies near me,heat exchanger manufacturers,heat exchanger manufacturers n
heat exchanger suppliers near me,heat exchanger manufacturers,heat exchanger manufacturers n
heat transfer oil manufacturers,heat exchanger manufacturers,heat exchanger manufacturers o
heat exchanger manufacturers tulsa ok,heat exchanger manufacturers,heat exchanger manufacturers o
heat exchanger manufacturers in ontario,heat exchanger manufacturers,heat exchanger manufacturers o
heat exchanger manufacturers in oman,heat exchanger manufacturers,heat exchanger manufacturers o
heat exchanger manufacturers in oklahoma,heat exchanger manufacturers,heat exchanger manufacturers o
heat exchanger manufacturer in odisha,heat exchanger manufacturers,heat exchanger manufacturers o
oil heat exchanger manufacturers,heat exchanger manufacturers,heat exchanger manufacturers o
list of heat exchanger manufacturers in india,heat exchanger manufacturers,heat exchanger manufacturers o
oil cooler heat exchanger manufacturers,heat exchanger manufacturers,heat exchanger manufacturers o
oil cooler heat exchanger manufacturers in india,heat exchanger manufacturers,heat exchanger manufacturers o
heat exchanger manufacturer malaysia,heat exchanger manufacturers,heat exchanger manufacturers m
heat exchanger manufacturing machine,heat exchanger manufacturers,heat exchanger manufacturers m
heat exchanger supplier malaysia,heat exchanger manufacturers,heat exchanger manufacturers m
heat exchanger manufacturers in maharashtra,heat exchanger manufacturers,heat exchanger manufacturers m
heat transfer machine manufacturers in delhi,heat exchanger manufacturers,heat exchanger manufacturers m
heat transfer machine manufacturers in india,heat exchanger manufacturers,heat exchanger manufacturers m
heat exchanger maintenance companies in uae,heat exchanger manufacturers,heat exchanger manufacturers m
heat transfer machine manufacturers,heat exchanger manufacturers,heat exchanger manufacturers m
heat exchanger manufacturing process,heat exchanger manufacturers,heat exchanger manufacturers p
heat exchanger manufacturer pune,heat exchanger manufacturers,heat exchanger manufacturers p
heat exchanger manufacturing process pdf,heat exchanger manufacturers,heat exchanger manufacturers p
heat exchanger supplier philippines,heat exchanger manufacturers,heat exchanger manufacturers p
heat exchanger plate manufacturer,heat exchanger manufacturers,heat exchanger manufacturers p
heat exchanger manufacturers in punjab,heat exchanger manufacturers,heat exchanger manufacturers p
heat exchanger manufacturers in peenya,heat exchanger manufacturers,heat exchanger manufacturers p
heat exchanger plate supplier,heat exchanger manufacturers,heat exchanger manufacturers p
heat exchanger manufacturer in pakistan,heat exchanger manufacturers,heat exchanger manufacturers p
heat transfer paper manufacturer,heat exchanger manufacturers,heat exchanger manufacturers p
heat exchanger manufacturer in qatar,heat exchanger manufacturers,heat exchanger manufacturers q
heat exchanger supplier in qatar,heat exchanger manufacturers,heat exchanger manufacturers q
heat exchanger companies in qatar,heat exchanger manufacturers,heat exchanger manufacturers q
heat exchanger manufacturers in australia,heat exchanger manufacturers,heat exchanger manufacturers q
heat exchanger manufacturing standards,heat exchanger manufacturers,heat exchanger manufacturers s
heat exchanger manufacturers in south africa,heat exchanger manufacturers,heat exchanger manufacturers s
heat exchanger manufacturers in saudi arabia,heat exchanger manufacturers,heat exchanger manufacturers s
heat exchanger manufacturers in sri lanka,heat exchanger manufacturers,heat exchanger manufacturers s
heat exchanger manufacturers in surat,heat exchanger manufacturers,heat exchanger manufacturers s
heat exchanger manufacturers in south india,heat exchanger manufacturers,heat exchanger manufacturers s
heat transfer sticker manufacturer,heat exchanger manufacturers,heat exchanger manufacturers s
heat transfer sticker manufacturer in tirupur,heat exchanger manufacturers,heat exchanger manufacturers s
heat transfer sticker manufacturer in delhi,heat exchanger manufacturers,heat exchanger manufacturers s
heat exchanger manufacturer in singapore,heat exchanger manufacturers,heat exchanger manufacturers s
heat exchanger repair companies,heat exchanger manufacturers,heat exchanger manufacturers r
heat exchanger manufacturers in rajasthan,heat exchanger manufacturers,heat exchanger manufacturers r
heat exchanger manufacturers in rajkot,heat exchanger manufacturers,heat exchanger manufacturers r
heat exchanger manufacturer in rabale,heat exchanger manufacturers,heat exchanger manufacturers r
rear door heat exchanger manufacturers,heat exchanger manufacturers,heat exchanger manufacturers r
heat exchanger manufacturer in russia,heat exchanger manufacturers,heat exchanger manufacturers r
heat exchanger manufacturer thailand,heat exchanger manufacturers,heat exchanger manufacturers t
heat exchanger tube manufacturers in india,heat exchanger manufacturers,heat exchanger manufacturers t
heat exchanger tube manufacturers,heat exchanger manufacturers,heat exchanger manufacturers t
heat exchanger tube manufacturers in china,heat exchanger manufacturers,heat exchanger manufacturers t
heat exchanger companies tulsa,heat exchanger manufacturers,heat exchanger manufacturers t
heat exchanger tube suppliers,heat exchanger manufacturers,heat exchanger manufacturers t
heat exchanger tubes suppliers in uae,heat exchanger manufacturers,heat exchanger manufacturers t
heat exchanger manufacturers uk,heat exchanger manufacturers,heat exchanger manufacturers u
heat exchanger manufacturers usa,heat exchanger manufacturers,heat exchanger manufacturers u
heat exchanger manufacturer uae,heat exchanger manufacturers,heat exchanger manufacturers u
heat exchanger companies uk,heat exchanger manufacturers,heat exchanger manufacturers u
plate heat exchanger manufacturers uk,heat exchanger manufacturers,heat exchanger manufacturers u
heat exchanger manufacturer in uttar pradesh,heat exchanger manufacturers,heat exchanger manufacturers u
heat exchanger manufacturer in uttarakhand,heat exchanger manufacturers,heat exchanger manufacturers u
heat exchanger supplier in uae,heat exchanger manufacturers,heat exchanger manufacturers u
heat exchanger companies in uae,heat exchanger manufacturers,heat exchanger manufacturers u
heat exchanger companies in usa,heat exchanger manufacturers,heat exchanger manufacturers u
heat exchanger manufacturer in west bengal,heat exchanger manufacturers,heat exchanger manufacturers w
heat exchanger manufacturer in wisconsin,heat exchanger manufacturers,heat exchanger manufacturers w
heat exchanger manufacturers in vadodara,heat exchanger manufacturers,heat exchanger manufacturers v
heat transfer vinyl manufacturers,heat exchanger manufacturers,heat exchanger manufacturers v
heat transfer vinyl manufacturers in india,heat exchanger manufacturers,heat exchanger manufacturers v
heat exchanger manufacturers in vapi,heat exchanger manufacturers,heat exchanger manufacturers v
heat exchanger manufacturers in visakhapatnam,heat exchanger manufacturers,heat exchanger manufacturers v
heat exchanger manufacturer in vasai,heat exchanger manufacturers,heat exchanger manufacturers v
heat exchanger manufacturer in vietnam,heat exchanger manufacturers,heat exchanger manufacturers v
heat exchanger manufacturer in vatva,heat exchanger manufacturers,heat exchanger manufacturers v
heat exchanger pressure vessel manufacturer in india,heat exchanger manufacturers,heat exchanger manufacturers v
best heat exchanger manufacturers,heat exchanger manufacturers,best heat exchanger manufacturers
best heat exchanger manufacturers in india,heat exchanger manufacturers,best heat exchanger manufacturers
top heat exchanger manufacturers in india,heat exchanger manufacturers,best heat exchanger manufacturers
top heat exchanger manufacturers,heat exchanger manufacturers,best heat exchanger manufacturers
top heat exchanger manufacturers in usa,heat exchanger manufacturers,best heat exchanger manufacturers
top heat exchanger manufacturers in chennai,heat exchanger manufacturers,best heat exchanger manufacturers
top heat exchanger manufacturers in coimbatore,heat exchanger manufacturers,best heat exchanger manufacturers
best heat exchanger companies,heat exchanger manufacturers,best heat exchanger manufacturers
top heat exchanger manufacturer in pune,heat exchanger manufacturers,best heat exchanger manufacturers
top heat exchanger companies in world,heat exchanger manufacturers,best heat exchanger manufacturers
largest heat exchanger manufacturers,heat exchanger manufacturers,top heat exchanger manufacturers
heat exchanger companies in coimbatore,heat exchanger manufacturers,heat exchanger manufacturers in coimbatore
plate heat exchanger manufacturers in coimbatore,heat exchanger manufacturers,heat exchanger manufacturers in coimbatore
heat exchanger companies in chennai,heat exchanger manufacturers,heat exchanger manufacturers in chennai
heat exchanger supplier in chennai,heat exchanger manufacturers,heat exchanger manufacturers in chennai
plate heat exchanger manufacturers in chennai,heat exchanger manufacturers,heat exchanger manufacturers in chennai
heat exchanger suppliers in pune,heat exchanger manufacturers,heat exchanger manufacturers in pune
heat exchanger companies in pune,heat exchanger manufacturers,heat exchanger manufacturers in pune
plate heat exchanger manufacturers in pune,heat exchanger manufacturers,heat exchanger manufacturers in pune
air cooled heat exchanger manufacturers in pune,heat exchanger manufacturers,heat exchanger manufacturers in pune
heat exchanger manufacturing companies in pune,heat exchanger manufacturers,heat exchanger manufacturers in pune
pressure vessel heat exchanger manufacturer in pune,heat exchanger manufacturers,heat exchanger manufacturers in pune
plate heat exchanger manufacturers in bangalore,heat exchanger manufacturers,heat exchanger manufacturers in bangalore
heat exchanger companies in mumbai,heat exchanger manufacturers,heat exchanger manufacturers in mumbai
heat exchanger manufacturers in navi mumbai,heat exchanger manufacturers,heat exchanger manufacturers in mumbai
plate heat exchanger manufacturer in mumbai,heat exchanger manufacturers,heat exchanger manufacturers in mumbai
heat transfer sticker manufacturer in mumbai,heat exchanger manufacturers,heat exchanger manufacturers in mumbai
heat exchangers and condensers manufacturer in mumbai,heat exchanger manufacturers,heat exchanger manufacturers in mumbai
heat transfer vinyl suppliers in mumbai,heat exchanger manufacturers,heat exchanger manufacturers in mumbai
heat exchanger supplier in ahmedabad,heat exchanger manufacturers,heat exchanger manufacturers in ahmedabad
plate heat exchanger manufacturer in ahmedabad,heat exchanger manufacturers,heat exchanger manufacturers in ahmedabad
shell & tube heat exchanger manufacturers in ahmedabad,heat exchanger manufacturers,heat exchanger manufacturers in ahmedabad
rahul industries heat exchanger coil manufacturers in ahmedabad india,heat exchanger manufacturers,heat exchanger manufacturers in ahmedabad
heat exchanger manufacturers in delhi,heat exchanger manufacturers,heat exchanger manufacturers in delhi
plate heat exchanger manufacturer in delhi,heat exchanger manufacturers,heat exchanger manufacturers in delhi
air cooled heat exchanger manufacturers in delhi,heat exchanger manufacturers,heat exchanger manufacturers in delhi
heat transfer companies near me,heat exchanger manufacturers,heat exchanger manufacturers near me
heat exchanger cleaning companies near me,heat exchanger manufacturers,heat exchanger manufacturers near me
heat transfer sticker manufacturer near me,heat exchanger manufacturers,heat exchanger manufacturers near me
heat transfer printing companies near me,heat exchanger manufacturers,heat exchanger manufacturers near me
heat exchanger manufacturing companies in india,heat exchanger manufacturers,heat exchanger manufacturers manufacturers
heat exchanger manufacturing companies,heat exchanger manufacturers,heat exchanger manufacturers manufacturers
heat exchanger manufacturing companies in kolkata,heat exchanger manufacturers,heat exchanger manufacturers manufacturers
heat exchanger manufacturing companies in germany,heat exchanger manufacturers,heat exchanger manufacturers manufacturers
heat exchanger manufacturing companies in uae,heat exchanger manufacturers,heat exchanger manufacturers manufacturers
heat exchanger repair cost,heat exchanger manufacturers,heat exchanger manufacturers repair
can a heat exchanger be repaired,heat exchanger manufacturers,heat exchanger manufacturers repair
heat exchanger cost to replace,heat exchanger manufacturers,heat exchanger manufacturers repair
