phrase,seed,intent,city
chiller box,chiller,other,
chiller box near me,chiller,service,
chiller bag,chiller,other,
chiller box price,chiller,price,
chiller blue star,chiller,other,
chiller blanking panel,chiller,other,
chiller box electric,chiller,other,
chiller brand,chiller,supplier,
chiller freezer,chiller,other,
chiller font,chiller,other,
chiller freezer temperature,chiller,other,
chiller for home,chiller,other,
chiller fan,chiller,other,
chiller ice box,chiller,other,
chiller images,chiller,other,
chiller in hvac,chiller,other,
chiller interview questions and answers,chiller,other,
chiller industrial,chiller,other,
chiller in hindi,chiller,other,
chiller ice box 25 ltr,chiller,other,
chiller ice box near me,chiller,service,
chiller ice box 50 ltr price,chiller,price,
chiller inlet and outlet temperature,chiller,other,
chiller gas type,chiller,other,
chiller gas name,chiller,other,
chiller gas,chiller,other,
chiller gang,chiller,other,
chiller gasket,chiller,other,
chiller gas pressure,chiller,other,
chiller gauge,chiller,other,
chiller gas name list,chiller,other,
chiller gas filling,chiller,other,
chiller glass,chiller,other,
chiller,chiller,other,
chiller plant,chiller,other,
chiller machine,chiller,other,
chiller unit,chiller,other,
chiller working principle,chiller,learn,
chiller temperature,chiller,other,
chiller compressor,chiller,other,
chiller cycle,chiller,other,
chiller commissioning,chiller,other,
chiller cutting photo,chiller,other,
chiller condenser pump,chiller,other,
chiller condenser,chiller,other,
chiller crossword clue,chiller,other,
chiller cutting,chiller,other,
chiller capacity,chiller,spec,
chiller app,chiller,other,
chiller approach,chiller,other,
chiller approach formula,chiller,spec,
chiller and freezer temperature,chiller,other,
chiller approach temperature,chiller,other,
chiller approach calculation,chiller,spec,
chiller energy systems private limited,chiller,other,
chiller expansion valve,chiller,other,
chiller evaporator,chiller,other,
chiller efficiency formula,chiller,spec,
chiller efficiency,chiller,other,
chiller expansion valve working principle,chiller,learn,
chiller efficiency calculation,chiller,spec,
chiller evaporator approach,chiller,other,
chiller exhaust fan,chiller,other,
chiller display counter,chiller,other,
chiller display,chiller,other,
chiller descaling,chiller,other,
chiller design,chiller,other,
chiller descaling chemical,chiller,other,
chiller descaling chemical name,chiller,other,
chiller delta t,chiller,other,
chiller hsn code,chiller,compliance,
chiller hvac system,chiller,other,
chiller hvac,chiller,other,
chiller hindi meaning,chiller,learn,
chiller hsn code and gst rate,chiller,price|compliance,
chiller hookah,chiller,other,
chiller high pressure alarm,chiller,other,
chiller hs code,chiller,other,
chiller hose pipe,chiller,other,
chiller heat load calculation,chiller,spec,
chiller juice,chiller,other,
chiller jar,chiller,other,
chiller jacket,chiller,other,
chiller johnson controls,chiller,other,
chiller josena,chiller,other,
chiller juice studios discord,chiller,other,
chiller service near me,chiller,service,
chiller service,chiller,service,
chiller system in building,chiller,other,
chiller system,chiller,other,
chiller service in chennai,chiller,service,chennai
chiller safety devices,chiller,other,
chiller spare parts,chiller,service,
chiller spare parts near me,chiller,service,
chiller manufacturers in chennai,chiller,supplier,chennai
chiller meaning in tamil,chiller,learn,
chiller meaning,chiller,learn,
chiller manufacturers in coimbatore,chiller,supplier,coimbatore
chiller machine price,chiller,price,
chiller meaning in hindi,chiller,learn,
chiller manufacturers,chiller,supplier,
chiller make,chiller,other,
chiller manufacturers in india,chiller,supplier,
chiller not working,chiller,learn,
chiller near me,chiller,service,
chiller name plate details,chiller,other,
chiller not cooling,chiller,other,
chiller normal temperature,chiller,other,
chiller name,chiller,other,
chiller name plate,chiller,other,
chiller notification sound,chiller,other,
chiller north,chiller,other,
chiller operation,chiller,other,
chiller oil,chiller,other,
chiller outdoor unit,chiller,other,
chiller on rent,chiller,other,
chiller oil name,chiller,other,
chiller oil pressure,chiller,other,
chiller room,chiller,other,
chiller refrigeration cycle,chiller,other,
chiller rental near me,chiller,service,
chiller repair near me,chiller,service,
chiller refrigerant,chiller,other,
chiller room temperature,chiller,other,
chiller repair,chiller,service,
chiller rate,chiller,price,
chiller room colombo,chiller,other,
chiller kya hota hai,chiller,other,
chiller knife,chiller,other,
chiller kaise kam karta hai,chiller,other,
chiller ka temperature,chiller,other,
chiller ka matlab,chiller,other,
chiller kw to tr,chiller,other,
chiller kida,chiller,other,
chiller ki cycle,chiller,other,
chiller kya kam karta hai,chiller,other,
chiller question and answer,chiller,other,
chiller que es,chiller,other,
chiller quotes,chiller,price,
chiller quotation,chiller,price,
chiller quantum,chiller,other,
chiller qualification protocol,chiller,other,
chiller question,chiller,other,
chiller quantor,chiller,other,
chiller price,chiller,price,
chiller plant manager,chiller,other,
chiller package,chiller,other,
chiller plant working,chiller,learn,
chiller parameters,chiller,other,
chiller plant working principle,chiller,learn,
chiller line insulation,chiller,other,
chiller line,chiller,other,
chiller lp alarm,chiller,other,
chiller lift,chiller,other,
chiller load calculation,chiller,spec,
chiller laser machine,chiller,other,
chiller load calculation in kw,chiller,spec,
chiller low pressure alarm,chiller,other,
chiller log book,chiller,other,
chiller technician,chiller,other,
chiller types,chiller,other,
chiller temperature range,chiller,other,
chiller tray,chiller,other,
chiller tr,chiller,other,
chiller tr calculation formula,chiller,spec,
chiller temperature in hotel,chiller,other,
chiller x,chiller,other,
chiller x pro,chiller,other,
chiller xaydin,chiller,other,
xtreme chiller,chiller,other,
blast chiller xtra by foster,chiller,other,
vital chiller x2,chiller,other,
ultra x2 chiller,chiller,other,
ultra x2 chiller manual,chiller,other,
chiller explained,chiller,other,
chiller used for,chiller,price,
chiller water,chiller,other,
chiller working principle tamil,chiller,learn,
chiller working,chiller,learn,
chiller working principle animation,chiller,learn,
chiller water pump,chiller,other,
chiller webtoon,chiller,other,
how to chiller work,chiller,learn,
how to chiller temperature,chiller,learn,
how to chiller maintenance,chiller,service|learn,
chiller yard,chiller,other,
chiller york,chiller,other,
chiller yard meaning,chiller,learn,
chiller york 1000 tr,chiller,spec,
chiller yard area,chiller,other,
chiller yang mana,chiller,other,
chiller y strainer,chiller,other,
chiller yong tau foo,chiller,other,
chiller york yvaa,chiller,other,
chiller yakult,chiller,other,
what is chiller,chiller,learn,
what is chiller plant,chiller,learn,
what is chiller in hvac,chiller,learn,
what is chiller approach,chiller,learn,
what is chiller temperature,chiller,learn,
what is chiller system,chiller,learn,
what is chiller machine,chiller,learn,
what is chiller cop,chiller,learn,
chiller unit hsn code,chiller,compliance,
chiller unit service near me,chiller,service,
chiller unit price,chiller,price,
chiller unit working,chiller,learn,
chiller uses,chiller,other,
chiller unit is a part of,chiller,other,
chiller unit hvac,chiller,other,
chiller unit working principle,chiller,learn,
chiller zone,chiller,other,
chiller zone items,chiller,other,
chiller za vodu,chiller,other,
chiller zx spectrum,chiller,other,
chiller zimmer,chiller,other,
chiller zamil,chiller,other,
chiller zero tolerance,chiller,other,
chiller zero,chiller,other,
chiller zenner,chiller,other,
chiller vehicle for rent,chiller,other,
chiller valve package,chiller,other,
chiller vehicle,chiller,other,
chiller vs freezer,chiller,learn,
chiller vs ac,chiller,learn,
chiller vs cooling tower,chiller,learn,
chiller valve,chiller,other,
chiller van for rent,chiller,other,
chiller valve package details,chiller,other,
best chiller company in india,chiller,supplier,
best chiller,chiller,supplier,
best chiller box,chiller,supplier,
best chiller brand,chiller,supplier,
best chiller ice box,chiller,supplier,
best chiller box in india,chiller,supplier,
best chiller in india,chiller,supplier,
best chillers in the world,chiller,supplier,
best chiller manufacturers in india,chiller,supplier,
best chiller for cold plunge,chiller,supplier,
why chiller is used,chiller,price|learn,
why chiller is used in injection molding,chiller,price|learn,
why chiller not cold,chiller,learn,
why chiller compressor trip,chiller,learn,
why chiller trip,chiller,learn,
why chiller surge,chiller,learn,
why chiller is used in hvac,chiller,price|learn,
reason why chiller not cooling,chiller,learn,
why are chillers so expensive,chiller,learn,
which chiller is best,chiller,supplier,
which chillers punch is best,chiller,supplier,
which chillers punch is non alcoholic,chiller,other,
which chiller brand is best,chiller,supplier,
chiller which gas used,chiller,price,
which company chiller is best,chiller,supplier,
which year chillers punch launched,chiller,other,
which type of chiller is best,chiller,supplier|learn,
which type of chiller,chiller,learn,
can chiller,chiller,other,
can chiller machine,chiller,other,
can chiller spinner,chiller,other,
can chiller freeze,chiller,other,
can chiller 3d print,chiller,other,
can chillers be used for heating,chiller,price,
can chiller stanley,chiller,other,
can chiller rtic,chiller,other,
chiller in coimbatore,chiller,other,coimbatore
chiller service in coimbatore,chiller,service,coimbatore
chiller unit manufacturers in coimbatore,chiller,supplier,coimbatore
industrial chiller manufacturers in coimbatore,chiller,supplier,coimbatore
water chiller manufacturers in coimbatore,chiller,supplier,coimbatore
chiller charges,chiller,other,
chiller room price,chiller,price,
chiller fees,chiller,other,
buy chiller,chiller,price,
buy chiller box,chiller,price,
buy chiller bag,chiller,price,
buy chiller van,chiller,price,
buy chiller trailer,chiller,price,
where to buy chillers,chiller,price,
buy chiller for cold plunge,chiller,price,
buy chiller in india,chiller,price,
chillers in chennai,chiller,other,chennai
chiller rental in chennai,chiller,other,chennai
chiller supplier in chennai,chiller,supplier,chennai
chiller price in chennai,chiller,price,chennai
water chiller in chennai,chiller,other,chennai
chiller unit manufacturers in chennai,chiller,supplier,chennai
top chiller manufacturers in world,chiller,supplier,
top chiller brands,chiller,supplier,
top chiller brands in india,chiller,supplier,
top chiller manufacturers in india,chiller,supplier,
top chiller,chiller,supplier,
top chiller international,chiller,supplier,
top chiller companies,chiller,supplier,
top chiller china,chiller,supplier,
does chillerase really work,chiller,other,
does chillers punch have alcohol,chiller,other,
does chillerase work,chiller,other,
does chiller consume more electricity,chiller,other,
does chillerase work on skin tags,chiller,other,
does chiller have refrigerant,chiller,other,
does chiller have outdoor unit,chiller,other,
does chiller use refrigerant,chiller,other,
does chillers punch have non alcoholic,chiller,other,
cheap chiller,chiller,price,
cheap chiller panels nz,chiller,price,
cheap chiller for cold plunge,chiller,price,
cheap chiller bag,chiller,price,
cheap chiller for ice bath,chiller,price,
cheap chiller for sale,chiller,price,
cheap chillers for sale trinidad,chiller,price,
chiller in bangalore,chiller,other,bangalore
chiller manufacturers in bangalore,chiller,supplier,bangalore
chiller service in bangalore,chiller,service,bangalore
chiller supplier in bangalore,chiller,supplier,bangalore
chiller company in bangalore,chiller,supplier,bangalore
water chiller manufacturers in bangalore,chiller,supplier,bangalore
industrial chiller manufacturers in bangalore,chiller,supplier,bangalore
oil chiller manufacturers in bangalore,chiller,supplier,bangalore
chiller in pune,chiller,other,pune
chiller manufacturers in pune,chiller,supplier,pune
water chiller in pune,chiller,other,pune
chiller company in pune,chiller,supplier,pune
chiller supplier in pune,chiller,supplier,pune
chiller manufacturing company in pune,chiller,supplier,pune
chiller plant manufacturer in pune,chiller,supplier,pune
chiller maintenance services in pune,chiller,service,pune
water chiller manufacturers in pune,chiller,supplier,pune
industrial chiller manufacturers in pune,chiller,supplier,pune
chillers in hyderabad,chiller,other,hyderabad
chiller manufacturers in hyderabad,chiller,supplier,hyderabad
chiller repair in hyderabad,chiller,service,hyderabad
water chiller manufacturers in hyderabad,chiller,supplier,hyderabad
industrial chiller manufacturers in hyderabad,chiller,supplier,hyderabad
chiller for industrial use,chiller,other,
chiller manufacturer in delhi,chiller,supplier,delhi
chiller manufacturers in delhi ncr,chiller,supplier,delhi
water chiller in delhi,chiller,other,delhi
chiller plant in delhi,chiller,other,delhi
chiller price in delhi,chiller,price,delhi
chiller plant manufacturer in delhi,chiller,supplier,delhi
industrial water chiller in delhi,chiller,other,delhi
water chiller manufacturers in delhi,chiller,supplier,delhi
chiller manufacturers in mumbai,chiller,supplier,mumbai
mumbai chiller room,chiller,other,mumbai
chiller company in mumbai,chiller,supplier,mumbai
water chiller in mumbai,chiller,other,mumbai
water chiller manufacturers in mumbai,chiller,supplier,mumbai
industrial chiller manufacturers in mumbai,chiller,supplier,mumbai
chiller manufacturers in navi mumbai,chiller,supplier,mumbai
chiller price in india,chiller,price,
chiller price per ton,chiller,price,
chiller price 2 ton,chiller,price|spec,
chiller price list,chiller,price,
chiller in ahmedabad,chiller,other,ahmedabad
chiller manufacturers in ahmedabad,chiller,supplier,ahmedabad
chiller repair in ahmedabad,chiller,service,ahmedabad
chiller service in ahmedabad,chiller,service,ahmedabad
water chiller in ahmedabad,chiller,other,ahmedabad
chiller plant manufacturer in ahmedabad,chiller,supplier,ahmedabad
chiller machine manufacturers in ahmedabad,chiller,supplier,ahmedabad
chiller plant installation in ahmedabad,chiller,service,ahmedabad
water chiller manufacturer in ahmedabad,chiller,supplier,ahmedabad
industrial chiller manufacturers in ahmedabad,chiller,supplier,ahmedabad
chiller cost,chiller,price,
chiller cost per ton,chiller,price,
chiller cost per ton in india,chiller,price,
chiller cost in india,chiller,price,
chiller costco,chiller,price,
costco chiller cold plunge,chiller,price,
pool chiller cost,chiller,price,
chiller plant cost,chiller,price,
chiller for plastic industry,chiller,application,
chiller for plastic machine,chiller,application,
water chiller for plastic injection machine,chiller,application,
chiller plastic curtains,chiller,other,
chiller plastic,chiller,other,
chiller plastic door,chiller,other,
chiller plastic bag,chiller,other,
plastic chiller for cooling,chiller,other,
chiller plastico,chiller,other,
chiller for injection moulding machine,chiller,application,
chiller for injection moulding,chiller,application,
water chiller for injection moulding machine,chiller,application,
chiller for injection molding machine price,chiller,price|application,
chiller for dairy,chiller,application,
chiller for dairy farm,chiller,application,
milk chiller for dairy farm,chiller,application,
milk chiller for dairy,chiller,application,
small milk chiller for dairy farm,chiller,application,
dairy chiller for sale,chiller,other,
what is milk chilling plant,chiller,learn,
chiller for pharmaceutical industry,chiller,application,
chiller for pharmacy,chiller,application,
chiller pharma,chiller,other,
chiller storage temperature,chiller,other,
chiller suppliers in india,chiller,supplier,
chiller supplier near me,chiller,supplier|service,
chiller supplier,chiller,supplier,
chiller working principle in hindi,chiller,learn,
chiller working principle in marathi,chiller,learn,
chiller working principle in gujarati,chiller,learn,gujarat
chiller manufacturers near me,chiller,supplier|service,
chiller manufacturers in madhya pradesh,chiller,supplier,madhya pradesh
chiller manufacturers for data centers,chiller,supplier,
chiller dealers near me,chiller,supplier|service,
chiller dealers,chiller,supplier,
york chiller dealers in india,chiller,supplier,
voltas chiller dealers,chiller,supplier,
water chiller dealers,chiller,supplier,
trane chiller dealers,chiller,supplier,
daikin chiller dealers,chiller,supplier,
blue star chiller dealers,chiller,supplier,
blue star chiller dealers in india,chiller,supplier,
blue star chiller dealers in chennai,chiller,supplier,chennai
chiller service hsn code,chiller,service|compliance,
chiller services inc,chiller,service,
chiller services refrigerants,chiller,service,
chiller services phoenix az,chiller,service,
chiller services group,chiller,service,
chiller repair services,chiller,service,
chiller repair service near me,chiller,service,
chiller repair shop near me,chiller,service,
chiller repairing and maintenance,chiller,service,
chiller repair companies near me,chiller,supplier|service,
chiller amc,chiller,service,
chiller amc format,chiller,service,
amcon chiller,chiller,service,
amcon chiller maintenance,chiller,service,
chiller plant amc,chiller,service,
trane chiller amc,chiller,service,
chiller movies,chiller,other,
chiller fee,chiller,other,
chiller specifications,chiller,spec,
chiller specification sheet,chiller,spec,
fujidenzo chiller specification,chiller,spec,
daikin chiller specifications,chiller,spec,
water chiller specifications,chiller,spec,
trane chiller specifications,chiller,spec,
chiller plant specification,chiller,spec,
chiller unit specifications,chiller,spec,
chiller technical specifications,chiller,spec,
chiller capacity calculation,chiller,spec,
chiller capacity calculation formula,chiller,spec,
chiller capacity calculation in tr,chiller,spec,
chiller capacity calculation in kw,chiller,spec,
chiller capacity calculation online,chiller,spec,
chiller tonnage calculation,chiller,spec,
chiller btu calculator,chiller,spec,
chiller vs freezer temperature,chiller,learn,
chiller vs vrv,chiller,learn,
chiller vs hvac,chiller,learn,
chiller 1 ton,chiller,spec,
chiller 1 ton price,chiller,price|spec,
chiller 1 ton kw,chiller,spec,
water chiller 1 ton,chiller,spec,
dawlance chiller 1 ton,chiller,spec,
online chiller 1 ton price,chiller,price|spec,
water chiller 1 ton price,chiller,price|spec,
chiller 10 ton,chiller,spec,
chiller 10 ton price,chiller,price|spec,
water chiller 10 ton,chiller,spec,
chiller carrier 10 ton,chiller,spec,
chiller machine 10 ton,chiller,spec,
industrial chiller 10 ton,chiller,spec,
chiller 10 19 ton,chiller,spec,
glycol chiller 10 ton,chiller,spec,
chiller 3 ton price,chiller,price|spec,
chiller 3 ton,chiller,spec,
chiller 3 ton pickup,chiller,spec,
online chiller 3 ton price,chiller,price|spec,
water chiller 3 ton price,chiller,price|spec,
water chiller 3 ton,chiller,spec,
ro chiller 3 ton price,chiller,price|spec,
chiller machine 3 ton,chiller,spec,
chiller 2 ton price,chiller,price|spec,
chiller 2 ton,chiller,spec,
chiller 2 ton ac,chiller,spec,
water chiller 2 ton,chiller,spec,
water chiller 2 ton price,chiller,price|spec,
online chiller 2 ton price,chiller,price|spec,
ro chiller 2 ton price,chiller,price|spec,
chiller 5 ton price,chiller,price|spec,
chiller 5 ton,chiller,spec,
water chiller 5 ton,chiller,spec,
online chiller 5 ton price,chiller,price|spec,
water chiller 5 ton price,chiller,price|spec,
chiller machine 5 ton price,chiller,price|spec,
industrial chiller 5 ton,chiller,spec,
chiller 20 ton,chiller,spec,
chiller 20 toneladas,chiller,spec,
chiller 20 toneladas precio,chiller,spec,
water chiller 20 ton,chiller,spec,
chiller carrier 20 ton,chiller,spec,
trane chiller 20 ton,chiller,spec,
air cooled chiller 20 ton,chiller,spec,
20 ton chiller price,chiller,price|spec,
20 ton chiller for sale,chiller,spec,
20 ton chiller unit,chiller,spec,
water chiller,water chiller,other,
water chiller machine,water chiller,other,
water chiller working principle,water chiller,learn,
water chiller manufacturers in chennai,water chiller,supplier,chennai
water chiller plant,water chiller,other,
water chiller hsn code,water chiller,compliance,
water chiller price,water chiller,price,
water chiller 500 liter price,water chiller,price|spec,
water chiller air conditioning system,water chiller,other,
water chiller all parts name,water chiller,other,
water chiller and air chiller,water chiller,other,
water chiller and filter,water chiller,other,
water chiller and heater,water chiller,other,
water chiller adalah,water chiller,other,
water chiller air conditioner,water chiller,other,
water chiller amazon,water chiller,other,
water chiller box,water chiller,other,
water chiller blue star,water chiller,other,
water chiller bakery,water chiller,other,
water chiller bath,water chiller,other,
water chiller buy,water chiller,price,
water chiller bathtub,water chiller,other,
water chiller benchtop,water chiller,other,
water chiller boyu,water chiller,other,
water chiller compressor,water chiller,other,
water chiller compressor price,water chiller,price,
water chiller controller,water chiller,other,
water chiller coil,water chiller,other,
water chiller condenser,water chiller,other,
water chiller cycle,water chiller,other,
water chiller cooling tower,water chiller,other,
water chiller calculator,water chiller,spec,
water chiller diy,water chiller,other,
water chiller design,water chiller,other,
water chiller drinking,water chiller,other,
water chiller daikin,water chiller,other,
water chiller data center,water chiller,other,
water chiller dwg,water chiller,other,
water chiller efficiency calculation,water chiller,spec,
water chiller evaporator,water chiller,other,
water chiller evaporator coil,water chiller,other,
water chiller expansion valve,water chiller,other,
water chiller e6 error,water chiller,other,
water chiller efficiency,water chiller,other,
water chiller e5 error code,water chiller,other,
water chiller error code,water chiller,other,
water chiller ebay,water chiller,other,
water chiller hsn code and gst rate,water chiller,price|compliance,
water chiller heat exchanger,water chiller,other,
water chiller hs code,water chiller,other,
water chiller hvac,water chiller,other,
water chiller hydroponic,water chiller,other,
water chiller home depot,water chiller,other,
water chiller hvac system,water chiller,other,
water chiller heat pump,water chiller,other,
water chiller home,water chiller,other,
water chiller for ice bath,water chiller,other,
water chiller for bathroom,water chiller,other,
water chiller for ro plant,water chiller,other,
water chiller for tank,water chiller,other,
water chiller for shower,water chiller,other,
water chiller for injection molding machine,water chiller,application,
water chiller filter,water chiller,other,
water chiller for cold plunge,water chiller,other,
water chiller images,water chiller,other,
water chiller industrial,water chiller,other,
water chiller industrial type,water chiller,other,
water chiller in gem,water chiller,other,
water chiller indoor unit,water chiller,other,
water chiller ice bath,water chiller,other,
water chiller installation,water chiller,service,
water chiller in apartment,water chiller,other,
water chiller jar,water chiller,other,
water chiller jawa tengah,water chiller,other,
water chiller jakarta,water chiller,other,
water chiller jug,water chiller,other,
water chiller julabo,water chiller,other,
water jet chiller,water chiller,other,
water jacket chiller,water chiller,other,
water chiller gas name,water chiller,other,
water chiller gas pressure,water chiller,other,
water chiller glycol,water chiller,other,
water chiller gree,water chiller,other,
water chiller grow,water chiller,other,
water chiller kya hai,water chiller,other,
water chiller kit,water chiller,other,
water chiller kaise kam karta hai,water chiller,other,
water chiller karachi,water chiller,other,
water chiller lahore,water chiller,other,
water chiller loop,water chiller,other,
water chiller laboratory,water chiller,other,
water chiller low pressure alarm,water chiller,other,
water chiller laser,water chiller,other,
water chiller laser cutter,water chiller,other,
water chiller laser cutting machine,water chiller,other,
water chiller line,water chiller,other,
water chiller machine 1000 liter price,water chiller,price|spec,
water chiller machine 500 liter price,water chiller,price|spec,
water chiller machine price,water chiller,price,
water chiller manufacturers,water chiller,supplier,
water chiller machine 2000 liter price,water chiller,price|spec,
water chiller machine 100 liter price,water chiller,price|spec,
water chiller manufacturers in india,water chiller,supplier,
water chiller machine small,water chiller,other,
water chiller near me,water chiller,service,
water chiller not cooling,water chiller,other,
water chiller nearby,water chiller,other,
water chiller nz,water chiller,other,
water chiller nuvio,water chiller,other,
water chiller on rent,water chiller,other,
water chiller olx,water chiller,other,
water chiller operation,water chiller,other,
water chiller outdoor unit,water chiller,other,
water chiller outdoor,water chiller,other,
water chiller office,water chiller,other,
water chiller online,water chiller,other,
water chiller omtech,water chiller,other,
water chiller on amazon,water chiller,other,
water chiller on sale,water chiller,other,
water chiller quotation,water chiller,price,
water chiller quiet,water chiller,other,
chiller water quality standards,water chiller,other,
chiller water quality,water chiller,other,
water chiller plant price,water chiller,price,
water chiller pump,water chiller,other,
water chiller phe price,water chiller,price,
water chiller parts,water chiller,other,
water chiller picture,water chiller,other,
water chiller price in india,water chiller,price,
water chiller small,water chiller,other,
water chiller system,water chiller,other,
water chiller spare parts,water chiller,service,
water chiller sensor,water chiller,other,
water chiller service near me,water chiller,service,
water chiller small size,water chiller,other,
water chiller suppliers,water chiller,supplier,
water chiller system for home,water chiller,other,
water chiller service,water chiller,service,
water chiller repair near me,water chiller,service,
water chiller repair,water chiller,service,
water chiller repair service near me,water chiller,service,
water chiller rod,water chiller,other,
water chiller refrigeration cycle,water chiller,other,
water chiller rental,water chiller,other,
water chiller rental near me,water chiller,service,
water chiller repair service,water chiller,service,
water chiller rdwc,water chiller,other,
water chiller tank,water chiller,other,
water chiller tr calculation,water chiller,spec,
water chiller tap,water chiller,other,
water chiller temperature setting,water chiller,other,
water chiller temperature range,water chiller,other,
water chiller thermostat,water chiller,other,
water chiller technician near me,water chiller,service,
water chiller temperature controller,water chiller,other,
water chiller temperature sensor,water chiller,other,
water chiller tower,water chiller,other,
water chiller unit,water chiller,other,
water chiller under sink,water chiller,other,
water chiller under counter,water chiller,other,
water chiller unit industrial,water chiller,other,
water chiller used,water chiller,price,
water chiller unit for ice bath,water chiller,other,
water chiller unit price,water chiller,price,
water chiller under bench,water chiller,other,
water chiller vs air chiller,water chiller,learn,
water chiller vevor,water chiller,other,
water chiller vs cooling tower,water chiller,learn,
water chiller vs glycol chiller,water chiller,learn,
water chiller voltas,water chiller,other,
water chiller valve,water chiller,other,
water chiller york,water chiller,other,
water chiller yszy 01,water chiller,other,
water chiller working,water chiller,learn,
water chiller with tank,water chiller,other,
water chiller with filter,water chiller,other,
water chiller with pump,water chiller,other,
water chiller wattage,water chiller,other,
water chiller with heater,water chiller,other,
water cooled chiller interview questions,water chiller,other,
what is water chiller,water chiller,learn,
what is water chiller system,water chiller,learn,
what is water chiller machine,water chiller,learn,
why must water be circulated through a chiller,water chiller,learn,
how does a water chiller work,water chiller,learn,
what is a water chiller used for,water chiller,price|learn,
best water chiller manufacturers in india,water chiller,supplier,
best water chiller for cold plunge,water chiller,supplier,
best water chiller,water chiller,supplier,
best water chiller for axolotl,water chiller,supplier,
best water chiller for ice bath,water chiller,supplier,
best water chiller for hydroponics,water chiller,supplier,
best water chiller cold plunge reddit,water chiller,supplier,
best water chiller for bathtub,water chiller,supplier,
best water chiller for diy cold plunge,water chiller,supplier,
how to clean water chiller,water chiller,learn,
how to make water chiller,water chiller,learn,
how to install water chiller,water chiller,learn,
how to build water chiller,water chiller,learn,
how water chiller works,water chiller,learn,
how to make a water chiller out of a freezer,water chiller,learn,
how to service a water chiller,water chiller,service|learn,
how to drain water in fujidenzo chiller,water chiller,learn,
what is water cooled chiller,water chiller,learn,
what is water cooled chiller system,water chiller,learn,
what is a water chiller plant,water chiller,learn,
what is industrial water chiller,water chiller,learn,
cheap water chiller,water chiller,price,
cheap water chiller for ice bath,water chiller,price,
cheapest water chiller,water chiller,price,
top water chillers,water chiller,supplier,
top water chiller manufacturers in bangalore,water chiller,supplier,bangalore
top water chiller manufacturers,water chiller,supplier,
top water chiller manufacturers in india,water chiller,supplier,
buy water chiller,water chiller,price,
water chiller 1000 liter price,water chiller,price|spec,
which water is used in chiller,water chiller,price,
what is a water chiller,water chiller,learn,
do water chillers use refrigerant,water chiller,other,
do water chillers work,water chiller,other,
can a water cooled chiller be placed outdoors,water chiller,other,
water chiller coimbatore,water chiller,other,coimbatore
water chiller for industrial use,water chiller,other,
how does an industrial water chiller work,water chiller,learn,
industrial water chiller manufacturers in pune,water chiller,supplier,pune
water cooled chiller manufacturers in pune,water chiller,supplier,pune
water bath chiller manufacturers in pune,water chiller,supplier,pune
industrial water chiller manufacturers in chennai,water chiller,supplier,chennai
2 ton water chiller price in hyderabad,water chiller,price|spec,hyderabad
industrial water chiller manufacturers in ahmedabad,water chiller,supplier,ahmedabad
water chiller cost,water chiller,price,
water chiller costco,water chiller,price,
water chiller cost per ton,water chiller,price,
water chiller manufacturers near me,water chiller,supplier|service,
water chiller price in karachi,water chiller,price,
water chiller plastic,water chiller,other,
water cooled chiller working principle,water chiller,learn,
water chiller compressor working principle,water chiller,learn,
water chiller plant working principle,water chiller,learn,
water cooled chiller working principle animation,water chiller,learn,
water chiller supplier near me,water chiller,supplier|service,
water chiller supplier in india,water chiller,supplier,
water chiller service hsn code,water chiller,service|compliance,
water chiller manufacturers in ahmedabad,water chiller,supplier,ahmedabad
water chiller manufacturers in rajkot,water chiller,supplier,rajkot
water chiller specs,water chiller,other,
water cooled chiller specification sheet,water chiller,spec,
water cooled chiller specifications,water chiller,spec,
industrial water chiller specifications,water chiller,spec,
packaged water chillers specifications are in division ___,water chiller,spec,
water cooled chiller vs air cooled,water chiller,learn,
flooded chiller vs dx chiller,water chiller,learn,
water chiller capacity calculation,water chiller,spec,
water chiller cooling capacity calculation,water chiller,spec,
water chiller tonnage calculator,water chiller,spec,
water chiller btu calculator,water chiller,spec,
water chiller cooling load calculation,water chiller,spec,
water chiller heat load calculation,water chiller,spec,
online water chiller 1 ton price,water chiller,price|spec,
water chiller machine 1 ton,water chiller,spec,
1 ton water chiller price in india,water chiller,price|spec,
water chiller 2 ton compressor price,water chiller,price|spec,
water chiller 2 ton hsn code,water chiller,spec|compliance,
online water chiller 2 ton price,water chiller,price|spec,
water chiller machine 2 ton,water chiller,spec,
kirloskar water chiller 2 ton price,water chiller,price|spec,
online water chiller 2 ton,water chiller,spec,
cruise water chiller 2 ton,water chiller,spec,
water chiller machine 3 ton,water chiller,spec,
kirloskar water chiller 3 ton price,water chiller,price|spec,
3 ton water chiller compressor price,water chiller,price|spec,
3 ton water chiller price in india,water chiller,price|spec,
water cooled chiller 10 ton,water chiller,spec,
10 ton water chiller price,water chiller,price|spec,
industrial chiller,industrial chiller,other,
industrial chiller manufacturers in chennai,industrial chiller,supplier,chennai
industrial chiller price,industrial chiller,price,
industrial chiller manufacturers,industrial chiller,supplier,
industrial chiller service near me,industrial chiller,service,
industrial chiller manufacturers in india,industrial chiller,supplier,
industrial chiller repair near me,industrial chiller,service,
industrial chiller machine,industrial chiller,other,
industrial chiller working principle,industrial chiller,learn,
water chiller machine 5 ton,water chiller,spec,
online water chiller 5 ton,water chiller,spec,
water cooled chiller 5 ton,water chiller,spec,
industrial water chiller 5 ton,water chiller,spec,
blue star water chiller 5 ton price,water chiller,price|spec,
vevor air cooled water chiller 5 ton portable,water chiller,spec,
5 ton water chiller price in india,water chiller,price|spec,
industrial chiller alarm,industrial chiller,other,
industrial chiller air cooled,industrial chiller,other,
industrial air chiller,industrial chiller,other,
20 ton water chiller price,water chiller,price|spec,
industrial chiller brands,industrial chiller,supplier,
industrial chiller box,industrial chiller,other,
industrial chiller buyers,industrial chiller,price,
industrial blast chiller,industrial chiller,other,
industrial blast chiller price,industrial chiller,price,
industrial brine chiller,industrial chiller,other,
industrial building chiller,industrial chiller,other,
industrial chiller cw-5000,industrial chiller,other,
industrial chiller cw 5200 price,industrial chiller,price,
industrial chiller cw-5200,industrial chiller,other,
industrial chiller cw-3000,industrial chiller,other,
industrial chiller cost,industrial chiller,price,
industrial chiller compressor,industrial chiller,other,
industrial chiller components,industrial chiller,learn,
industrial chiller cw 5000 alarm,industrial chiller,other,
industrial chiller cw 5000 manual,industrial chiller,other,
industrial chiller cw-5200 manual,industrial chiller,other,
industrial chiller dealer in chennai,industrial chiller,supplier,chennai
industrial chiller design,industrial chiller,other,
industrial chiller daikin,industrial chiller,other,
industrial chiller dz5200ls qx,industrial chiller,other,
industrial chiller display,industrial chiller,other,
industrial chiller definition,industrial chiller,learn,
industrial chiller data sheet,industrial chiller,other,
industrial chiller evaporator,industrial chiller,other,
industrial chiller e2 error,industrial chiller,other,
industrial chiller e6 error,industrial chiller,other,
industrial chiller error code,industrial chiller,other,
industrial chiller error,industrial chiller,other,
industrial chiller equipment,industrial chiller,other,
industrial chiller efficiency,industrial chiller,other,
industrial electric chiller,industrial chiller,other,
industrial chiller glycol,industrial chiller,other,
industrial chiller gas,industrial chiller,other,
industrial chiller grabcad,industrial chiller,other,
industrial grade chiller,industrial chiller,other,
industrial glycol chiller system,industrial chiller,other,
industrial glass chiller,industrial chiller,other,
water chiller gas,industrial chiller,other,
industrial chiller for sale,industrial chiller,other,
industrial chiller fan,industrial chiller,other,
industrial chiller for laser,industrial chiller,application,
industrial chiller freezer,industrial chiller,other,
industrial chiller for laser cutting machine,industrial chiller,application,
industrial chiller filter,industrial chiller,other,
industrial chiller function,industrial chiller,learn,
industrial chiller for rent,industrial chiller,other,
industrial chiller for co2 laser,industrial chiller,other,
water chiller kya hota hai,industrial chiller,other,
water chiller kitne ka aata hai,industrial chiller,other,
water chiller ka photo,industrial chiller,other,
water chiller kolam,industrial chiller,other,
jz industrial chiller,industrial chiller,other,
industrial chiller hsn code,industrial chiller,compliance,
industrial chiller hs code,industrial chiller,other,
industrial chiller hire,industrial chiller,other,
industrial chiller how it works,industrial chiller,learn,
industrial chiller heater,industrial chiller,other,
hul 5 industrial chiller,industrial chiller,other,
industrial chiller hvac,industrial chiller,other,
industrial chiller laser,industrial chiller,other,
industrial chiller life expectancy,industrial chiller,other,
industrial liquid chiller,industrial chiller,other,
chiller industrial lg,industrial chiller,other,
water chiller lab,industrial chiller,other,
industrial chiller manufacturers near me,industrial chiller,supplier|service,
water chiller inline,industrial chiller,other,
water chiller ice maker,industrial chiller,supplier,
water chiller inlet and outlet temperature,industrial chiller,other,
industrial chiller near me,industrial chiller,service,
industrial chiller nz,industrial chiller,other,
water chiller not working,industrial chiller,learn,
water chiller not chilling,industrial chiller,other,
water chiller nuvio pro,industrial chiller,other,
industrial chiller operation,industrial chiller,other,
industrial chiller oritech minecraft,industrial chiller,other,
industrial chiller on rent,industrial chiller,other,
industrial oil chiller,industrial chiller,other,
industrial oil chiller manufacturers,industrial chiller,supplier,
industrial chiller que es,industrial chiller,other,
vevor industrial chiller dz3000ls qx,industrial chiller,other,
vevor industrial chiller dz5200ls qx,industrial chiller,other,
chiller industrial queretaro,industrial chiller,other,
industrial chiller repair service near me,industrial chiller,service,
industrial chiller rental,industrial chiller,other,
industrial chiller repair,industrial chiller,service,
industrial chiller rental near me,industrial chiller,service,
industrial chiller refrigerant,industrial chiller,other,
industrial chiller room,industrial chiller,other,
industrial chiller repair service,industrial chiller,service,
industrial chiller repair in delhi,industrial chiller,service,delhi
industrial chiller plant,industrial chiller,other,
industrial chiller pump,industrial chiller,other,
industrial chiller parts,industrial chiller,other,
industrial chiller price in india,industrial chiller,price,
industrial chiller vevor,industrial chiller,other,
industrial chiller voltage,industrial chiller,other,
water chiller vs ac,industrial chiller,learn,
water chiller vendor,industrial chiller,supplier,
water chiller vest,industrial chiller,other,
industrial chiller system,industrial chiller,other,
industrial chiller service,industrial chiller,service,
industrial chiller schematic,industrial chiller,other,
industrial chiller s&a,industrial chiller,other,
industrial chiller supplier,industrial chiller,supplier,
industrial chiller technician,industrial chiller,other,
industrial chiller types,industrial chiller,other,
industrial chiller temperature,industrial chiller,other,
industrial chiller tech,industrial chiller,other,
industrial chiller tank,industrial chiller,other,
industrial chiller trane,industrial chiller,other,
industrial chiller tube cleaning machine,industrial chiller,other,
industrial chiller unit,industrial chiller,other,
industrial chiller uses,industrial chiller,other,
industrial chiller unit price,industrial chiller,price,
industrial chiller water filter,industrial chiller,other,
water chiller walmart,industrial chiller,other,
water chiller with ro,industrial chiller,other,
xhc industrial chiller,industrial chiller,other,
what is an industrial chiller,industrial chiller,learn,
how does an industrial chiller work,industrial chiller,learn,
york industrial chiller,industrial chiller,other,
how do industrial chillers work,industrial chiller,learn,
best industrial chiller brands,industrial chiller,supplier,
best industrial chillers,industrial chiller,supplier,
best industrial chiller manufacturers,industrial chiller,supplier,
top industrial chiller manufacturers in india,industrial chiller,supplier,
how to use industrial chiller,industrial chiller,learn,
how industrial chillers work,industrial chiller,learn,
what is industrial chiller,industrial chiller,learn,
what is water chiller used for,industrial chiller,price|learn,
what is an industrial chiller used for,industrial chiller,price|learn,
top industrial chiller manufacturers,industrial chiller,supplier,
largest industrial chiller,industrial chiller,other,
top water chiller,industrial chiller,supplier,
top 10 industrial chiller manufacturers in india,industrial chiller,supplier,
chiller prices,industrial chiller,price,
can water chiller,industrial chiller,other,
how does industrial chiller work,industrial chiller,learn,
what are industrial chillers used for,industrial chiller,price,
industrial air cooled chiller manufacturers in pune,industrial chiller,supplier,pune
industrial chiller system in ahmedabad,industrial chiller,other,ahmedabad
chiller manufacturing in ahmedabad,industrial chiller,supplier,ahmedabad
industrial chiller manufacturers in delhi,industrial chiller,supplier,delhi
industrial water chiller manufacturers in delhi,industrial chiller,supplier,delhi
industrial chiller companies near me,industrial chiller,supplier|service,
industrial water chiller near me,industrial chiller,service,
industrial water chiller working principle,industrial chiller,learn,
industrial chiller manufacturers in gujarat,industrial chiller,supplier,gujarat
industrial chiller suppliers in india,industrial chiller,supplier,
industrial chiller supplier near me,industrial chiller,supplier|service,
water chiller supplier,industrial chiller,supplier,
industrial chiller specifications,industrial chiller,spec,
chiller specification,industrial chiller,spec,
1 ton industrial chiller,industrial chiller,spec,
how to size chiller capacity,industrial chiller,learn|spec,
maximum chiller capacity,industrial chiller,spec,
industrial chiller 2 ton,industrial chiller,spec,
industrial water chiller 2 ton,industrial chiller,spec,
industrial chiller 3 ton,industrial chiller,spec,
chiller industrial 3 toneladas,industrial chiller,spec,
vevor air cooled chiller industrial 5 ton,industrial chiller,spec,
chiller industrial 5 toneladas,industrial chiller,spec,
process chiller,process chiller,other,
process chiller manufacturers in india,process chiller,supplier,
process chiller unit 45tr,process chiller,spec,
process chiller working principle,process chiller,learn,
process chiller manufacturers,process chiller,supplier,
process chiller vs hvac chiller,process chiller,learn,
process chiller rental,process chiller,other,
process chiller blue star,process chiller,other,
process chiller unit,process chiller,other,
chiller industrial 10 toneladas,industrial chiller,spec,
20 ton industrial chiller,industrial chiller,spec,
advantage process chiller,process chiller,learn,
adiabatic process chiller,process chiller,other,
how does a process chiller work,process chiller,learn,
what is a process chiller,process chiller,learn,
what is chiller and how it works,process chiller,learn,
process chiller brands,process chiller,supplier,
budzar process chiller,process chiller,other,
chiller descaling process,process chiller,other,
daikin process chiller,process chiller,other,
drake process chiller,process chiller,other,
dimplex process chiller,process chiller,other,
process chiller cost,process chiller,price,
process cooling chiller,process chiller,other,
process chiller hsn code,process chiller,compliance,
industrial process cooling chiller,process chiller,other,
process air cooled chiller,process chiller,other,
process water cooled chiller,process chiller,other,
chiller cycle process,process chiller,other,
carrier process chiller,process chiller,other,
chiller commissioning process,process chiller,other,
chiller circulation process,process chiller,other,
process chillers for sale,process chiller,other,
chiller process.flow,process chiller,other,
filtrine process chiller,process chiller,other,
chiller for process cooling,process chiller,other,
process glycol chiller,process chiller,other,
process gas chiller,process chiller,other,
gree process chiller,process chiller,other,
process chiller hire,process chiller,other,
haskris process chiller,process chiller,other,
chiller working process,process chiller,learn,
industrial process chiller,process chiller,other,
industrial process chiller manufacturers,process chiller,supplier,
ics process chiller,process chiller,other,
indoor process chiller,process chiller,other,
lauda process chiller,process chiller,other,
lab process chiller,process chiller,other,
nano process chiller,process chiller,other,
nano process chiller manual,process chiller,other,
process of chiller system,process chiller,other,
process of chiller,process chiller,other,
working process of chiller,process chiller,learn,
outdoor process chiller,process chiller,other,
chiller operating procedure,process chiller,other,
process chillers market,process chiller,other,
i chiller process manual,process chiller,other,
mta process chiller,process chiller,other,
mri process chiller,process chiller,other,
process chiller pump,process chiller,other,
chiller plant process,process chiller,other,
portable process chiller,process chiller,other,
parker process chiller,process chiller,other,
process chiller systems,process chiller,other,
process chiller service,process chiller,service,
process water chiller system,process chiller,other,
small process chiller,process chiller,other,
sterling process chiller,process chiller,other,
trane process chiller,process chiller,other,
used process chiller,process chiller,price,
voltas process chiller,process chiller,other,
process chiller water,process chiller,other,
industrial process water chiller,process chiller,other,
york process chiller,process chiller,other,
how to process chillers work,process chiller,learn,
what is process chiller,process chiller,learn,
what are process chillers used for,process chiller,price,
what is the process of switching on chiller,process chiller,learn,
how does a chiller work,process chiller,learn,
how long does a chiller last,process chiller,learn,
how do chiller systems work,process chiller,learn,
price of a chiller,process chiller,price,
working principle of chiller,process chiller,learn,
working principle of chiller plant,process chiller,learn,
what is chiller maintenance,process chiller,service|learn,
1 ton process chiller,process chiller,spec,
2 ton process chiller,process chiller,spec,
3 ton water chiller price,process chiller,price|spec,
2 ton chiller price,process chiller,price|spec,
2 tr chiller price,process chiller,price|spec,
3 ton process chiller,process chiller,spec,
5 ton process chiller,process chiller,spec,
5 ton chiller price,process chiller,price|spec,
5 ton chiller compressor price,process chiller,price|spec,
air cooled chiller and water cooled chiller,air cooled chiller,other,
air cooled chiller approach temperature,air cooled chiller,other,
air cooled chiller animation,air cooled chiller,other,
air cooled chiller all parts name,air cooled chiller,other,
air cooled chiller approach,air cooled chiller,other,
air cooled chiller abbreviation,air cooled chiller,other,
20 ton process chiller,process chiller,spec,
air cooled chiller,air cooled chiller,other,
air cooled chiller working principle,air cooled chiller,learn,
air cooled chiller components,air cooled chiller,learn,
air cooled chiller images,air cooled chiller,other,
air cooled chiller hsn code,air cooled chiller,compliance,
air cooled chiller manufacturers in india,air cooled chiller,supplier,
air cooled chiller plant,air cooled chiller,other,
10 ton process chiller,process chiller,spec,
10 ton chiller price,process chiller,price|spec,
air cooled chiller brands,air cooled chiller,supplier,
air cooled chiller blue star,air cooled chiller,other,
air cooled chiller boq,air cooled chiller,other,
air cooled chiller buffer tank,air cooled chiller,other,
air cooled chiller basics,air cooled chiller,other,
air cooled chiller brochure,air cooled chiller,compliance,
air cooled chiller book,air cooled chiller,other,
air cooled chiller barrel,air cooled chiller,other,
air cooled chiller cop,air cooled chiller,other,
air cooled chiller compressor types,air cooled chiller,other,
air cooled chiller cycle,air cooled chiller,other,
air cooled chiller condenser coil,air cooled chiller,other,
air cooled chiller capacity,air cooled chiller,spec,
air cooled chiller catalogue,air cooled chiller,compliance,
air cooled chiller condenser approach temperature,air cooled chiller,other,
air cooled chiller economizer,air cooled chiller,other,
air cooled chiller efficiency,air cooled chiller,other,
air cooled chiller evaporator approach temperature,air cooled chiller,other,
air cooled chiller evaporator,air cooled chiller,other,
air cooled chiller explained,air cooled chiller,other,
air cooled chiller efficiency curve,air cooled chiller,other,
air cooled chiller eer,air cooled chiller,other,
air cooled chiller expansion valve,air cooled chiller,other,
air cooled chiller expansion tank,air cooled chiller,other,
air cooled chiller for data center,air cooled chiller,other,
air cooled chiller for home,air cooled chiller,other,
air cooled chiller for sale,air cooled chiller,other,
air cooled chiller free cooling,air cooled chiller,other,
air cooled chiller foundation,air cooled chiller,other,
air cooled chiller function,air cooled chiller,learn,
air cooled chiller fan,air cooled chiller,other,
air cooled chiller filter,air cooled chiller,other,
air cooled chiller flow switch,air cooled chiller,other,
air cooled chiller daikin,air cooled chiller,other,
air cooled chiller delta t,air cooled chiller,other,
air cooled chiller data center,air cooled chiller,other,
air cooled chiller dwg,air cooled chiller,other,
air cooled chiller daily checklist,air cooled chiller,other,
air cooled chiller gpm per ton,air cooled chiller,price,
air cooled chiller gas name,air cooled chiller,other,
air cooled chiller gif,air cooled chiller,other,
air cooled chiller gas,air cooled chiller,other,
air cooled chiller graphics,air cooled chiller,other,
air cooled chiller glycol,air cooled chiller,other,
air cooled chiller gas charging,air cooled chiller,other,
air cooled chiller gree,air cooled chiller,other,
air cooled chiller life expectancy,air cooled chiller,other,
air cooled chiller log sheet,air cooled chiller,other,
air cooled chiller loop,air cooled chiller,other,
air cooled chiller layout,air cooled chiller,other,
air cooled chiller lg,air cooled chiller,other,
air cooled chiller low suction pressure,air cooled chiller,other,
air cooled liquid chiller,air cooled chiller,other,
ashrae air cooled chiller life expectancy,air cooled chiller,other,
air cooled chiller jci,air cooled chiller,other,
jetson air cooled chiller,air cooled chiller,other,
johnson controls air cooled chiller,air cooled chiller,other,
jci air cooled screw chiller,air cooled chiller,other,
how does an air cooled chiller work,air cooled chiller,learn,
what is air cooled chiller,air cooled chiller,learn,
air cooled chiller installation,air cooled chiller,service,
air cooled chiller interview questions,air cooled chiller,other,
air cooled chiller ikw tr,air cooled chiller,other,
air cooled chiller inlet and outlet temperature,air cooled chiller,other,
air cooled chiller icon,air cooled chiller,other,
air cooled chiller installation manual,air cooled chiller,service,
air cooled chiller in india,air cooled chiller,other,
air cooled chiller in hindi,air cooled chiller,other,
air cooled chiller industrial,air cooled chiller,other,
air cooled chiller kw ton,air cooled chiller,other,
air cooled chiller kaise kam karta hai,air cooled chiller,other,
air cooled chiller kw per ton,air cooled chiller,price,
air cooled chiller kya hota hai,air cooled chiller,other,
air cooled chiller kw/tr,air cooled chiller,other,
air cooled chiller kitne ton ka hota hai,air cooled chiller,other,
air cooled chiller kw,air cooled chiller,other,
typical air cooled chiller kw/ton,air cooled chiller,other,
air cooled chiller me konsa compressor lagta hai,air cooled chiller,other,
air cooled chiller efficiency kw/ton,air cooled chiller,other,
air cooled chiller hs code,air cooled chiller,other,
air cooled chiller heat exchanger,air cooled chiller,other,
air cooled chiller how it works,air cooled chiller,learn,
air cooled chiller heat pump,air cooled chiller,other,
air cooled chiller heat recovery,air cooled chiller,other,
air cooled chiller heat rejection,air cooled chiller,other,
air cooled chiller hookup,air cooled chiller,other,
air cooled chiller hvac system,air cooled chiller,other,
air cooled chiller hsn code and gst rate,air cooled chiller,price|compliance,
air cooled chiller maintenance checklist,air cooled chiller,service,
air cooled chiller manufacturers,air cooled chiller,supplier,
air cooled chiller maximum capacity,air cooled chiller,spec,
air cooled chiller maintenance,air cooled chiller,service,
air cooled chiller midea,air cooled chiller,other,
air cooled chiller manual,air cooled chiller,other,
air cooled chiller noise level,air cooled chiller,other,
air cooled chiller near me,air cooled chiller,service,
air cooled chiller noise,air cooled chiller,other,
air cooled chiller need water,air cooled chiller,other,
air cooled chiller parts name,air cooled chiller,other,
air cooled chiller need cooling tower,air cooled chiller,other,
do air cooled chillers need makeup water,air cooled chiller,other,
does air cooled chiller need cooling tower,air cooled chiller,other,
york air cooled chiller model numbers,air cooled chiller,spec,
air cooled chiller operation,air cooled chiller,other,
air cooled chiller or water cooled chiller,air cooled chiller,other,
air cooled chiller on roof,air cooled chiller,other,
air cooled chiller outdoor,air cooled chiller,other,
air cooled chiller outdoor unit,air cooled chiller,other,
air cooled chiller oil pressure,air cooled chiller,other,
air cooled oil chiller,air cooled chiller,other,
air cooled chiller price,air cooled chiller,price,
air cooled chiller price in india,air cooled chiller,price,
air cooled chiller parameters,air cooled chiller,other,
air cooled chiller parts,air cooled chiller,other,
air cooled chiller power consumption,air cooled chiller,other,
air cooled chiller system,air cooled chiller,other,
air cooled chiller suction pressure,air cooled chiller,other,
air cooled chiller sop,air cooled chiller,other,
air cooled chiller safety devices,air cooled chiller,other,
air cooled chiller schematic,air cooled chiller,other,
air cooled chiller sequence of operation,air cooled chiller,other,
air cooled chiller refrigeration cycle,air cooled chiller,other,
air cooled chiller rental,air cooled chiller,other,
air cooled chiller refrigerant,air cooled chiller,other,
air cooled chiller repair,air cooled chiller,service,
air cooled chiller rooftop,air cooled chiller,other,
air cooled chiller remote condenser,air cooled chiller,other,
air cooled chiller replacement,air cooled chiller,other,
air cooled chiller roof,air cooled chiller,other,
air cooled chiller types,air cooled chiller,other,
air cooled chiller top view,air cooled chiller,supplier,
air cooled chiller trane,air cooled chiller,other,
air cooled chiller tonnage,air cooled chiller,other,
air cooled chiller troubleshooting,air cooled chiller,service,
air cooled chiller temperature range,air cooled chiller,other,
air cooled chiller tr,air cooled chiller,other,
quantech air cooled chiller,air cooled chiller,other,
quantech air cooled scroll chiller,air cooled chiller,other,
what is difference between air cooled chiller and water cooled chiller,air cooled chiller,learn,
air cooled chiller unit,air cooled chiller,other,
air cooled chiller used,air cooled chiller,price,
air cooled chiller useful life,air cooled chiller,other,
does air cooled chiller use water,air cooled chiller,other,
air cooled water chiller unit,air cooled chiller,other,
air cooled chiller make up water,air cooled chiller,other,
air cooled screw chiller unit,air cooled chiller,other,
do air cooled chillers use refrigerant,air cooled chiller,other,
air cooled chiller vs water cooled chiller,air cooled chiller,learn,
air cooled chiller vs water cooled chiller efficiency,air cooled chiller,learn,
air cooled chiller vs cooling tower,air cooled chiller,learn,
air cooled chiller vs dry cooler,air cooled chiller,learn,
air cooled chiller vs condensing unit,air cooled chiller,learn,
air cooled chiller valve package,air cooled chiller,other,
air cooled chiller vs dx system,air cooled chiller,learn,
air cooled chiller vs air source heat pump,air cooled chiller,learn,
air cooled chiller working,air cooled chiller,learn,
air cooled chiller working principle in hindi,air cooled chiller,learn,
air cooled chiller water cooled chiller,air cooled chiller,other,
air cooled chiller working animation,air cooled chiller,learn,
air cooled chiller water side economizer,air cooled chiller,other,
air cooled chiller with free cooling,air cooled chiller,other,
air cooled chiller with heat recovery,air cooled chiller,other,
air cooled chiller with adiabatic cooling,air cooled chiller,other,
xnergy air cooled chiller,air cooled chiller,other,
xnrgy air cooled chiller,air cooled chiller,other,
air cooled chiller york,air cooled chiller,other,
air cooled chiller yard,air cooled chiller,other,
air cooled screw chiller york,air cooled chiller,other,
york air cooled chiller manual,air cooled chiller,other,
yvaa air cooled chiller,air cooled chiller,other,
york air cooled chiller low discharge superheat,air cooled chiller,other,
zamil air cooled chiller,air cooled chiller,other,
zamil air cooled chiller catalogue,air cooled chiller,compliance,
best air cooled chillers,air cooled chiller,supplier,
dry cooler vs air cooled chiller,air cooled chiller,learn,
why water cooled chiller is more efficient than air cooled chiller,air cooled chiller,learn,
what is air cooled chiller and how it works,air cooled chiller,learn,
what is air cooled chiller system,air cooled chiller,learn,
what is air cooled water chiller,air cooled chiller,learn,
what is air cooled screw chiller,air cooled chiller,learn,
what is air cooled scroll chiller,air cooled chiller,learn,
what is the largest air cooled chiller,air cooled chiller,learn,
what are air cooled chillers used for,air cooled chiller,price,
what does an air cooled chiller do,air cooled chiller,other,
what does an air cooled chiller look like,air cooled chiller,other,
how to air cooled chillers work,air cooled chiller,learn,
how to improve air cooled chiller efficiency,air cooled chiller,learn,
how to reset york air cooled chiller,air cooled chiller,learn,
how to size an air cooled chiller,air cooled chiller,learn,
how long do air cooled chillers last,air cooled chiller,learn,
do air cooled chillers use water,air cooled chiller,other,
how do air cooled chillers work,air cooled chiller,learn,
difference between air cooled and water cooled chiller,air cooled chiller,learn,
how does air cooled chiller work,air cooled chiller,learn,
do air cooled chillers have cooling towers,air cooled chiller,other,
do air cooled chillers need cooling towers,air cooled chiller,other,
air cooled chiller connection details,air cooled chiller,other,
air cooled chiller manufacturers in pune,air cooled chiller,supplier,pune
air cooled chiller price per ton,air cooled chiller,price,
air cooled chiller price list,air cooled chiller,price,
trane air cooled chiller price list,air cooled chiller,price,
air cooled screw chiller price,air cooled chiller,price,
air cooled chiller cost per ton,air cooled chiller,price,
air cooled chiller cost,air cooled chiller,price,
air cooled chiller installation cost,air cooled chiller,price|service,
daikin air cooled chiller cost,air cooled chiller,price,
air cooled chiller supplier,air cooled chiller,supplier,
air cooled chiller companies,air cooled chiller,supplier,
air cooled water chiller manufacturers,air cooled chiller,supplier,
air cooled water chiller manufacturers in india,air cooled chiller,supplier,
air cooled scroll chiller manufacturers,air cooled chiller,supplier,
air cooled chiller working principle animation,air cooled chiller,learn,
air cooled screw chiller working principle,air cooled chiller,learn,
air cooled water chiller working principle,air cooled chiller,learn,
air cooled scroll chiller working principle,air cooled chiller,learn,
air cooled chiller service,air cooled chiller,service,
air cooled chiller preventive maintenance,air cooled chiller,service,
trane air cooled chiller maintenance checklist,air cooled chiller,service,
air cooled chiller preventive maintenance checklist,air cooled chiller,service,
york air cooled chiller maintenance checklist,air cooled chiller,service,
1 ton air cooled chiller,air cooled chiller,spec,
air cooled chiller 3 ton,air cooled chiller,spec,
3 ton air cooled water chiller,air cooled chiller,spec,
air cooled chiller vs water cooled chiller cost,air cooled chiller,price|learn,
air cooled chiller vs liquid cooled chiller,air cooled chiller,learn,
air cooled chiller specification,air cooled chiller,spec,
air cooled chiller specification sheet,air cooled chiller,spec,
air cooled chiller spec section,air cooled chiller,other,
air cooled chiller technical specifications,air cooled chiller,spec,
air cooled chiller capacity calculation,air cooled chiller,spec,
air cooled chiller capacity range,air cooled chiller,spec,
chiller cooling capacity calculation,air cooled chiller,spec,
how to calculate air cooled chiller efficiency,air cooled chiller,learn|spec,
air cooled chiller 2 ton,air cooled chiller,spec,
air cooled chiller 5 ton,air cooled chiller,spec,
5 ton air cooled chiller price,air cooled chiller,price|spec,
5 ton air cooled water chiller,air cooled chiller,spec,
5 ton air cooled process chiller,air cooled chiller,spec,
air cooled chiller 10 ton,air cooled chiller,spec,
10 ton air cooled chiller price,air cooled chiller,price|spec,
carrier 10 ton air cooled chiller,air cooled chiller,spec,
trane 10 ton air cooled chiller,air cooled chiller,spec,
10 ton air cooled water chiller,air cooled chiller,spec,
20 ton air cooled chiller price,air cooled chiller,price|spec,
trane 20 ton air cooled chiller,air cooled chiller,spec,
carrier 20 ton air cooled chiller,air cooled chiller,spec,
20 ton air cooled water chiller,air cooled chiller,spec,
water cooled chiller components,water cooled chiller,learn,
water cooled chiller cycle,water cooled chiller,other,
water cooled chiller compressor types,water cooled chiller,other,
water cooled chiller capacity range,water cooled chiller,spec,
water cooled chiller cop,water cooled chiller,other,
water cooled chiller cop range,water cooled chiller,other,
water cooled chiller approach temperature,water cooled chiller,other,
water cooled chiller approach,water cooled chiller,other,
water cooled chiller and air cooled chiller,water cooled chiller,other,
water cooled chiller and cooling tower,water cooled chiller,other,
water cooled chiller animation,water cooled chiller,other,
water cooled chiller all parts name,water cooled chiller,other,
water cooled chiller brands,water cooled chiller,supplier,
water cooled chiller blue star,water cooled chiller,other,
water cooled chiller boq,water cooled chiller,other,
water cooled chiller bim,water cooled chiller,other,
water cooled chiller basics,water cooled chiller,other,
water cooled chiller book,water cooled chiller,other,
water cooled chiller block,water cooled chiller,other,
water cooled brine chiller,water cooled chiller,other,
water cooled chiller,water cooled chiller,other,
water cooled chiller system,water cooled chiller,other,
water cooled chiller price,water cooled chiller,price,
water cooled chiller plant,water cooled chiller,other,
water cooled chiller daikin,water cooled chiller,other,
water cooled chiller data center,water cooled chiller,other,
water cooled chiller discharge superheat,water cooled chiller,other,
water cooled chiller dwg,water cooled chiller,other,
water cooled chiller dunham bush,water cooled chiller,other,
water cooled chiller definition,water cooled chiller,learn,
water cooled chiller function,water cooled chiller,learn,
water cooled chiller for home,water cooled chiller,other,
water cooled chiller for data center,water cooled chiller,other,
water cooled chiller for sale,water cooled chiller,other,
water cooled chiller flow switch,water cooled chiller,other,
water cooled chiller fan,water cooled chiller,other,
water cooled chiller for hvac,water cooled chiller,other,
water cooled chiller approach formula,water cooled chiller,spec,
water cooled chiller efficiency,water cooled chiller,other,
water cooled chiller evaporator approach,water cooled chiller,other,
water cooled chiller explained,water cooled chiller,other,
water cooled chiller evaporator,water cooled chiller,other,
water cooled chiller economizer,water cooled chiller,other,
water cooled chiller expansion valve,water cooled chiller,other,
water cooled chiller evaporator approach temperature,water cooled chiller,other,
water cooled chiller efficiency calculation,water cooled chiller,spec,
water cooled chiller eer,water cooled chiller,other,
water cooled chiller hsn code,water cooled chiller,compliance,
water cooled chiller hs code,water cooled chiller,other,
water cooled chiller how it works,water cooled chiller,learn,
water cooled chiller heat exchanger,water cooled chiller,other,
water cooled chiller hvac system,water cooled chiller,other,
water cooled chiller heat pump,water cooled chiller,other,
water cooled chiller head pressure control,water cooled chiller,other,
water cooled chiller hookup,water cooled chiller,other,
water cooled chiller hvac,water cooled chiller,other,
water cooled chiller hitachi,water cooled chiller,other,
water cooled chiller gas name,water cooled chiller,other,
water cooled chiller gif,water cooled chiller,other,
water cooled chiller gpm per ton,water cooled chiller,price,
water cooled chiller gas,water cooled chiller,other,
water cooled glycol chiller,water cooled chiller,other,
water cooled chiller using gas,water cooled chiller,other,
water cooled chiller log sheet,water cooled chiller,other,
water cooled chiller lift,water cooled chiller,other,
water cooled chiller life expectancy,water cooled chiller,other,
water cooled chiller loop,water cooled chiller,other,
water cooled chiller layout,water cooled chiller,other,
water cooled chiller lg,water cooled chiller,other,
water cooled lab chiller,water cooled chiller,other,
water cooled chiller kw/ton,water cooled chiller,other,
water cooled chiller kaise kam karta hai,water cooled chiller,other,
water cooled chiller kw per ton,water cooled chiller,price,
water cooled chiller kya hota hai,water cooled chiller,other,
water cooled chiller efficiency kw ton,water cooled chiller,other,
kirloskar water cooled chiller,water cooled chiller,other,
komponen water cooled chiller,water cooled chiller,other,
kitaran water cooled chiller,water cooled chiller,other,
kelebihan water cooled chiller,water cooled chiller,other,
kitaran asas water cooled chiller,water cooled chiller,other,
water cooled chiller johnson controls,water cooled chiller,other,
jetson water cooled chiller,water cooled chiller,other,
jci water cooled chiller,water cooled chiller,other,
how does a water cooled chiller work,water cooled chiller,learn,
what is the difference between water cooled chiller and air cooled chiller,water cooled chiller,learn,
water cooled chiller process,water cooled chiller,other,
water cooled chiller manufacturers in india,water cooled chiller,supplier,
water cooled chiller maximum capacity,water cooled chiller,spec,
water cooled chiller maintenance,water cooled chiller,service,
water cooled chiller manufacturers,water cooled chiller,supplier,
water cooled chiller mitsubishi,water cooled chiller,other,
water cooled chiller machine,water cooled chiller,other,
water cooled chiller images,water cooled chiller,other,
water cooled chiller ikw,water cooled chiller,other,
water cooled chiller ikw tr,water cooled chiller,other,
water cooled chiller inlet and outlet temperature,water cooled chiller,other,
water cooled chiller icon,water cooled chiller,other,
water cooled chiller installation,water cooled chiller,service,
water cooled chiller industrial,water cooled chiller,other,
water cooled chiller indoor unit,water cooled chiller,other,
water cooled chiller india,water cooled chiller,other,
water cooled chiller parameters,water cooled chiller,other,
water cooled chiller parts,water cooled chiller,other,
water cooled chiller photo,water cooled chiller,other,
water cooled chiller preventive maintenance checklist,water cooled chiller,service,
water cooled chiller pipe connection,water cooled chiller,other,
water cooled chiller operation,water cooled chiller,other,
water cooled chiller on roof,water cooled chiller,other,
water cooled chiller outdoor,water cooled chiller,other,
water cooled chiller oil separator,water cooled chiller,other,
water cooled chiller oil pressure,water cooled chiller,other,
water cooled chiller sequence of operation,water cooled chiller,other,
water cooled chiller standard operating procedure,water cooled chiller,other,
water cooled chiller noise level,water cooled chiller,other,
water cooled chiller parts name,water cooled chiller,other,
water cooled chiller chemical name,water cooled chiller,other,
york water cooled chiller model numbers,water cooled chiller,spec,
new water cooled chiller,water cooled chiller,other,
does a water cooled chiller need a cooling tower,water cooled chiller,other,
when a water cooled chiller is operating normally,water cooled chiller,other,
water cooled chiller refrigeration cycle,water cooled chiller,other,
water cooled chiller refrigerant,water cooled chiller,other,
water cooled chiller rental,water cooled chiller,other,
water cooled chiller reading,water cooled chiller,other,
water cooled chiller room,water cooled chiller,other,
water cooled chiller range,water cooled chiller,other,
water cooled chiller repair,water cooled chiller,service,
water cooled recirculating chiller,water cooled chiller,other,
water cooled chiller safety device,water cooled chiller,other,
water cooled chiller system working principle,water cooled chiller,learn,
water cooled chiller starting procedure,water cooled chiller,other,
water cooled chiller sld,water cooled chiller,other,
water cooled chiller schematic,water cooled chiller,other,
water cooled chiller types,water cooled chiller,other,
water cooled chiller trane,water cooled chiller,other,
water cooled chiller temperature range,water cooled chiller,other,
water cooled chiller troubleshooting,water cooled chiller,service,
water cooled chiller tower,water cooled chiller,other,
water cooled chiller tr,water cooled chiller,other,
water cooled chiller tubes,water cooled chiller,other,
water cooled chiller tonnage,water cooled chiller,other,
water cooled chiller working,water cooled chiller,learn,
water cooled chiller with cooling tower,water cooled chiller,other,
water cooled chiller with dry cooler,water cooled chiller,other,
water cooled chiller without cooling tower,water cooled chiller,other,
water cooled chiller vs air cooled chiller,water cooled chiller,learn,
water cooled chiller vs air cooled chiller efficiency,water cooled chiller,learn,
water cooled chiller voltas,water cooled chiller,other,
water cooled chiller vertiv,water cooled chiller,other,
water cooled chiller vs cooling tower,water cooled chiller,learn,
water cooled screw chiller voltas,water cooled chiller,other,
water cooled chiller top view,water cooled chiller,supplier,
water cooled chiller unit,water cooled chiller,other,
water cooled chiller used,water cooled chiller,price,
does water cooled chiller use refrigerant,water cooled chiller,other,
sea water cooled chiller unit,water cooled chiller,other,
do water cooled chillers use refrigerant,water cooled chiller,other,
uniflair water cooled chiller,water cooled chiller,other,
water cooled chiller york,water cooled chiller,other,
water cooled centrifugal chiller york,water cooled chiller,other,
york water cooled chiller price,water cooled chiller,price,
york water cooled chiller manual,water cooled chiller,other,
best water cooled chiller,water cooled chiller,supplier,
how to work water cooled chiller,water cooled chiller,learn,
how to calculate water cooled chiller efficiency,water cooled chiller,learn|spec,
how to start water cooled chiller,water cooled chiller,learn,
how to operate water cooled chiller,water cooled chiller,price|learn,
how water cooled chiller system works,water cooled chiller,learn,
how air and water cooled chillers work,water cooled chiller,learn,
how long do water cooled chillers last,water cooled chiller,learn,
what is water cooled screw chiller,water cooled chiller,learn,
what does a water cooled chiller do,water cooled chiller,other,
how does a water cooled chiller system work,water cooled chiller,learn,
top 10 water cooled chiller manufacturers in india,water cooled chiller,supplier,
how does water cooled chiller work,water cooled chiller,learn,
how do water cooled chillers work,water cooled chiller,learn,
water cooled chiller price in india,water cooled chiller,price,
water cooled chiller price per ton,water cooled chiller,price,
carrier water cooled chiller price,water cooled chiller,price,
daikin water cooled chiller price,water cooled chiller,price,
trane water cooled chiller price,water cooled chiller,price,
water cooled chiller machine price,water cooled chiller,price,
water cooled screw chiller price,water cooled chiller,price,
water cooled chiller cost per ton,water cooled chiller,price,
water cooled chiller cost,water cooled chiller,price,
300 ton water cooled chiller cost,water cooled chiller,price|spec,
water cooled chiller working principle in hindi,water cooled chiller,learn,
water cooled screw chiller working principle,water cooled chiller,learn,
water cooled centrifugal chiller working principle,water cooled chiller,learn,
water cooled chiller principle,water cooled chiller,learn,
water cooled chiller supplier,water cooled chiller,supplier,
water cooled scroll chiller manufacturers,water cooled chiller,supplier,
water cooled chiller service,water cooled chiller,service,
water cooled chiller maintenance checklist,water cooled chiller,service,
water cooled chiller tonnage calculator,water cooled chiller,spec,
water cooled chiller vs air cooled chiller cop,water cooled chiller,learn,
vsd water cooled chiller,water cooled chiller,other,
water cooled and air cooled chiller difference,water cooled chiller,learn,
1 ton water cooled chiller,water cooled chiller,spec,
3 ton water cooled chiller,water cooled chiller,spec,
2 ton water cooled chiller,water cooled chiller,spec,
chiller machine water,chiller machine,other,
chiller machine hsn code,chiller machine,compliance,
chiller machine repair near me,chiller machine,service,
chiller machine for milk,chiller machine,application,
chiller machine for ro plant,chiller machine,other,
chiller machine for home,chiller machine,other,
chiller machine working,chiller machine,learn,
chiller machine kya hai,chiller machine,other,
20 ton water cooled chiller,water cooled chiller,spec,
chiller machine ac,chiller machine,other,
chiller machine area,chiller machine,other,
chiller machine amaro del capo,chiller machine,other,
fireball chiller machine amazon,chiller machine,other,
laser machine chiller alarm,chiller machine,other,
chiller machine kitne ki aati hai,chiller machine,other,
is chiller a machine,chiller machine,other,
air chiller machine,chiller machine,other,
chiller machine blue star,chiller machine,other,
chiller machine brand,chiller machine,supplier,
chiller brushing machine,chiller machine,other,
chiller bakery machine,chiller machine,other,
water chiller machine blue star,chiller machine,other,
chiller tube brushing machine,chiller machine,other,
fog machine chiller box,chiller machine,other,
chiller machine compressor,chiller machine,other,
chiller machine capacity,chiller machine,spec,
chiller machine company,chiller machine,supplier,
chiller machine cost,chiller machine,price,
chiller machine china,chiller machine,other,
chiller machine commercial,chiller machine,other,
chiller machine company name,chiller machine,supplier,
chiller machine condenser,chiller machine,other,
chiller machine controller,chiller machine,other,
chiller machine display,chiller machine,other,
chiller machine definition,chiller machine,learn,
chiller machine daikin,chiller machine,other,
chiller machine depreciation rate,chiller machine,price,
chiller machine design,chiller machine,other,
chiller machine details,chiller machine,other,
chiller descaling machine,chiller machine,other,
chiller for extrusion machine,chiller machine,other,
chiller for edm machine,chiller machine,other,
electric chiller machine,chiller machine,other,
chiller how does it work,chiller machine,learn,
chiller theory of operation,chiller machine,other,
chiller machine for cold storage,chiller machine,other,
chiller machine for room,chiller machine,other,
chiller machine for hotel,chiller machine,other,
chiller machine for restaurant,chiller machine,other,
chiller machine for ice bath,chiller machine,other,
chiller machine for saffron farming,chiller machine,other,
chiller machine hs code,chiller machine,other,
chiller machine hvac system,chiller machine,other,
chiller heat machine,chiller machine,other,
water chiller machine hsn code,chiller machine,compliance,
water chiller machine hs code,chiller machine,other,
chiller machine in hindi,chiller machine,other,
chiller machine gas,chiller machine,other,
chilling machine gym,chiller machine,other,
chilling glass machine,chiller machine,other,
glass chiller machine,chiller machine,other,
garlic chiller machine,chiller machine,other,
grain chiller machine,chiller machine,other,
glycol chiller machine,chiller machine,other,
glass chiller machine price,chiller machine,price,
chiller machine image,chiller machine,other,
chiller machine industrial,chiller machine,other,
chiller machine installation,chiller machine,service,
chiller machine icon,chiller machine,other,
chiller ice machine,chiller machine,other,
chiller in machine,chiller machine,other,
chiller injection machine,chiller machine,other,
chiller machine price in india,chiller machine,price,
chiller machine ka unit kya hai,chiller machine,other,
chiller machine ka unit,chiller machine,other,
chiller machine unit kya hota hai,chiller machine,other,
knee chiller machine,chiller machine,other,
kulfi chiller machine,chiller machine,other,
kyk chiller machine,chiller machine,other,
chiller juice machine,chiller machine,other,
jagermeister chiller machine,chiller machine,other,
juice chiller machine price,chiller machine,price,
chiller machine manufacturers,chiller machine,supplier,
chiller machine meaning,chiller machine,learn,
chiller machine milk,chiller machine,other,
chiller machine manufacturers in india,chiller machine,supplier,
chiller machine maintenance,chiller machine,service,
chiller machine mechanic,chiller machine,other,
chiller machine manual,chiller machine,other,
chiller machine motor,chiller machine,other,
chiller machine motor price,chiller machine,price,
chiller machine for laboratory,chiller machine,other,
water chiller laser machine,chiller machine,other,
liquor chiller machine,chiller machine,other,
water chiller machine 20 litre,chiller machine,spec,
lahsun chiller machine,chiller machine,other,
chiller machine near me,chiller machine,service,
chiller machine nearby,chiller machine,other,
chiller machine name,chiller machine,other,
chiller machine not working,chiller machine,learn,
water chiller machine near me,chiller machine,service,
chiller machine parts name,chiller machine,other,
water chiller machine nearby,chiller machine,other,
water chiller machine repair near me,chiller machine,service,
chiller machine parts,chiller machine,other,
chiller machine photo,chiller machine,other,
chiller machine problem,chiller machine,other,
chiller machine purpose,chiller machine,other,
chiller machine operator,chiller machine,other,
juice cooler chiller machine olx,chiller machine,other,
chiller for offset machine,chiller machine,other,
water chiller machine for office,chiller machine,other,
oil chiller machine,chiller machine,other,
online chiller machine,chiller machine,other,
chiller machine repair,chiller machine,service,
chiller machine room,chiller machine,other,
chiller machine rajkot,chiller machine,other,rajkot
chiller machine relay,chiller machine,other,
chiller machine rate,chiller machine,price,
chiller recovery machine,chiller machine,other,
chiller rodding machine,chiller machine,other,
chiller refrigeration machine,chiller machine,other,
chiller machine service,chiller machine,service,
chiller machine small,chiller machine,other,
chiller machine size,chiller machine,other,
chiller machine spare parts,chiller machine,service,
chiller machine sensor,chiller machine,other,
chiller machine supplier,chiller machine,supplier,
chiller machine safety,chiller machine,other,
chiller machine specifications,chiller machine,spec,
chiller swabbing machine,chiller machine,other,
chilling service machine,chiller machine,service,
chiller machine temperature,chiller machine,other,
chiller machine technician,chiller machine,other,
chiller machine types,chiller machine,other,
chiller tube machine,chiller machine,other,
chiller machine 2 ton price,chiller machine,price|spec,
chiller machine 2 ton,chiller machine,spec,
chiller machine 5 ton,chiller machine,spec,
chiller machine uses,chiller machine,other,
chiller machine unit,chiller machine,other,
water chiller machine use,chiller machine,other,
cnc machine chiller unit,chiller machine,other,
chiller machine vision,chiller machine,other,
chiller vending machine,chiller machine,other,
chilling vat machine,chiller machine,other,
water chiller machine voltas,chiller machine,other,
chiller machine for vegetables,chiller machine,other,
chiller for vmc machine,chiller machine,other,
voltas chiller machine,chiller machine,other,
vacuum chiller machine,chiller machine,other,
vam chiller machine,chiller machine,other,
chiller machine working principle,chiller machine,learn,
chiller machine working in hindi,chiller machine,learn,
chiller machine weight,chiller machine,other,
chiller machine water pump,chiller machine,other,
chiller machine wattage,chiller machine,other,
chiller machine wiring,chiller machine,other,
york chiller machine,chiller machine,other,
best water chiller machine,chiller machine,supplier,
how to work chiller machine,chiller machine,learn,
how to clean 7 brew chiller machine,chiller machine,learn,
how to make fog machine chiller,chiller machine,learn,
how to clean personal chiller ice machine,chiller machine,learn,
how to use personal chiller ice machine,chiller machine,learn,
how to chillers work,chiller machine,learn,
how to make a chiller,chiller machine,learn,
what is chilling machine,chiller machine,learn,
what is a fog machine chiller,chiller machine,learn,
what is the unit of chiller machine,chiller machine,learn,
what is the use of chiller machine,chiller machine,learn,
can chilling machine,chiller machine,other,
how to operate chiller,chiller machine,price|learn,
beverage chiller machine,chiller machine,other,
printing machine chiller manufacturers in pune,chiller machine,supplier,pune
chiller manufacturer in ahmedabad,chiller machine,supplier,ahmedabad
chiller tube cleaning machine price,chiller machine,price,
chilling machine price,chiller machine,price,
chiller machine for sale,chiller machine,other,
milk chilling machine cost,chiller machine,price,
water chiller machine working principle,chiller machine,learn,
how does a chiller work for dummies,chiller machine,learn,
commercial chiller manufacturers,chiller machine,supplier,
water chiller machine manufacturers,chiller machine,supplier,
industrial chiller machine manufacturers,chiller machine,supplier,
water chiller machine service,chiller machine,service,
water chiller machine repair,chiller machine,service,
laser machine chiller repair,chiller machine,service,
chiller replacement cost,chiller machine,price,
chiller machine 1 ton price,chiller machine,price|spec,
chiller machine 1 ton,chiller machine,spec,
1000 ton chiller cost,chiller machine,price|spec,
water chiller machine 2 ton price,chiller machine,price|spec,
water chiller machine 3 ton price,chiller machine,price|spec,
3 ton chiller machine price,chiller machine,price|spec,
mini chiller,mini chiller,other,
mini chiller price,mini chiller,price,
mini chiller box,mini chiller,other,
mini chiller plant,mini chiller,other,
mini chiller machine,mini chiller,other,
mini chiller system,mini chiller,other,
mini chiller compressor,mini chiller,other,
mini chiller air conditioning,mini chiller,other,
mini chiller cooler,mini chiller,other,
mini chiller bag,mini chiller,other,
mini chiller bar,mini chiller,other,
mini chiller berapa watt,mini chiller,other,
mini blast chiller,mini chiller,other,
mini chiller display,mini chiller,other,
mini chiller daikin,mini chiller,other,
mini chiller diy,mini chiller,other,
mini chiller dimensions,mini chiller,other,
mini drink chiller,mini chiller,other,
mini display chiller for sale,mini chiller,other,
mini dc chiller,mini chiller,other,
mini chiller fish bag,mini chiller,other,
mini chiller freezer,mini chiller,other,
mini chiller for home,mini chiller,other,
mini chiller for ice bath,mini chiller,other,
mini chiller for cake,mini chiller,other,
mini chiller evaporator,mini chiller,other,
mini electric chiller,mini chiller,other,
mini chiller gea,mini chiller,other,
mini chiller glass door,mini chiller,other,
mini chiller gree,mini chiller,other,
mini chiller glass,mini chiller,other,
mini glycol chiller,mini chiller,other,
mini chiller hisense,mini chiller,other,
huber minichiller,mini chiller,other,
mini chiller hvac,mini chiller,other,
mini chiller haier,mini chiller,other,
mini chiller heat pump,mini chiller,other,
mini chiller hotel,mini chiller,other,
chiller mini hailea hb 60a,mini chiller,other,
mini keg chiller,mini chiller,other,
mini chiller lg,mini chiller,other,
mini chiller laboratory,mini chiller,other,
mini chiller lumi,mini chiller,other,
mini liquid chiller,mini chiller,other,
mini chiller midea,mini chiller,other,
mini chiller nz,mini chiller,other,
mini chiller near me,mini chiller,service,
mini chiller olx,mini chiller,other,
mini chiller outdoor,mini chiller,other,
mini oil chiller,mini chiller,other,
mini chiller second hand,mini chiller,price,
mini chiller size,mini chiller,other,
mini chiller showcase,mini chiller,other,
mini split chiller,mini chiller,other,
mini chiller rittal,mini chiller,other,
mini chiller ref,mini chiller,other,
mini recirculating chiller,mini chiller,other,
mini remote chiller,mini chiller,other,
mini reef chiller,mini chiller,other,
mini chiller portable,mini chiller,other,
mini pool chiller,mini chiller,other,
quantor mini chiller,mini chiller,other,
mini chiller unit,mini chiller,other,
mini upright chiller,mini chiller,other,
mini ultra chiller,mini chiller,other,
mini ultra chiller lumi,mini chiller,other,
mini undercounter chiller,mini chiller,other,
mini chiller trinidad,mini chiller,other,
mini tank chiller,mini chiller,other,
mini transparent chiller,mini chiller,service,
mini chiller van,mini chiller,other,
mini vegetable chiller,mini chiller,other,
small chiller van,mini chiller,other,
small chiller van for sale,mini chiller,other,
mini chiller water,mini chiller,other,
mini chiller with glass door,mini chiller,other,
mini chiller water cooled,mini chiller,other,
mini water chiller price,mini chiller,price,
mini water chiller machine,mini chiller,other,
mini water chiller 12v,mini chiller,other,
mini water chiller system,mini chiller,other,
mini chiller york,mini chiller,other,
best mini chiller,mini chiller,supplier,
what is mini chiller,mini chiller,learn,
mini zimmer chiller,mini chiller,other,
what is the purpose of a chiller,mini chiller,learn,
counter top mini chiller,mini chiller,supplier,
table top mini chiller,mini chiller,supplier,
small can chiller,mini chiller,other,
small chiller near me,mini chiller,service,
mini chiller cost,mini chiller,price,
small chiller cost,mini chiller,price,
how does a milk chiller work,mini chiller,learn,
small chiller manufacturers,mini chiller,supplier,
mini chiller supplier,mini chiller,supplier,
major chiller manufacturers,mini chiller,supplier,
small chiller repair near me,mini chiller,service,
mini chiller 1 ton,mini chiller,spec,
mini chiller 5 toneladas,mini chiller,spec,
mini chiller 3 toneladas,mini chiller,spec,
what are the three basic types of chillers,mini chiller,learn,
mini chiller 10 toneladas,mini chiller,spec,
chiller manufacturer ahmedabad,chiller manufacturers,supplier,ahmedabad
chiller manufacturers in aurangabad,chiller manufacturers,supplier,
absorption chiller manufacturers,chiller manufacturers,supplier,
ammonia chiller manufacturers,chiller manufacturers,supplier,
adsorption chiller manufacturers,chiller manufacturers,supplier,
chiller manufacturers in west bengal,chiller manufacturers,supplier,
brine chiller manufacturers in india,chiller manufacturers,supplier,
best chiller manufacturers,chiller manufacturers,supplier,
brine chiller manufacturers,chiller manufacturers,supplier,
blast chiller manufacturers,chiller manufacturers,supplier,
chiller manufacturers china,chiller manufacturers,supplier,
chiller manufacturing company,chiller manufacturers,supplier,
chiller manufacturing company in india,chiller manufacturers,supplier,
chiller manufacturing company name,chiller manufacturers,supplier,
chiller compressor manufacturers,chiller manufacturers,supplier,
chiller manufacturers in chandigarh,chiller manufacturers,supplier,
chiller manufacturers in delhi,chiller manufacturers,supplier,delhi
carrier chiller manufacture date,chiller manufacturers,supplier,
trane chiller manufacture date,chiller manufacturers,supplier,
york chiller manufacture date,chiller manufacturers,supplier,
door chiller manufacturers,chiller manufacturers,supplier,
chiller manufacturers in europe,chiller manufacturers,supplier,
european chiller manufacturers,chiller manufacturers,supplier,
chiller manufacturers in faridabad,chiller manufacturers,supplier,faridabad
chiller manufacturers in gujarat,chiller manufacturers,supplier,gujarat
chiller manufacturers in ghaziabad,chiller manufacturers,supplier,
chiller manufacturers in gurgaon,chiller manufacturers,supplier,gurgaon
chiller manufacturers in goa,chiller manufacturers,supplier,
chiller manufacturers in germany,chiller manufacturers,supplier,
glycol chiller manufacturers,chiller manufacturers,supplier,
glycol chiller manufacturers in india,chiller manufacturers,supplier,
global chiller manufacturers,chiller manufacturers,supplier,
chiller freezer supplier,chiller manufacturers,supplier,
french chiller manufacturers,chiller manufacturers,supplier,
chiller supplier johor,chiller manufacturers,supplier,
chiller manufacturers in jaipur,chiller manufacturers,supplier,jaipur
japanese chiller manufacturers,chiller manufacturers,supplier,
chiller manufacturers list,chiller manufacturers,supplier,
chiller manufacturers in hosur,chiller manufacturers,supplier,
chiller hvac companies,chiller manufacturers,supplier,
hvac chiller manufacturers,chiller manufacturers,supplier,
hvac chiller manufacturers in india,chiller manufacturers,supplier,
chiller supplier kuching,chiller manufacturers,supplier,
chiller supplier kota kinabalu,chiller manufacturers,supplier,
chiller manufacturers in kolkata,chiller manufacturers,supplier,kolkata
chiller manufacturers in karnataka,chiller manufacturers,supplier,karnataka
chiller manufacturers in kanpur,chiller manufacturers,supplier,
chiller manufacturers in kerala,chiller manufacturers,supplier,kerala
chiller manufacturers in kolhapur,chiller manufacturers,supplier,
chiller manufacturers in ludhiana,chiller manufacturers,supplier,ludhiana
chiller manufacturer in lahore,chiller manufacturers,supplier,
trane chiller manufacturing locations,chiller manufacturers,supplier,
largest chiller manufacturers,chiller manufacturers,supplier,
laboratory chiller manufacturers in india,chiller manufacturers,supplier,
large chiller manufacturers,chiller manufacturers,supplier,
laboratory chiller manufacturers in pune,chiller manufacturers,supplier,pune
laboratory chiller manufacturers,chiller manufacturers,supplier,
laser chiller manufacturers in pune,chiller manufacturers,supplier,pune
chiller manufacturers in maharashtra,chiller manufacturers,supplier,maharashtra
chiller manufacturers in michigan,chiller manufacturers,supplier,
chiller companies near me,chiller manufacturers,supplier|service,
oil chiller manufacturers,chiller manufacturers,supplier,
oil chiller manufacturers in pune,chiller manufacturers,supplier,pune
open chiller manufacturers,chiller manufacturers,supplier,
oil chiller manufacturers in india,chiller manufacturers,supplier,
oil chiller manufacturers in chennai,chiller manufacturers,supplier,chennai
oil chiller manufacturers in ahmedabad,chiller manufacturers,supplier,ahmedabad
oil chiller manufacturers in maharashtra,chiller manufacturers,supplier,maharashtra
oil chiller manufacturers near me,chiller manufacturers,supplier|service,
chiller room manufacturer,chiller manufacturers,supplier,
chiller manufacturers in rajkot,chiller manufacturers,supplier,rajkot
chiller manufacturers in rajasthan,chiller manufacturers,supplier,
chiller rental companies,chiller manufacturers,supplier,
chiller repair companies,chiller manufacturers,supplier|service,
chiller room supplier,chiller manufacturers,supplier,
chiller system manufacturers,chiller manufacturers,supplier,
chiller manufacturers in surat,chiller manufacturers,supplier,surat
chiller manufacturers in sharjah,chiller manufacturers,supplier,
chiller manufacturers in south india,chiller manufacturers,supplier,
chiller service companies,chiller manufacturers,supplier|service,
chiller service companies near me,chiller manufacturers,supplier|service,
canadian chiller manufacturers,chiller manufacturers,supplier,
chiller manufacturing process,chiller manufacturers,supplier,
chiller manufacturing plant,chiller manufacturers,supplier,
chiller maker price,chiller manufacturers,supplier|price,
chiller supplier penang,chiller manufacturers,supplier,
chiller plant manufacturer in india,chiller manufacturers,supplier,
chiller plant manufacturer near me,chiller manufacturers,supplier|service,
chiller unit manufacturers in india,chiller manufacturers,supplier,
chiller unit manufacturers,chiller manufacturers,supplier,
chiller unit supplier,chiller manufacturers,supplier,
chiller tank manufacturer,chiller manufacturers,supplier,
chiller manufacturers in tamilnadu,chiller manufacturers,supplier,tamilnadu
chiller manufacturers in thane,chiller manufacturers,supplier,
chiller manufacturers in turkey,chiller manufacturers,supplier,
top chiller manufacturers,chiller manufacturers,supplier,
turbocor chiller manufacturers,chiller manufacturers,supplier,
chiller manufacturers in vadodara,chiller manufacturers,supplier,vadodara
chiller manufacturers in vapi,chiller manufacturers,supplier,
chiller manufacturers in vasai,chiller manufacturers,supplier,
chiller manufacturers in vatva,chiller manufacturers,supplier,
top 5 chiller manufacturers,chiller manufacturers,supplier,
top chiller manufacturers in china,chiller manufacturers,supplier,
best chiller companies,chiller manufacturers,supplier,
best chiller supplier,chiller manufacturers,supplier,
top chiller companies in india,chiller manufacturers,supplier,
top 10 chiller manufacturers in india,chiller manufacturers,supplier,
milk chiller manufacturers in pune,chiller manufacturers,supplier,pune
chiller controller price,chiller manufacturers,price,
chiller maintenance companies,chiller manufacturers,supplier|service,
chiller price condura,chiller price,price,
chiller compressor price,chiller price,price,
chiller condenser price,chiller price,price,
chiller carton price,chiller price,price,
chiller coin price,chiller price,price,
chiller counter price,chiller price,price,
chiller cake price,chiller price,price,
chiller carrier price,chiller price,price,
chiller price ac,chiller price,price,
chiller price bd,chiller price,price,
chiller bee price per ounce,chiller price,price,
chiller bee price,chiller price,price,
chiller bag price,chiller price,price,
chiller berjaya price,chiller price,price,
chillers punch price boxer liquor,chiller price,price,
chiller display price,chiller price,price,
chiller daikin price,chiller price,price,
chiller door price,chiller price,price,
chillers drink price,chiller price,price,
coffee chiller price dunkin,chiller price,price,
chiller depreciation rate,chiller price,price,
chiller evaporator price,chiller price,price,
chiller easton prices,chiller price,price,
chillers punch price each,chiller price,price,
chiller heat exchanger price,chiller price,price,
eurotek chiller price,chiller price,price,
everest chiller price,chiller price,price,
eureka chiller price,chiller price,price,
chiller for rotary evaporator price,chiller price,price,
elanpro chiller price,chiller price,price,
chiller price fujidenzo,chiller price,price,
chiller price for room,chiller price,price,
chiller price for home,chiller price,price,
chiller fan price,chiller price,price,
chiller gas price,chiller price,price,
chiller glycol price,chiller price,price,
chiller gasket price,chiller price,price,
chiller gst rate,chiller price,price|compliance,
thrill chiller glass price,chiller price,price,
water chiller gas price,chiller price,price,
chiller price haier,chiller price,price,
chiller hookah price,chiller price,price,
chiller hvac price,chiller price,price,
chillers hotel price list,chiller price,price,
chiller hire prices,chiller price,price,
chillers hotel price,chiller price,price,
chiller price jumia,chiller price,price,
chiller price jiji,chiller price,price,
chiller jacket price,chiller price,price,
chiller jacket price in india,chiller price,price,
chillers jos price list,chiller price,price,
chillers jos prices,chiller price,price,
youth chiller jacket price,chiller price,price,
men's chiller jacket price,chiller price,price,
sewa chiller jakarta price,chiller price,price,
julabo chiller price,chiller price,price,
chiller low price,chiller price,price,
chiller lowest price,chiller price,price,
chiller lg price,chiller price,price,
chillers lager price,chiller price,price,
chillers lager price pick n pay,chiller price,price,
fujidenzo chiller price list,chiller price,price,
trane chiller price list,chiller price,price,
carrier chiller price list,chiller price,price,
chiller price ksa,chiller price,price,
chiller price karachi,chiller price,price,
chiller knife price,chiller price,price,
chiller ka price,chiller price,price,
chiller price in kerala,chiller price,price,kerala
chiller motor price,chiller price,price,
chiller midea price,chiller price,price,
chiller motherboard price,chiller price,price,
chiller price on jiji,chiller price,price,
chiller price olx,chiller price,price,
chiller price on jumia,chiller price,price,
chiller oil price,chiller price,price,
chillers punch price one can,chiller price,price,
chillers punch price overland,chiller price,price,
chillers punch price for one,chiller price,price,
chiller compressor oil price,chiller price,price,
chiller plant price,chiller price,price,
chiller punch price,chiller price,price,
chiller plant price in india,chiller price,price,
chiller phe price,chiller price,price,
chiller panel price nz,chiller price,price,
chiller pump price,chiller price,price,
chiller price recipe,chiller price,price,
chiller ref price,chiller price,price,
chiller relay price,chiller price,price,
chiller rental price,chiller price,price,
chiller price small,chiller price,price,
chiller sensor price,chiller price,price,
chiller system price,chiller price,price,
chiller speaker price,chiller price,price,
chiller share price,chiller price,price,
chiller service price,chiller price,price|service,
chiller showcase price,chiller price,price,
chiller price tag,chiller price,price,
chiller price today,chiller price,price,
chiller tank price,chiller price,price,
chiller thermostat price,chiller price,price,
chiller truck price,chiller price,price,
chiller temperature price,chiller price,price,
chiller tray price,chiller price,price,
chiller trane price,chiller price,price,
chiller transducer price,chiller price,price,
chiller van price,chiller price,price,
chiller van price in india,chiller price,price,
chiller vegetable price,chiller price,price,
chiller expansion valve price,chiller price,price,
chiller unit price in india,chiller price,price,
chillers punch price ultra liquor,chiller price,price,
small chiller unit price,chiller price,price,
chiller water price,chiller price,price,
western chiller price,chiller price,price,
xtreme chiller price,chiller price,price,
chiller york price,chiller price,price,
york chiller price list,chiller price,price,
chiller bee frozen yogurt price,chiller price,price,
york chiller price in india,chiller price,price,
zimmer chiller price,chiller price,price,
what is price of chiller,chiller price,price|learn,
how much chiller price,chiller price,price|learn,
table top chiller price,chiller price,supplier|price,
counter top chiller price,chiller price,supplier|price,
berjaya table top chiller price,chiller price,supplier|price,
3 door chiller price,chiller price,price,
chillers punch price near me,chiller price,price|service,
chiller repair cost,chiller price,price|service,
1 ton chiller price in india,chiller price,price|spec,
air chiller 2 ton price,chiller price,price|spec,
2 ton chiller price single phase,chiller price,price|spec,
10 ton chiller price in india,chiller price,price|spec,
150 ton chiller price,chiller price,price|spec,
3 ton chiller price in india,chiller price,price|spec,
air chiller 3 ton price,chiller price,price|spec,
chiller plant 5 ton price,chiller price,price|spec,
5 ton chiller price in india,chiller price,price|spec,
ro chiller 5 ton price,chiller price,price|spec,
chiller plant meaning,chiller plant,learn,
chiller plant and cooling tower,chiller plant,other,
chiller plant temperature,chiller plant,other,
chiller plant room,chiller plant,other,
chiller plant building,chiller plant,other,
chiller plant basics,chiller plant,other,
chiller plant basic knowledge,chiller plant,other,
chiller plant bms graphics,chiller plant,other,
chiller plant bms,chiller plant,other,
chiller plant blue star,chiller plant,other,
chiller plant book,chiller plant,other,
chiller plant boq,chiller plant,other,
chiller plant bypass valve control,chiller plant,other,
chiller plant compressor,chiller plant,other,
chiller plant capacity,chiller plant,spec,
chiller plant cycle,chiller plant,other,
chiller plant cooling tower,chiller plant,other,
chiller plant cost per ton,chiller plant,price,
chiller plant components,chiller plant,learn,
chiller plant condenser approach,chiller plant,other,
chiller plant condenser,chiller plant,other,
chiller plant control panel,chiller plant,other,
chiller plant ac,chiller plant,other,
chiller plant air cooled,chiller plant,other,
chiller plant approach,chiller plant,other,
chiller plant animation,chiller plant,other,
chiller plant adalah,chiller plant,other,
chiller plant area,chiller plant,other,
chiller plant ac price,chiller plant,price,
chiller plant automation,chiller plant,other,
chiller plant data center,chiller plant,other,
chiller plant delta t,chiller plant,other,
chiller plant details,chiller plant,other,
chiller plant daikin,chiller plant,other,
chiller plant dimensions,chiller plant,other,
chiller plant efficiency formula,chiller plant,spec,
chiller plant equipment,chiller plant,other,
chiller plant evaporator,chiller plant,other,
chiller plant efficiency,chiller plant,other,
chiller plant explained,chiller plant,other,
chiller plant efficiency kw rt,chiller plant,other,
chiller plant expansion tank,chiller plant,other,
chiller plant expansion valve,chiller plant,other,
chiller plant efficiency chart,chiller plant,other,
chiller plant for home,chiller plant,other,
chiller plant for home price,chiller plant,price,
chiller plant for batching plant,chiller plant,other,
chiller plant function,chiller plant,learn,
chiller plant flow chart,chiller plant,other,
chiller plant for air conditioning system,chiller plant,other,
chiller plant for concrete batching plant,chiller plant,other,
chiller plant for injection molding machine,chiller plant,application,
chiller plant full form,chiller plant,other,
chiller plant hsn code,chiller plant,compliance,
chiller plant hvac,chiller plant,other,
chiller plant hvac system,chiller plant,other,
chiller plant hsn code and gst rate,chiller plant,price|compliance,
chiller plant heat exchanger,chiller plant,other,
chiller plant hindi,chiller plant,other,
chiller plant header,chiller plant,other,
chiller plant hospital,chiller plant,other,
chiller plant height,chiller plant,other,
chiller plant hs code,chiller plant,other,
chiller plant gas name,chiller plant,other,
chiller plant gas,chiller plant,other,
chiller plant graphics,chiller plant,other,
chiller plant gas pressure,chiller plant,other,
chiller plant gas charging,chiller plant,other,
chilling plant gas,chiller plant,other,
chiller plant use gas,chiller plant,other,
chiller plant design guide,chiller plant,other,
chiller plant 3d graphics,chiller plant,other,
chiller plant in hvac,chiller plant,other,
chiller plant images,chiller plant,other,
chiller plant in hindi,chiller plant,other,
chiller plant interview questions,chiller plant,other,
chiller plant interview questions and answers,chiller plant,other,
chiller plant in hospital,chiller plant,other,
chiller plant installation,chiller plant,service,
chiller plant icon,chiller plant,other,
chiller plant in data center,chiller plant,other,
chiller plant in building,chiller plant,other,
chiller plant management system,chiller plant,other,
chiller plant manufacturer,chiller plant,supplier,
chiller plant milk,chiller plant,other,
chiller plant manager (cpm),chiller plant,other,
chiller plant maintenance checklist,chiller plant,service,
chiller plant manager sequence of operation,chiller plant,other,
chiller plant maintenance,chiller plant,service,
chiller plant kya hota hai,chiller plant,other,
chiller plant kaise kam karta hai,chiller plant,other,
chiller plant ki safety,chiller plant,other,
chiller plant ki safety kya hai,chiller plant,other,
chiller plant kw ton,chiller plant,other,
chiller plant kise kahate hain,chiller plant,other,
chiller plant ke bare mein jankari,chiller plant,other,
chiller plant kaisa hota hai,chiller plant,other,
chiller plant ka matlab,chiller plant,other,
chiller plant layout,chiller plant,other,
chiller plant log book,chiller plant,other,
chiller plant load calculation formula,chiller plant,spec,
chiller plant log sheet,chiller plant,other,
chiller plant logo,chiller plant,other,
chiller plant location,chiller plant,other,
chilling plant load calculation,chiller plant,spec,
chilling plants lego,chiller plant,other,
chiller plant room layout,chiller plant,other,
chiller plant operator,chiller plant,other,
chiller plant optimizer,chiller plant,other,
chiller plant operation system,chiller plant,other,
chiller plant operation and maintenance,chiller plant,service,
chiller plant optimizer (cpo),chiller plant,other,
chiller plant optimization system,chiller plant,other,
chiller plant near me,chiller plant,service,
chiller plant noise level,chiller plant,other,
chiller plant name,chiller plant,other,
chilling plant near me,chiller plant,service,
chiller plant parts name,chiller plant,other,
chiller plant purpose,chiller plant,other,
chiller plant photos,chiller plant,other,
chiller plant parts,chiller plant,other,
chiller plant parameters,chiller plant,other,
chiller plant piping,chiller plant,other,
chiller plant question answer,chiller plant,other,
chilling plant interview questions,chiller plant,other,
chiller plant operator interview questions,chiller plant,other,
how does a chiller plant work,chiller plant,learn,
what is approach in chiller plant,chiller plant,learn,
chiller plant refrigerant,chiller plant,other,
chiller plant repairing and servicing,chiller plant,service,
chiller plant refrigeration cycle,chiller plant,other,
chiller plant room design,chiller plant,other,
chiller plant replacement,chiller plant,other,
chiller plant system,chiller plant,other,
chiller plant safety,chiller plant,other,
chiller plant service,chiller plant,service,
chiller plant size,chiller plant,other,
chiller plant sld,chiller plant,other,
chiller plant sequence of operation,chiller plant,other,
chiller plant safety in hindi,chiller plant,other,
chiller plant safety devices,chiller plant,other,
chiller plant working in hindi,chiller plant,learn,
chiller plant working animation,chiller plant,learn,
chiller plant working principle in hindi,chiller plant,learn,
chiller plant water temperature,chiller plant,other,
chiller plant working cycle,chiller plant,learn,
chiller plant wtc,chiller plant,other,
chiller plant uses,chiller plant,other,
chiller plant unit,chiller plant,other,
chiller plant upgrade,chiller plant,other,
chilling plant uses,chiller plant,other,
chiller utility plant,chiller plant,other,
chiller plant capacity unit,chiller plant,spec,
chiller plant start up sequence,chiller plant,other,
chiller plant technician,chiller plant,other,
chiller plant types,chiller plant,other,
chiller plant tr full form,chiller plant,other,
chiller plant tr calculation,chiller plant,spec,
chiller plant trane,chiller plant,other,
chiller plant tr,chiller plant,other,
chiller plant tenders,chiller plant,other,
chiller plant vs cooling tower,chiller plant,learn,
chiller plant vs air conditioner,chiller plant,learn,
chiller plant vs hvac,chiller plant,learn,
chiller plant voltas,chiller plant,other,
chiller plant valve,chiller plant,other,
chiller plant vfd,chiller plant,other,
chiller plant manager vs bms,chiller plant,learn,
chiller plant york,chiller plant,other,
chiller plant yard,chiller plant,other,
york chiller plant san antonio,chiller plant,other,
yarbrough chiller plant,chiller plant,other,
york chiller plant manager,chiller plant,other,
yale chiller plant,chiller plant,other,
how to start chiller plant,chiller plant,learn,
best chiller plant manufacturer in india,chiller plant,supplier,
types of chiller plant,chiller plant,learn,
how many types of chiller plant,chiller plant,learn,
how to work chiller plant,chiller plant,learn,
how to operate chiller plant,chiller plant,price|learn,
how to calculate chiller plant efficiency,chiller plant,learn|spec,
how to optimize chiller plant operation,chiller plant,learn,
how to start chiller plant step by step,chiller plant,learn,
how to work chiller plant in hindi,chiller plant,learn,
how to install chiller plant,chiller plant,learn,
how does chiller plant works,chiller plant,learn,
how do chiller plants work,chiller plant,learn,
what is chiller plant in hvac,chiller plant,learn,
what is chiller plant manager,chiller plant,learn,
what is chiller plant management system,chiller plant,learn,
what is chiller plant room,chiller plant,learn,
what is chiller plant in hindi,chiller plant,learn,
what is chiller plant optimization,chiller plant,learn,
what is chiller plant used for,chiller plant,price|learn,
what is chiller plant in hospital,chiller plant,learn,
what is chiller plant system,chiller plant,learn,
top 10 chiller plant company in india,chiller plant,supplier,
which gas used in chiller plant,chiller plant,price,
what does chiller plant do,chiller plant,other,
chilling plant manufacturers in mumbai,chiller plant,supplier,mumbai
chilling plant manufacturers in pune,chiller plant,supplier,pune
chiller plant bangalore,chiller plant,other,bangalore
chilling plant in ahmedabad,chiller plant,other,ahmedabad
chilling plant manufacturers in ahmedabad,chiller plant,supplier,ahmedabad
chiller plant installation services in ahmedabad,chiller plant,service,ahmedabad
milk chiller plant near me,chiller plant,service,
amul chilling plant near me,chiller plant,service,
chiller plant cost in india,chiller plant,price,
chilling plant cost,chiller plant,price,
water chiller plant cost,chiller plant,price,
chilling plant price,chiller plant,price,
chilling plant price in india,chiller plant,price,
ac chiller plant price,chiller plant,price,
milk chiller plant price,chiller plant,price,
chilling plant working principle,chiller plant,learn,
ac chiller plant working principle,chiller plant,learn,
brine chiller plant working principle,chiller plant,learn,
chiller plant manufacturers,chiller plant,supplier,
chilling plant manufacturers,chiller plant,supplier,
chilling plant manufacturers in india,chiller plant,supplier,
chilling plant manufacturers in gujarat,chiller plant,supplier,gujarat
chiller plant supplier,chiller plant,supplier,
chiller plant manufacturer in faridabad,chiller plant,supplier,faridabad
chiller plant manufacturer in gujarat,chiller plant,supplier,gujarat
chiller plant manufacturer in vadodara,chiller plant,supplier,vadodara
chiller plant suppliers,chiller plant,supplier,
chiller maintenance procedure,chiller plant,service,
chiller plant repair,chiller plant,service,
chiller plant repairing and servicing near me,chiller plant,service,
chilling plant specification,chiller plant,spec,
chiller plant vs chiller,chiller plant,learn,
chiller plant services sas,chiller plant,service,
chilling plant service,chiller plant,service,
chiller plant 2 ton,chiller plant,spec,
2 ton chiller plant price,chiller plant,price|spec,
chiller plant capacity calculation,chiller plant,spec,
chilling plant capacity calculation,chiller plant,spec,
3 ton chiller plant,chiller plant,spec,
chiller plant 5 ton,chiller plant,spec,
milk chiller and warmer,milk chiller,other,
breast milk chiller and warmer,milk chiller,other,
milk chiller,milk chiller,other,
milk chiller machine,milk chiller,other,
milk chiller 1000 ltr price,milk chiller,price,
milk chiller 100 ltr price,milk chiller,price,
milk chiller 200 ltr price,milk chiller,price,
milk chiller 50 ltr price,milk chiller,price,
milk chiller 300 ltr price,milk chiller,price,
milk chiller price,milk chiller,price,
milk chiller plant,milk chiller,other,
milk chiller machine price,milk chiller,price,
milk chiller breastmilk,milk chiller,other,
milk chiller business,milk chiller,other,
milk chiller bag,milk chiller,other,
milk chiller box,milk chiller,other,
milk chiller bmc,milk chiller,other,
milk chiller boon,milk chiller,other,
milk chiller by frieling,milk chiller,other,
milk chiller breast,milk chiller,other,
dairy milk chiller display,milk chiller,other,
boon milk chiller dishwasher safe,milk chiller,other,
milk chiller erase,milk chiller,other,
milk chilling equipment,milk chiller,other,
eufy milk chiller,milk chiller,other,
electric milk chiller,milk chiller,other,
elanpro milk chiller,milk chiller,other,
milk chiller can,milk chiller,other,
milk chiller compressor,milk chiller,other,
milk chiller coffee machine,milk chiller,other,
milk chiller ceres,milk chiller,other,
milk chiller commercial,milk chiller,other,
milk chilling centre,milk chiller,other,
milk chilling centre near me,milk chiller,service,
milk chilling center,milk chiller,other,
milk chilling can,milk chiller,other,
milk chilling centre process,milk chiller,other,
milk chiller for coffee machine,milk chiller,other,
milk chiller for sale,milk chiller,other,
milk chiller for sale in rawalpindi,milk chiller,other,
milk chiller for sale in lahore,milk chiller,other,
milk chiller for sale in karachi,milk chiller,other,
milk chiller freezer,milk chiller,other,
milk chiller gujranwala,milk chiller,other,
milk chilling gst rate,milk chiller,price|compliance,
dairy glycol chiller,milk chiller,other,
glycol milk chiller,milk chiller,other,
gea milk chiller,milk chiller,other,
goat milk chiller,milk chiller,other,
milk chiller hsn code,milk chiller,compliance,
milk chiller hs code,milk chiller,other,
milk chiller hsn code and gst rate,milk chiller,price|compliance,
milk chilling hsn code,milk chiller,compliance,
boon milk chiller how to use,milk chiller,learn,
ceres milk chiller how to use,milk chiller,learn,
milk chiller second hand,milk chiller,price,
milk in chiller,milk chiller,other,
milk instant chiller,milk chiller,other,
milk is chilling,milk chiller,other,
boon milk chiller instructions,milk chiller,other,
milk chiller price in karachi,milk chiller,price,
milk chiller jura,milk chiller,other,
jura milk chiller parts,milk chiller,other,
milk chiller price in india,milk chiller,price,
milk chiller lahore,milk chiller,other,
milk chiller 500 ltr price,milk chiller,price,
milk chiller karachi,milk chiller,other,
milk chiller olx karachi,milk chiller,other,
milk chilling plant kya hota hai,milk chiller,other,
milk chiller momcozy,milk chiller,other,
milk chilling machine,milk chiller,other,
milk chilling machine price,milk chiller,price,
milk chilling machine 500 litre,milk chiller,spec,
milk chilling meaning,milk chiller,learn,
milk chiller near me,milk chiller,service,
milk chiller nearby,milk chiller,other,
breast milk chiller nearby,milk chiller,other,
breast milk chiller near me,milk chiller,service,
milk chiller olx,milk chiller,other,
milk chiller olx lahore,milk chiller,other,
breast milk chiller on the go,milk chiller,other,
breast milk on chiller,milk chiller,other,
dairy milk chocolate chiller olx,milk chiller,other,
milk chiller portable,milk chiller,other,
milk chiller rate,milk chiller,price,
milk chiller repair,milk chiller,service,
milk chiller reddit,milk chiller,other,
milk chiller room,milk chiller,other,
dairy queen chiller,milk chiller,other,
milk chiller small,milk chiller,other,
milk chiller system,milk chiller,other,
milk chiller size,milk chiller,other,
milk chilling system,milk chiller,other,
milk chilling services hsn code,milk chiller,service|compliance,
milk chilling station,milk chiller,other,
milk storage chiller,milk chiller,other,
milk shop chiller,milk chiller,other,
milk chiller watts,milk chiller,other,
milk chiller warmer,milk chiller,other,
how milk chiller works,milk chiller,learn,
milk chiller unit,milk chiller,other,
milk chilling unit,milk chiller,other,
milk chilling unit price,milk chiller,price,
dairy chiller unit,milk chiller,other,
bulk milk chilling unit,milk chiller,other,
instant milk chilling unit,milk chiller,other,
a milk chilling unit can remove,milk chiller,other,
milk chiller tank,milk chiller,other,
milk chiller temperature,milk chiller,other,
milk chiller truck,milk chiller,other,
milk chiller temperature setting,milk chiller,other,
milk chiller thermos,milk chiller,other,
milk chiller target,milk chiller,other,
milk chiller transport,milk chiller,other,
milk chilling tank,milk chiller,other,
milk chilling temperature,milk chiller,other,
milk chilling tank price,milk chiller,price,
milk chiller vehicle,milk chiller,other,
milk chiller van,milk chiller,other,
milk chilling vat,milk chiller,other,
milk chilling van,milk chiller,other,
milk chilling vat price in india,milk chiller,price,
milk vat chiller,milk chiller,other,
boon milk chiller vs ceres chill,milk chiller,learn,
best milk chiller,milk chiller,supplier,
best milk chiller reddit,milk chiller,supplier,
how to use boon milk chiller,milk chiller,learn,
how to use breast milk chiller,milk chiller,learn,
how to use ceres milk chiller,milk chiller,learn,
how to use boon frosh milk chiller,milk chiller,learn,
how to thaw breast milk from chiller,milk chiller,learn,
what is milk chiller,milk chiller,learn,
what is milk chilling,milk chiller,learn,
what is milk chilling centre,milk chiller,learn,
what is a breast milk chiller,milk chiller,learn,
countertop milk chiller,milk chiller,supplier,
milk can chiller,milk chiller,other,
milk chilling plant cost in india,milk chiller,price,
boon milk chiller near me,milk chiller,service,
milk chiller price in lahore,milk chiller,price,
milk chiller price 1000 litre,milk chiller,price|spec,
milk chiller cost,milk chiller,price,
dairy milk chiller for sale,milk chiller,other,
dairy milk chocolate chiller for sale,milk chiller,other,
how does a chiller condenser work,milk chiller,learn,
how does a chiller boiler system work,milk chiller,learn,
milk chiller manufacturers,milk chiller,supplier,
milk chiller manufacturer in india,milk chiller,supplier,
bulk milk chiller manufacturers,milk chiller,supplier,
milk chiller plant manufacturers,milk chiller,supplier,
milk chilling plant manufacturers,milk chiller,supplier,
milk chilling plant manufacturers in pune,milk chiller,supplier,pune
soda chiller machine,soda chiller,other,
soda chiller,soda chiller,other,
soda chiller krispy kreme,soda chiller,other,
soda chiller plate,soda chiller,other,
soda chiller system,soda chiller,other,
chiller soda drink,soda chiller,other,
soda can chiller,soda chiller,other,
soda fountain chiller,soda chiller,other,
instant soda chiller,soda chiller,other,
soda can chiller 3d print,soda chiller,other,
beverage chiller commercial,soda chiller,other,
beverage chiller aldi,soda chiller,other,
beverage chiller amazon,soda chiller,other,
beverage air chiller,soda chiller,other,
beverage chiller bucket,soda chiller,other,
beverage chiller brands,soda chiller,supplier,
beverage chiller bowl,soda chiller,other,
coke chiller box,soda chiller,other,
beverage chiller display,soda chiller,other,
beverage chiller dimension,soda chiller,other,
soft drink display chiller,soda chiller,other,
coke chiller for sale,soda chiller,other,
coke chiller for sale in lahore,soda chiller,other,
soft drink chiller for sale,soda chiller,other,
soda gun chiller,soda chiller,other,
beverage chiller good guys,soda chiller,other,
beverage chiller glass door,soda chiller,other,
beverage glycol chiller,soda chiller,other,
beverage glass chiller,soda chiller,other,
beverage chiller instant,soda chiller,other,
how to make a chiller drink,soda chiller,learn,
cream soda chiller krispy kreme,soda chiller,other,
japanese soda chiller,soda chiller,other,
coca cola chiller price,soda chiller,price,
what is a chiller drink,soda chiller,learn,
how to avail coca cola chiller,soda chiller,learn,
coke chiller machine,soda chiller,other,
coke chiller mug,soda chiller,other,
beverage chiller mini,soda chiller,other,
multiplex soda chiller,soda chiller,other,
beverage chiller near me,soda chiller,service,
beverage chiller nearby,soda chiller,other,
soda lime chiller,soda chiller,other,
beverage line chiller,soda chiller,other,
beverage chiller outdoor,soda chiller,other,
coke chiller price,soda chiller,price,
beverage chiller price,soda chiller,price,
beverage chiller portable,soda chiller,other,
soft drinks chiller price,soda chiller,price,
soda remote chiller,soda chiller,other,
beverage chiller room,soda chiller,other,
soda fountain remote chiller,soda chiller,other,
soda machine remote chiller,soda chiller,other,
beverage chiller small,soda chiller,other,
beverage chiller stand,soda chiller,other,
coke chiller size,soda chiller,other,
beverage chiller size,soda chiller,other,
beverage chiller temperature,soda chiller,other,
soft drinks chiller temperature,soda chiller,other,
beverage chiller trinidad,soda chiller,other,
beverage chiller tub,soda chiller,other,
beverage chiller undercounter,soda chiller,other,
soda water chiller,soda chiller,other,
coke chiller wattage,soda chiller,other,
carbonated water chiller,soda chiller,other,
beverage water chiller,soda chiller,other,
soda machine with chiller,soda chiller,other,
best beverage chiller,soda chiller,supplier,
best drinks chiller,soda chiller,supplier,
best chiller drinks at 7 brew,soda chiller,supplier,
what is a beverage chiller,soda chiller,learn,
coke can chiller,soda chiller,other,
beverage can chiller,soda chiller,other,
krispy kreme soda chiller price,soda chiller,price,
krispy kreme cream soda chiller price,soda chiller,price,
dry cooler vs chiller,soda chiller,learn,
ice flake machine,ice flake machine,other,
ice flake machine manufacturers in india,ice flake machine,supplier,
ice flake machine price in india,ice flake machine,price,
ice flake machine commercial,ice flake machine,other,
ice flake machine price,ice flake machine,price,
ice flake machine manufacturers,ice flake machine,supplier,
ice flake machine industrial,ice flake machine,other,
ice flake machine hs code,ice flake machine,other,
ice flake machine for sale,ice flake machine,other,
ice flake machine blue star,ice flake machine,other,
ice flaker machine brema,ice flake machine,other,
ice flakes boracay machine,ice flake machine,other,
flake ice maker biobase,ice flake machine,supplier,
flake ice machine with bin,ice flake machine,other,
best ice flake machine,ice flake machine,supplier,
biobase ice flake machine,ice flake machine,other,
best flake ice machine for home,ice flake machine,supplier,
ice flake machine adalah,ice flake machine,other,
flake ice machine alibaba,ice flake machine,other,
flake ice machine amazon,ice flake machine,other,
snow flake ice machine amazon,ice flake machine,other,
manitowoc undercounter flake ice machine air cooled,ice flake machine,other,
a1 flake ice machine,ice flake machine,other,
ammonia flake ice machine,ice flake machine,other,
ice flake machine china,ice flake machine,other,
flake ice machine countertop,ice flake machine,other,
flake ice machine commercial for sale,ice flake machine,other,
flake ice machine components,ice flake machine,learn,
flake ice machine cylinder squeaking,ice flake machine,other,
flake ice machine compressor,ice flake machine,other,
flake ice machine capacity,ice flake machine,spec,
flake ice machine cost,ice flake machine,price,
flake ice machine drum,ice flake machine,other,
diy flake ice machine,ice flake machine,other,
ice production in a flake ice machine depends on,ice flake machine,other,
flake ice machine price,ice flake machine,price,
ice flake machine for spa,ice flake machine,other,
ice flaker machine for lab,ice flake machine,other,
flake ice machine for home,ice flake machine,other,
flake ice machine for fish,ice flake machine,other,
flake ice machine for laboratory,ice flake machine,other,
flake ice machine for sauna,ice flake machine,other,
flake ice maker for sale,ice flake machine,supplier,
used flake ice machine for sale,ice flake machine,price,
commercial flake ice machine for sale,ice flake machine,other,
flake ice machine evaporator,ice flake machine,other,
elanpro ice flake machine,ice flake machine,other,
eos ice flake machine,ice flake machine,other,
what is flake ice,ice flake machine,learn,
geneglace flake ice machine,ice flake machine,other,
grant flake ice machine,ice flake machine,other,
gea flake ice machine,ice flake machine,other,
flake ice machine là gì,ice flake machine,other,
ice flake machine hsn code,ice flake machine,compliance,
ice flake machine hoshizaki,ice flake machine,other,
flake ice machine home,ice flake machine,other,
flake ice maker hs code,ice flake machine,supplier,
flake ice maker hoshizaki,ice flake machine,supplier,
hoshizaki flake ice machine for sale,ice flake machine,other,
countertop flake ice machine for home,ice flake machine,supplier,
hoshizaki flake ice machine parts,ice flake machine,other,
flake ice machine india,ice flake machine,other,
flake ice machine italy,ice flake machine,other,
flake ice machine manufacturers in china,ice flake machine,supplier,
ice flake maker 30 kg 24h,ice flake machine,supplier,
korean ice flake machine,ice flake machine,other,
koller flake ice machine,ice flake machine,other,
ice flake making machine,ice flake machine,other,
flake ice machine manitowoc,ice flake machine,other,
flake ice machine manual,ice flake machine,other,
ice flake making machine hsn code,ice flake machine,compliance,
ice flake making machine price in india,ice flake machine,price,
ice flake machine labman,ice flake machine,other,
flake ice maker laboratory,ice flake machine,supplier,
flake ice maker lab,ice flake machine,supplier,
liar flake ice machine,ice flake machine,other,
flake ice machine parts,ice flake machine,other,
snow ice flake machine price,ice flake machine,price,
flake ice maker price,ice flake machine,supplier|price,
outdoor flake ice machine,ice flake machine,other,
flake ice machine nz,ice flake machine,other,
flake ice machine near me,ice flake machine,service,
flake ice machine nearby,ice flake machine,other,
salt flake ice machine nz,ice flake machine,other,
northstar flake ice machine,ice flake machine,other,
flake ice machine repair,ice flake machine,service,
flake ice machine rental,ice flake machine,other,
residential flake ice machine,ice flake machine,other,
ice flake machine scotsman,ice flake machine,other,
flake ice machine spa,ice flake machine,other,
flake ice machine small,ice flake machine,other,
flake ice machine supplier,ice flake machine,supplier,
flake ice machine snowkey,ice flake machine,other,
ice flake machine trufrost,ice flake machine,other,
flake ice machine turkey,ice flake machine,other,
manitowoc flake ice machine troubleshooting,ice flake machine,service,
flake ice machine 1 ton,ice flake machine,spec,
flake ice machine 10 ton,ice flake machine,spec,
scotsman flake ice machine troubleshooting,ice flake machine,service,
flake ice machine 5 ton,ice flake machine,spec,
ice machine that makes flake ice,ice flake machine,other,
3 ton flake ice machine,ice flake machine,spec,
ice flaker machine use,ice flake machine,other,
flake ice machine undercounter,ice flake machine,other,
most flake ice machines utilize this type of evaporator,ice flake machine,learn,
ufp0350a flake ice machine,ice flake machine,other,
manitowoc undercounter flake ice machine,ice flake machine,other,
flake ice machine vevor,ice flake machine,other,
flake ice vending machine,ice flake machine,other,
vevor snowflake ice machine,ice flake machine,other,
flake ice machine working principle,ice flake machine,learn,
how a flake ice machine works,ice flake machine,learn,
salt water flake ice machine,ice flake machine,other,
what is flake ice machine,ice flake machine,learn,
sea water flake ice machine,ice flake machine,other,
water cooled flake ice machine,ice flake machine,other,
best flake ice maker,ice flake machine,supplier,
best commercial flake ice machine,ice flake machine,supplier,
best snow flake ice machine,ice flake machine,supplier,
how to make flake ice at home,ice flake machine,learn,
how to clean a scotsman flake ice machine,ice flake machine,learn,
how to make ice flakes,ice flake machine,learn,
what is flake ice used for,ice flake machine,price|learn,
buy flake ice machine,ice flake machine,price,
where can i buy flake ice,ice flake machine,price,
where to buy flake ice,ice flake machine,price,
how is flake ice made,ice flake machine,learn,
flake ice near me,ice flake machine,service,
snow flake ice machine price in india,ice flake machine,price,
flake ice cream machine price,ice flake machine,price,
ice flake maker machine,ice flake machine,supplier,
2 ton flake ice machine,ice flake machine,spec,
5 ton flake ice machine price,ice flake machine,price|spec,
20 ton flake ice machine,ice flake machine,spec,
acid chiller,acid chiller,other,
sulfuric acid chiller,acid chiller,other,
acid cleaning chiller tubes,acid chiller,other,
acid wash chiller tubes,acid chiller,other,
chiller tripping reasons,acid chiller,other,
chiller refrigeration cycle explained,acid chiller,other,
chiller testing procedure,acid chiller,other,
chiller evaporator types,acid chiller,other,
chiller refrigerant recovery procedure,acid chiller,other,
what is chiller evaporator approach,acid chiller,learn,
chiller low evaporator refrigerant temperature,acid chiller,other,
types of refrigerant used in chiller,acid chiller,price|learn,
refrigerant gas used in chiller,acid chiller,price,
5 ton ac chiller,chiller 5 ton,spec,
5 ton absorption chiller,chiller 5 ton,spec,
5 ton air chiller,chiller 5 ton,spec,
5 ton ammonia chiller,chiller 5 ton,spec,
5 ton air cooled chiller,chiller 5 ton,spec,
chiller de 5 ton,chiller 5 ton,spec,
chiller schedule,chiller 5 ton,other,
5 ton chiller capacity,chiller 5 ton,spec,
5 ton chiller compressor,chiller 5 ton,spec,
5 ton chiller cost,chiller 5 ton,price|spec,
5 ton chiller power consumption,chiller 5 ton,spec,
5 ton water chiller compressor price,chiller 5 ton,price|spec,
5 ton chiller water cooled,chiller 5 ton,spec,
5 ton water chiller power consumption,chiller 5 ton,spec,
5 ton chiller barrel,chiller 5 ton,spec,
blue star chiller 5 ton,chiller 5 ton,spec,
5 ton chiller electricity consumption,chiller 5 ton,spec,
5 ton chiller for sale,chiller 5 ton,spec,
5 ton chiller for home,chiller 5 ton,spec,
5 ton water chiller for sale,chiller 5 ton,spec,
5 ton glycol chiller,chiller 5 ton,spec,
5 ton heat pump chiller,chiller 5 ton,spec,
5 ton industrial chiller,chiller 5 ton,spec,
5 ton industrial water chiller,chiller 5 ton,spec,
5 ton ka chiller,chiller 5 ton,spec,
5 ton chiller kw,chiller 5 ton,spec,
5 ton chiller machine,chiller 5 ton,spec,
multiaqua 5 ton chiller,chiller 5 ton,spec,
mini chiller 5 ton,chiller 5 ton,spec,
5 ton online chiller,chiller 5 ton,spec,
5 ton outdoor chiller,chiller 5 ton,spec,
5 ton online water chiller,chiller 5 ton,spec,
5 ton online water chiller price,chiller 5 ton,price|spec,
5 ton chiller rental,chiller 5 ton,spec,
5 ton ro chiller price,chiller 5 ton,price|spec,
5 ton residential chiller,chiller 5 ton,spec,
5 ton ro water chiller,chiller 5 ton,spec,
chiller rating,chiller 5 ton,other,
5 ton chiller specifications,chiller 5 ton,spec,
5 ton chiller system,chiller 5 ton,spec,
5 ton single phase chiller,chiller 5 ton,spec,
5 ton chiller truck,chiller 5 ton,spec,
5 ton chiller to kw,chiller 5 ton,spec,
trane 5 ton chiller,chiller 5 ton,spec,
5 ton chiller unit,chiller 5 ton,spec,
used 5 ton chiller,chiller 5 ton,price|spec,
vevor 5 ton chiller,chiller 5 ton,spec,
5 ton water chiller,chiller 5 ton,spec,
5 ton water chiller price,chiller 5 ton,price|spec,
5 ton chiller weight,chiller 5 ton,spec,
vevor 5 ton water chiller,chiller 5 ton,spec,
10 ton air cooled chiller,chiller 10 ton,spec,
10 ton chiller compressor price,chiller 10 ton,price|spec,
10 ton chiller compressor,chiller 10 ton,spec,
10 ton chiller cost,chiller 10 ton,price|spec,
10 ton chiller power consumption,chiller 10 ton,spec,
daikin 10 ton chiller,chiller 10 ton,spec,
chiller de 10 ton,chiller 10 ton,spec,
10 ton chiller for sale,chiller 10 ton,spec,
used 10 ton chiller for sale,chiller 10 ton,price|spec,
10 ton glycol chiller for sale,chiller 10 ton,spec,
chiller capacity in tons,chiller 10 ton,spec,
10 ton glycol chiller,chiller 10 ton,spec,
10 ton heat pump chiller,chiller 10 ton,spec,
10 ton industrial chiller,chiller 10 ton,spec,
10 ton chiller in kw,chiller 10 ton,spec,
10 ton ice chiller,chiller 10 ton,spec,
10 ton ice rink chiller price,chiller 10 ton,price|spec,
10 ton ice rink chiller,chiller 10 ton,spec,
10 ton industrial water chiller,chiller 10 ton,spec,
10 ton chiller kw,chiller 10 ton,spec,
10 ton portable chiller,chiller 10 ton,spec,
10 ton package chiller,chiller 10 ton,spec,
10 ton chiller rental,chiller 10 ton,spec,
10 ton scroll chiller,chiller 10 ton,spec,
10 ton chiller system,chiller 10 ton,spec,
10 ton chiller truck,chiller 10 ton,spec,
10 ton chiller to kw,chiller 10 ton,spec,
10 ton trane chiller,chiller 10 ton,spec,
temptek 10 ton chiller,chiller 10 ton,spec,
10 ton chiller unit,chiller 10 ton,spec,
used 10 ton chiller,chiller 10 ton,price|spec,
vevor 10 ton chiller,chiller 10 ton,spec,
10 ton water chiller,chiller 10 ton,spec,
10 ton chiller weight,chiller 10 ton,spec,
10 ton water cooled chiller,chiller 10 ton,spec,
york 10 ton chiller,chiller 10 ton,spec,
cooling tower approach,cooling tower,other,
cooling tower approach formula,cooling tower,spec,
cooling tower ac,cooling tower,other,
cooling tower approach and range,cooling tower,other,
cooling tower area,cooling tower,other,
cooling tower all parts name,cooling tower,other,
cooling tower approach temperature,cooling tower,other,
cooling tower accessories,cooling tower,other,
cooling tower application,cooling tower,other,
cooling tower antiscalant,cooling tower,other,
cooling tower,cooling tower,other,
cooling tower working principle,cooling tower,learn,
cooling tower fills,cooling tower,other,
cooling tower manufacturers in chennai,cooling tower,supplier,chennai
cooling tower types,cooling tower,other,
cooling tower manufacturers in coimbatore,cooling tower,supplier,coimbatore
cooling tower manufacturers,cooling tower,supplier,
cooling tower images,cooling tower,other,
cooling tower blowdown,cooling tower,other,
cooling tower basin,cooling tower,other,
cooling tower blowdown calculation,cooling tower,spec,
cooling tower blade angle,cooling tower,other,
cooling tower blade,cooling tower,other,
cooling tower basin design,cooling tower,other,
cooling tower belt,cooling tower,other,
cooling tower blowdown formula,cooling tower,spec,
cooling tower blowdown water,cooling tower,other,
cooling tower chennai,cooling tower,other,chennai
cooling tower capacity,cooling tower,spec,
cooling tower chemical,cooling tower,other,
cooling tower coimbatore,cooling tower,other,coimbatore
cooling tower chemical name,cooling tower,other,
cooling tower capacity calculation,cooling tower,spec,
cooling tower calculation,cooling tower,spec,
cooling tower capacity in tr,cooling tower,spec,
cooling tower company in india,cooling tower,supplier,
cooling tower company,cooling tower,supplier,
cooling tower drift eliminator,cooling tower,other,
cooling tower design software,cooling tower,other,
cooling tower design,cooling tower,other,
cooling tower design calculations,cooling tower,spec,
cooling tower details,cooling tower,other,
cooling tower fins,cooling tower,other,
cooling tower float valve,cooling tower,other,
cooling tower fills price,cooling tower,price,
cooling tower formula,cooling tower,spec,
cooling tower function,cooling tower,learn,
cooling tower efficiency,cooling tower,other,
cooling tower efficiency formula,cooling tower,spec,
cooling tower evaporation calculation,cooling tower,spec,
cooling tower efficiency calculation,cooling tower,spec,
cooling tower evaporation loss calculation,cooling tower,spec,
cooling tower effectiveness,cooling tower,other,
cooling tower explained,cooling tower,other,
cooling tower evaporation loss,cooling tower,other,
cooling tower eliminator,cooling tower,other,
cooling tower evaporation loss formula,cooling tower,spec,
cooling tower gearbox,cooling tower,other,
cooling tower gearbox parts,cooling tower,other,
cooling tower gearbox details,cooling tower,other,
cooling tower gearbox oil grade,cooling tower,other,
cooling tower gearbox name,cooling tower,other,
cooling tower gpm per ton,cooling tower,price,
cooling tower gif,cooling tower,other,
cooling tower gearbox assembly,cooling tower,other,
cooling tower hsn code,cooling tower,compliance,
cooling tower hvac,cooling tower,other,
cooling tower height,cooling tower,other,
cooling tower hsn code and gst rate,cooling tower,price|compliance,
cooling tower hindi,cooling tower,other,
cooling tower header,cooling tower,other,
cooling tower hvac system,cooling tower,other,
cooling tower heat load calculation,cooling tower,spec,
cooling tower heat exchanger,cooling tower,other,
cooling tower height in feet,cooling tower,other,
cooling tower in thermal power plant,cooling tower,other,
cooling tower in coimbatore,cooling tower,other,coimbatore
cooling tower in power plant,cooling tower,other,
cooling tower in chennai,cooling tower,other,chennai
cooling tower institute,cooling tower,other,
cooling tower in hindi,cooling tower,other,
cooling tower in data center,cooling tower,other,
cooling tower industrial,cooling tower,other,
cooling tower in hvac,cooling tower,other,
cooling tower kya hota hai,cooling tower,other,
cooling tower ka kya kam hai,cooling tower,other,
cooling tower kaise kam karta hai,cooling tower,other,
cooling tower ka photo,cooling tower,other,
cooling tower ki capacity kaise nikale,cooling tower,spec,
cooling tower ki efficiency kaise nikale,cooling tower,other,
cooling tower ka tr kaise nikale,cooling tower,other,
cooling tower kaisa hota hai,cooling tower,other,
cooling tower ke prakar,cooling tower,other,
cooling tower kya hota hai in hindi,cooling tower,other,
cooling tower louvers,cooling tower,other,
cooling tower losses,cooling tower,other,
cooling tower lowers,cooling tower,other,
cooling tower losses calculation,cooling tower,spec,
cooling tower ladder,cooling tower,other,
cooling tower lsi calculator,cooling tower,spec,
cooling tower level switch,cooling tower,other,
cooling tower line color,cooling tower,other,
cooling tower l/g ratio,cooling tower,other,
cooling tower john lewis,cooling tower,other,
cooling tower joint sealant,cooling tower,other,
cooling tower jali,cooling tower,other,
cooling tower johor,cooling tower,other,
cooling tower japan,cooling tower,other,
cooling tower motor,cooling tower,other,
cooling tower manufacturers in india,cooling tower,supplier,
cooling tower meaning in tamil,cooling tower,learn,
cooling tower manufacturer near me,cooling tower,supplier|service,
cooling tower maintenance,cooling tower,service,
cooling tower make,cooling tower,other,
cooling tower motor price,cooling tower,price,
cooling tower nozzle,cooling tower,other,
cooling tower near me,cooling tower,service,
cooling tower nozzle types,cooling tower,other,
cooling tower nozzle spray,cooling tower,other,
cooling tower nuclear power plant,cooling tower,other,
cooling tower nozzle price,cooling tower,price,
cooling tower ntpc,cooling tower,other,
cooling tower natural draft,cooling tower,other,
cooling tower net,cooling tower,other,
cooling tower price,cooling tower,price,
cooling tower parts,cooling tower,other,
cooling tower purpose,cooling tower,other,
cooling tower photo,cooling tower,other,
cooling tower parts name,cooling tower,other,
cooling tower pump,cooling tower,other,
cooling tower parameters,cooling tower,other,
cooling tower power plant,cooling tower,other,
cooling tower principle,cooling tower,learn,
cooling tower operation,cooling tower,other,
cooling tower of thermal power plant,cooling tower,other,
cooling tower on terrace,cooling tower,other,
cooling tower orp range,cooling tower,other,
cooling tower operation manual,cooling tower,other,
cooling tower olx,cooling tower,other,
cooling tower outlet water temperature,cooling tower,other,
cooling tower of nuclear power plant,cooling tower,other,
cooling tower orp meaning,cooling tower,learn,
cooling tower questions and answers,cooling tower,other,
cooling tower quiz,cooling tower,other,
cooling tower questions,cooling tower,other,
cooling tower quotation,cooling tower,price,
cooling tower quick fill,cooling tower,other,
cooling tower quizlet,cooling tower,other,
cooling towers qld,cooling tower,other,
cooling tower interview questions,cooling tower,other,
cooling tower range and approach,cooling tower,other,
cooling tower range,cooling tower,other,
cooling tower range and approach formula,cooling tower,spec,
cooling tower repairing,cooling tower,service,
cooling tower rate,cooling tower,price,
cooling tower repair near me,cooling tower,service,
cooling tower range approach and efficiency,cooling tower,other,
cooling tower range formula,cooling tower,spec,
cooling tower riser,cooling tower,other,
cooling tower recirculation rate calculation,cooling tower,price|spec,
cooling tower uses,cooling tower,other,
cooling tower use chemical name,cooling tower,other,
cooling tower unit,cooling tower,other,
cooling tower used in thermal power plant,cooling tower,price,
cooling tower used in industry,cooling tower,price,
cooling tower unit tr,cooling tower,other,
cooling tower upper east side,cooling tower,other,
cooling tower useful life,cooling tower,other,
cooling tower tr means,cooling tower,other,
cooling tower tr calculation,cooling tower,spec,
cooling tower tds range,cooling tower,other,
cooling tower temperature,cooling tower,other,
cooling tower tr calculation formula,cooling tower,spec,
cooling tower temperature range,cooling tower,other,
cooling tower tr,cooling tower,other,
cooling tower types with images,cooling tower,other,
cooling tower types name,cooling tower,other,
cooling tower service near me,cooling tower,service,
cooling tower sprinkler,cooling tower,other,
cooling tower shape,cooling tower,other,
cooling tower service hsn code,cooling tower,service|compliance,
cooling tower spares,cooling tower,service,
cooling tower sprinkler head,cooling tower,other,
cooling tower spray nozzle,cooling tower,other,
cooling tower suppliers,cooling tower,supplier,
cooling tower vs chiller,cooling tower,learn,
cooling tower v bar,cooling tower,other,
cooling tower valve,cooling tower,other,
cooling tower vendor,cooling tower,supplier,
cooling tower vs air conditioner,cooling tower,learn,
cooling tower vfd,cooling tower,other,
cooling tower vs chiller efficiency,cooling tower,learn,
cooling tower vendors india,cooling tower,supplier,
cooling tower vibration limits,cooling tower,other,
cooling tower working,cooling tower,learn,
cooling tower water treatment,cooling tower,other,
cooling tower water parameters,cooling tower,other,
cooling tower water parameters limits,cooling tower,other,
cooling tower water,cooling tower,other,
cooling tower wet bulb temperature,cooling tower,other,
cooling tower working principle in hindi,cooling tower,learn,
cooling tower water temperature,cooling tower,other,
cooling tower water tds range,cooling tower,other,
cooling tower xls,cooling tower,other,
cooling tower xbox,cooling tower,other,
cooling tower for xbox series s,cooling tower,other,
cooling tower calculations xls,cooling tower,spec,
cooling tower design calculations xls,cooling tower,spec,
cooling tower sizing calculation xls,cooling tower,spec,
cooling tower xbox series x,cooling tower,other,
cooling tower makeup water calculation xls,cooling tower,spec,
xiaomi cooling tower,cooling tower,other,
xag cooling tower,cooling tower,other,
cooling tower zamboanga city,cooling tower,other,
cooling tower drift zone,cooling tower,other,
cooling tower new zealand,cooling tower,other,
zalman cooling tower,cooling tower,other,
zesco cooling tower,cooling tower,other,
zurn cooling tower,cooling tower,other,
zenith cooling tower,cooling tower,other,
zion cooling tower,cooling tower,other,
cooling tower yankees,cooling tower,other,
cooling tower yard,cooling tower,other,
cooling tower yankees stadium,cooling tower,other,
cooling tower y strainer,cooling tower,other,
cooling tower york,cooling tower,other,
cooling tower yacht,cooling tower,other,
cooling tower yanov,cooling tower,other,
cooling towers yorkshire,cooling tower,other,
cooling tower new york,cooling tower,other,
best cooling towers,cooling tower,supplier,
best cooling tower company in india,cooling tower,supplier,
best cooling towers coimbatore,cooling tower,supplier,coimbatore
best cooling tower manufacturers in india,cooling tower,supplier,
why cooling tower is hyperbolic in shape,cooling tower,learn,
why cooling tower is used,cooling tower,price|learn,
why cooling towers are shaped like that,cooling tower,learn,
why cooling towers,cooling tower,learn,
why cooling towers are hyperbolic,cooling tower,learn,
why cooling tower shape,cooling tower,learn,
why are cooling towers hyperboloid,cooling tower,learn,
why are cooling towers demolished,cooling tower,learn,
why are nuclear cooling towers shaped like that,cooling tower,learn,
what is cooling tower,cooling tower,learn,
what is cooling tower approach,cooling tower,learn,
what is cooling tower in hvac,cooling tower,learn,
what is cooling tower blowdown,cooling tower,learn,
what is cooling tower in thermal power plant,cooling tower,learn,
what is cooling tower in power plant,cooling tower,learn,
what is cooling tower coc,cooling tower,learn,
what is cooling tower in hindi,cooling tower,learn,
what is cooling tower efficiency,cooling tower,learn,
what is cooling tower used for,cooling tower,price|learn,
how to cooling towers work,cooling tower,learn,
how to cooling tower,cooling tower,learn,
how to calculate cooling tower capacity,cooling tower,learn|spec,
how to calculate cooling tower efficiency,cooling tower,learn|spec,
how to calculate cooling tower capacity in tr,cooling tower,learn|spec,
how to clean cooling tower,cooling tower,learn,
how to calculate cooling tower tr,cooling tower,learn|spec,
how to calculate cooling tower evaporation loss,cooling tower,learn|spec,
how to design cooling tower,cooling tower,learn,
how to size cooling tower,cooling tower,learn,
top cooling tower manufacturers in india,cooling tower,supplier,
top cooling tower companies in india,cooling tower,supplier,
top cooling tower manufacturers in world,cooling tower,supplier,
top cooling tower manufacturers,cooling tower,supplier,
top cooling tower,cooling tower,supplier,
top cooling tower brands,cooling tower,supplier,
top cooling tower companies,cooling tower,supplier,
buy cooling tower,cooling tower,price,
best buy cooling tower,cooling tower,supplier|price,
cooling tower buy online,cooling tower,price,
cooling tower for home use,cooling tower,other,
cooling tower companies,cooling tower,supplier,
which cooling towers have legionella,cooling tower,other,
which cooling tower is best,cooling tower,supplier,
which cooling towers were demolished,cooling tower,other,
where cooling tower is used,cooling tower,price,
which type of cooling tower,cooling tower,learn,
how did cooling towers work,cooling tower,learn,
how does a cooling tower work,cooling tower,learn,
does cooling tower use refrigerant,cooling tower,other,
do cooling towers work,cooling tower,other,
do cooling towers cause pollution,cooling tower,other,
do cooling towers run in the winter,cooling tower,other,
do cooling towers work in humid climates,cooling tower,other,
do cooling towers have refrigerant,cooling tower,other,
do cooling towers use a lot of water,cooling tower,other,
do cooling towers recycle water,cooling tower,other,
do cooling towers use water,cooling tower,other,
can cooling towers use salt water,cooling tower,other,
can cooling towers freeze,cooling tower,other,
do cooling towers use refrigerant,cooling tower,other,
cooling tower company in coimbatore,cooling tower,supplier,coimbatore
cooling tower suppliers in coimbatore,cooling tower,supplier,coimbatore
cooling tower service in coimbatore,cooling tower,service,coimbatore
industrial cooling tower manufacturers in coimbatore,cooling tower,supplier,coimbatore
top 10 cooling tower manufacturers in coimbatore,cooling tower,supplier,coimbatore
cooling tower in pune,cooling tower,other,pune
cooling tower manufacturer in pune,cooling tower,supplier,pune
cooling tower supplier in pune,cooling tower,supplier,pune
cooling tower company in pune,cooling tower,supplier,pune
industrial cooling tower manufacturers in pune,cooling tower,supplier,pune
frp cooling tower manufacturer in pune,cooling tower,supplier,pune
cooling tower suppliers in chennai,cooling tower,supplier,chennai
cooling tower service in chennai,cooling tower,service,chennai
cooling tower fills manufacturers in chennai,cooling tower,supplier,chennai
industrial cooling tower manufacturers in chennai,cooling tower,supplier,chennai
frp cooling tower manufacturers in chennai,cooling tower,supplier,chennai
cooling tower in hyderabad,cooling tower,other,hyderabad
cooling tower manufacturers in hyderabad,cooling tower,supplier,hyderabad
cooling tower suppliers in hyderabad,cooling tower,supplier,hyderabad
frp cooling tower manufacturers in hyderabad,cooling tower,supplier,hyderabad
cooling tower in bangalore,cooling tower,other,bangalore
cooling tower manufacturers in bangalore,cooling tower,supplier,bangalore
cooling tower suppliers in bangalore,cooling tower,supplier,bangalore
cooling tower in ahmedabad,cooling tower,other,ahmedabad
cooling tower manufacturer in ahmedabad,cooling tower,supplier,ahmedabad
cooling tower supplier in ahmedabad,cooling tower,supplier,ahmedabad
cooling tower manufacturer in ahmedabad contact number,cooling tower,supplier,ahmedabad
cooling tower motor manufacturer in ahmedabad,cooling tower,supplier,ahmedabad
cooling tower fills manufacturers in ahmedabad,cooling tower,supplier,ahmedabad
frp cooling tower manufacturer in ahmedabad,cooling tower,supplier,ahmedabad
cooling tower explanation,cooling tower,other,
cooling tower in mumbai,cooling tower,other,mumbai
cooling tower manufacturer in mumbai,cooling tower,supplier,mumbai
cooling tower supplier in mumbai,cooling tower,supplier,mumbai
cooling tower company in mumbai,cooling tower,supplier,mumbai
cooling tower cafe mumbai,cooling tower,other,mumbai
cooling tower manufacturer in navi mumbai,cooling tower,supplier,mumbai
cooling tower price in india,cooling tower,price,
cooling towers near meadowhall,cooling tower,service,
cooling tower supplier near me,cooling tower,supplier|service,
cooling tower parts near me,cooling tower,service,
cooling tower price list,cooling tower,price,
cooling tower price per ton,cooling tower,price,
cooling tower in delhi,cooling tower,other,delhi
cooling tower manufacturer in delhi,cooling tower,supplier,delhi
cooling tower manufacturer in delhi ncr,cooling tower,supplier,delhi
cooling tower company in delhi,cooling tower,supplier,delhi
cooling tower supplier in delhi,cooling tower,supplier,delhi
cooling tower inderlok delhi,cooling tower,other,delhi
frp cooling tower manufacturer in delhi,cooling tower,supplier,delhi
best cooling tower manufacturer in delhi,cooling tower,supplier,delhi
cooling tower cost,cooling tower,price,
cooling tower cost per ton,cooling tower,price,
cooling tower cost per ton in india,cooling tower,price,
cooling tower costco,cooling tower,price,
cooling tower cost estimation,cooling tower,price,
cooling tower cost calculator,cooling tower,price|spec,
cooling tower costume,cooling tower,price,
cooling tower for plastic injection moulding machine,cooling tower,application,
cooling tower plastic fins,cooling tower,other,
cooling tower plastic film,cooling tower,other,
cooling tower plastics,cooling tower,other,
cooling tower plastic material,cooling tower,other,
cooling tower plastic fan,cooling tower,other,
cooling tower plastic nozzle,cooling tower,other,
cooling tower repair companies,cooling tower,supplier|service,
cooling tower regulations,cooling tower,other,
cooling tower guidelines,cooling tower,other,
cooling tower dairy,cooling tower,other,
cooling tower in dairy industry,cooling tower,other,
cooling tower calculation example,cooling tower,spec,
cooling tower for injection moulding machine,cooling tower,application,
cooling tower for injection moulding machine price,cooling tower,price|application,
cooling tower for injection moulding,cooling tower,application,
water cooling tower for injection moulding machine,cooling tower,application,
cooling tower chemical treatment,cooling tower,other,
cooling tower working principle and types,cooling tower,learn,
cooling tower working principle in gujarati,cooling tower,learn,gujarat
cooling tower working principle animation,cooling tower,learn,
cooling tower working principle in tamil,cooling tower,learn,
cooling tower working principle in marathi,cooling tower,learn,
cooling tower pharma,cooling tower,other,
cooling tower in pharmaceutical industry,cooling tower,other,
cooling tower chemical treatment companies,cooling tower,supplier,
cooling tower process,cooling tower,other,
cooling tower manufacturers near me,cooling tower,supplier|service,
cooling tower manufacturers in mumbai,cooling tower,supplier,mumbai
cooling tower manufacturers in kerala,cooling tower,supplier,kerala
cooling tower manufacturers in pune,cooling tower,supplier,pune
cooling tower manufacturers in gujarat,cooling tower,supplier,gujarat
cooling tower suppliers in india,cooling tower,supplier,
cooling tower dealers,cooling tower,supplier,
cooling tower for sale,cooling tower,other,
cooling tower parts and functions,cooling tower,learn,
cooling tower parts name with picture,cooling tower,other,
cooling tower distributor,cooling tower,supplier,
cooling tower amc,cooling tower,service,
amcot cooling tower,cooling tower,service,
amcot cooling tower parts,cooling tower,service,
amcot cooling tower corp,cooling tower,service,
amcot cooling tower manual,cooling tower,service,
amcon cooling tower,cooling tower,service,
cooling tower service,cooling tower,service,
cooling tower service company,cooling tower,supplier|service,
cooling tower service companies near me,cooling tower,supplier|service,
cooling tower service providers,cooling tower,service,
cooling tower service platform,cooling tower,service,
cooling tower services nz ltd,cooling tower,service,
cooling tower service report,cooling tower,service,
cooling tower repairing services,cooling tower,service,
cooling tower repair work,cooling tower,service,
cooling tower repair companies near me,cooling tower,supplier|service,
cooling tower repair los angeles,cooling tower,service,
cooling tower repair kit,cooling tower,service,
cooling tower repairs sydney,cooling tower,service,
cooling tower vs chimney,cooling tower,learn,
cooling tower vs condenser,cooling tower,learn,
cooling tower vs fluid cooler,cooling tower,learn,
cooling tower vs air cooled chiller,cooling tower,learn,
cooling tower vs fan,cooling tower,learn,
cooling tower vs dry cooler,cooling tower,learn,
cooling tower vs evaporative condenser,cooling tower,learn,
cooling tower specifications,cooling tower,spec,
cooling tower specification sheet,cooling tower,spec,
cooling tower spec section,cooling tower,other,
cooling tower dimensions,cooling tower,other,
cooling tower motor specification,cooling tower,spec,
marley cooling tower specifications,cooling tower,spec,
evapco cooling tower specifications,cooling tower,spec,
paharpur cooling tower specification,cooling tower,spec,
cooling tower capacity calculation formula,cooling tower,spec,
cooling tower capacity calculation excel,cooling tower,spec,
cooling tower capacity calculation in tr,cooling tower,spec,
cooling tower capacity calculation example,cooling tower,spec,
cooling tower capacity calculation online,cooling tower,spec,
cooling tower load calculation,cooling tower,spec,
cooling tower 1 ton,cooling tower,spec,
1 ton cooling tower price,cooling tower,price|spec,
100 ton cooling tower price,cooling tower,price|spec,
cooling tower 2 ton,cooling tower,spec,
cooling tower capacity in tons,cooling tower,spec,
cooling tower size,cooling tower,other,
cooling tower 10 ton,cooling tower,spec,
10 ton cooling tower price,cooling tower,price|spec,
10 tr cooling tower price,cooling tower,price|spec,
cooling tower 5 ton,cooling tower,spec,
cooling tower 3 ton,cooling tower,spec,
cooling tower 3 gpm per ton,cooling tower,price,
cooling tower issues,cooling tower,other,
cooling tower 20 ton,cooling tower,spec,
20 ton cooling tower price,cooling tower,price|spec,
cooling tower supplier bd,cooling tower manufacturers,supplier,
cooling tower manufacturer in bawana,cooling tower manufacturers,supplier,
cooling tower manufacturer in bhiwadi,cooling tower manufacturers,supplier,
cooling tower manufacturer in bhosari,cooling tower manufacturers,supplier,
cooling tower manufacturer in bihar,cooling tower manufacturers,supplier,
cooling tower manufacturer in bhopal,cooling tower manufacturers,supplier,
cooling tower manufacturer in west bengal,cooling tower manufacturers,supplier,
cooling tower manufacturing company,cooling tower manufacturers,supplier,
cooling tower manufacturer china,cooling tower manufacturers,supplier,
cooling tower manufacturer coimbatore,cooling tower manufacturers,supplier,coimbatore
cooling tower manufacturing company in india,cooling tower manufacturers,supplier,
cooling tower manufacturer chennai,cooling tower manufacturers,supplier,chennai
cooling tower chemicals manufacturers in india,cooling tower manufacturers,supplier,
cooling tower chemical manufacturers,cooling tower manufacturers,supplier,
cooling tower cleaning companies,cooling tower manufacturers,supplier,
cooling tower chemical suppliers,cooling tower manufacturers,supplier,
cooling tower construction companies,cooling tower manufacturers,supplier,
cooling tower manufacturer delhi,cooling tower manufacturers,supplier,delhi
cooling tower manufacturers in delhi ncr,cooling tower manufacturers,supplier,delhi
natural draft cooling tower manufacturers in india,cooling tower manufacturers,supplier,
data center cooling tower manufacturers,cooling tower manufacturers,supplier,
natural draft cooling tower manufacturers,cooling tower manufacturers,supplier,
dry type cooling tower manufacturers in india,cooling tower manufacturers,supplier,
cooling tower manufacturer ahmedabad,cooling tower manufacturers,supplier,ahmedabad
cooling tower manufacturer in ankleshwar,cooling tower manufacturers,supplier,
cooling tower manufacturer in aurangabad,cooling tower manufacturers,supplier,
cooling tower manufacturer in agra,cooling tower manufacturers,supplier,
cooling tower manufacturers in europe,cooling tower manufacturers,supplier,
cooling tower fills manufacturers in india,cooling tower manufacturers,supplier,
cooling tower fills manufacturers,cooling tower manufacturers,supplier,
cooling tower fins manufacturer,cooling tower manufacturers,supplier,
cooling tower fills supplier,cooling tower manufacturers,supplier,
cooling tower manufacturers in ahmedabad,cooling tower manufacturers,supplier,ahmedabad
cooling tower manufacturers in tamilnadu,cooling tower manufacturers,supplier,tamilnadu
cooling tower gearbox manufacturer,cooling tower manufacturers,supplier,
cooling tower manufacturers in ghaziabad,cooling tower manufacturers,supplier,
cooling tower manufacturer in gurgaon,cooling tower manufacturers,supplier,gurgaon
cooling tower manufacturer in greater noida,cooling tower manufacturers,supplier,noida
cooling tower manufacturer in germany,cooling tower manufacturers,supplier,
cooling tower manufacturer in goa,cooling tower manufacturers,supplier,
cooling tower companies hiring,cooling tower manufacturers,supplier,
cooling tower manufacturers list,cooling tower manufacturers,supplier,
cooling tower manufacturer in haryana,cooling tower manufacturers,supplier,haryana
cooling tower companies in houston,cooling tower manufacturers,supplier,
hvac cooling tower manufacturers,cooling tower manufacturers,supplier,
cooling tower supplier johor,cooling tower manufacturers,supplier,
cooling tower manufacturers in jaipur,cooling tower manufacturers,supplier,jaipur
cooling tower supplier in johor bahru,cooling tower manufacturers,supplier,
cooling tower manufacturers in kolkata,cooling tower manufacturers,supplier,kolkata
cooling tower manufacturers in karnataka,cooling tower manufacturers,supplier,karnataka
cooling tower manufacturer in karachi,cooling tower manufacturers,supplier,
cooling tower manufacturer in kanpur,cooling tower manufacturers,supplier,
cooling tower manufacturer in kolhapur,cooling tower manufacturers,supplier,
cooling tower supplier in karachi,cooling tower manufacturers,supplier,
cooling tower companies near me,cooling tower manufacturers,supplier|service,
cooling tower nozzle manufacturers,cooling tower manufacturers,supplier,
cooling tower manufacturer mumbai,cooling tower manufacturers,supplier,mumbai
cooling tower motor manufacturer,cooling tower manufacturers,supplier,
cooling tower maintenance companies,cooling tower manufacturers,supplier|service,
cooling tower manufacturers in maharashtra,cooling tower manufacturers,supplier,maharashtra
cooling tower motor supplier,cooling tower manufacturers,supplier,
cooling tower manufacturers in madhya pradesh,cooling tower manufacturers,supplier,madhya pradesh
cooling tower companies list,cooling tower manufacturers,supplier,
cooling tower manufacturers in ludhiana,cooling tower manufacturers,supplier,ludhiana
cooling tower manufacturer in lahore,cooling tower manufacturers,supplier,
cooling tower manufacturer in lucknow,cooling tower manufacturers,supplier,
paharpur cooling towers ltd manufacturing plant,cooling tower manufacturers,supplier,
largest cooling tower manufacturers,cooling tower manufacturers,supplier,
closed loop cooling tower manufacturers in india,cooling tower manufacturers,supplier,
closed loop cooling tower manufacturers,cooling tower manufacturers,supplier,
cooling tower manufacturer in odisha,cooling tower manufacturers,supplier,odisha
cooling tower manufacturer paharpur,cooling tower manufacturers,supplier,
cooling tower manufacturing process,cooling tower manufacturers,supplier,
cooling tower pump manufacturers,cooling tower manufacturers,supplier,
cooling tower supplier penang,cooling tower manufacturers,supplier,
cooling tower parts supplier,cooling tower manufacturers,supplier,
cooling tower manufacturer in punjab,cooling tower manufacturers,supplier,punjab
cooling tower manufacturer in rajkot,cooling tower manufacturers,supplier,rajkot
cooling tower manufacturer in raipur,cooling tower manufacturers,supplier,
cooling tower manufacturer in rajasthan,cooling tower manufacturers,supplier,
rcc cooling tower manufacturers in india,cooling tower manufacturers,supplier,
cooling tower brands,cooling tower manufacturers,supplier,
cooling tower spares supplier,cooling tower manufacturers,supplier|service,
cooling tower service companies,cooling tower manufacturers,supplier|service,
cooling tower manufacturer in surat,cooling tower manufacturers,supplier,surat
cooling tower manufacturer in sonipat,cooling tower manufacturers,supplier,
cooling tower treatment companies,cooling tower manufacturers,supplier,
cooling tower manufacturer in turkey,cooling tower manufacturers,supplier,
cooling tower companies in texas,cooling tower manufacturers,supplier,
timber cooling tower manufacturers in india,cooling tower manufacturers,supplier,
cooling tower manufacturer in uttar pradesh,cooling tower manufacturers,supplier,uttar pradesh
water cooling tower manufacturers,cooling tower manufacturers,supplier,
wooden cooling tower manufacturers,cooling tower manufacturers,supplier,
cooling tower manufacturers in vadodara,cooling tower manufacturers,supplier,vadodara
cooling tower manufacturer in vapi,cooling tower manufacturers,supplier,
cooling tower manufacturer in vasai,cooling tower manufacturers,supplier,
cooling tower manufacturer in vatva,cooling tower manufacturers,supplier,
heat exchanger cooling tower pressure vessels manufacturers in india,cooling tower manufacturers,supplier,
best cooling tower manufacturers,cooling tower manufacturers,supplier,
best cooling tower companies,cooling tower manufacturers,supplier,
top 10 cooling tower manufacturers in india,cooling tower manufacturers,supplier,
top 10 cooling tower manufacturers,cooling tower manufacturers,supplier,
cooling tower manufacturer in india,cooling tower manufacturers,supplier,
cooling tower manufacturer in gujarat,cooling tower manufacturers,supplier,gujarat
frp cooling tower manufacturer near me,cooling tower manufacturers,supplier|service,
cooling tower fills supplier near me,cooling tower manufacturers,supplier|service,
cooling tower cleaning companies near me,cooling tower manufacturers,supplier|service,
cooling tower water treatment companies near me,cooling tower manufacturers,supplier|service,
cooling tower chemical treatment companies near me,cooling tower manufacturers,supplier|service,
cooling tower manufacturers in delhi,cooling tower manufacturers,supplier,delhi
cooling tower manufacturing companies in india,cooling tower manufacturers,supplier,
cooling tower manufacturing companies,cooling tower manufacturers,supplier,
cooling tower common problems,cooling tower manufacturers,other,
frp cooling tower,frp cooling tower,other,
frp cooling tower hsn code,frp cooling tower,compliance,
frp cooling tower manufacturer,frp cooling tower,supplier,
frp cooling tower full form,frp cooling tower,other,
frp cooling tower price,frp cooling tower,price,
frp cooling tower images,frp cooling tower,other,
frp cooling tower manufacturers in india,frp cooling tower,supplier,
frp cooling tower series 3800,frp cooling tower,other,
what is frp cooling tower,frp cooling tower,learn,
cooling tower frp structure,frp cooling tower,other,
frp cooling tower blade,frp cooling tower,other,
frp cooling tower with basin,frp cooling tower,other,
frp cooling towers manufacturers in bhopal,frp cooling tower,supplier,
frp based cooling tower,frp cooling tower,other,
frp cooling tower design,frp cooling tower,other,
frp induced draft cooling tower,frp cooling tower,other,
frp natural draft cooling tower,frp cooling tower,other,
frp cooling tower capacity,frp cooling tower,spec,
frp cooling tower components,frp cooling tower,learn,
frp cooling tower hs code,frp cooling tower,other,
cooling tower frp casing,frp cooling tower,other,
cooling tower frp coating,frp cooling tower,other,
frp counter flow cooling tower,frp cooling tower,other,
frp cross flow cooling tower,frp cooling tower,other,
frp cooling tower fills,frp cooling tower,other,
frp for cooling tower,frp cooling tower,other,
frp louvers for cooling tower,frp cooling tower,other,
frp blades for cooling tower,frp cooling tower,other,
frp casing for cooling tower,frp cooling tower,other,
frp cooling tower manufacturer in gujarat,frp cooling tower,supplier,gujarat
frp cooling tower installation,frp cooling tower,service,
frp cooling tower manufacturer in kolkata,frp cooling tower,supplier,kolkata
himgiri frp cooling tower,frp cooling tower,other,
hi tech frp cooling tower,frp cooling tower,other,
frp cooling tower louvers,frp cooling tower,other,
frp cooling tower meaning,frp cooling tower,learn,
frp cooling tower parts name,frp cooling tower,other,
frp cooling tower parts,frp cooling tower,other,
frp cooling tower paharpur,frp cooling tower,other,
frp cooling tower photo,frp cooling tower,other,
himgiri frp cooling towers pvt ltd,frp cooling tower,other,
himgiri frp cooling towers photos,frp cooling tower,other,
pultruded frp cooling tower,frp cooling tower,other,
frp of cooling tower,frp cooling tower,other,
hsn code of frp cooling tower,frp cooling tower,compliance,
frp round cooling tower,frp cooling tower,other,
frp vs rcc cooling tower,frp cooling tower,learn,
frp cooling tower specification,frp cooling tower,spec,
frp cooling tower supplier,frp cooling tower,supplier,
frp cooling tower structure,frp cooling tower,other,
frp square cooling tower,frp cooling tower,other,
cooling tower frp sheet,frp cooling tower,other,
frp square type cooling tower,frp cooling tower,other,
frp type cooling tower,frp cooling tower,other,
top frp cooling tower manufacturers in india,frp cooling tower,supplier,
50 tr frp cooling tower,frp cooling tower,spec,
frp cooling tower manufacturer in vadodara,frp cooling tower,supplier,vadodara
frp vs wooden cooling tower,frp cooling tower,learn,
frp cooling tower working,frp cooling tower,learn,
frp water cooling tower,frp cooling tower,other,
frp cooling tower uses,frp cooling tower,other,
frp cooling tower manufacturers,frp cooling tower,supplier,
cooling tower ac price,cooling tower price,price,
cooling tower approach value,cooling tower price,other,
adiabatic cooling tower price,cooling tower price,price,
cooling tower chemical price,cooling tower price,price,
cooling tower cleaning price,cooling tower price,price,
cooling tower price in china,cooling tower price,price,
cooling tower construction cost,cooling tower price,price,
chiller cooling tower price,cooling tower price,price,
closed circuit cooling tower price,cooling tower price,price,
cooling tower blade price,cooling tower price,price,
cooling tower gear box price,cooling tower price,price,
bac cooling tower price,cooling tower price,price,
cooling tower rooftop bar menu price,cooling tower price,supplier|price,
delta cooling tower price,cooling tower price,price,
cooling tower drift eliminator price,cooling tower price,price,
cooling tower evaporation rates,cooling tower price,price,
evapco cooling tower price,cooling tower price,price,
evapco cooling tower price list,cooling tower price,price,
cooling tower fins price,cooling tower price,price,
cooling tower finch price,cooling tower price,price,
cooling tower filter price,cooling tower price,price,
cooling tower pvc fills price,cooling tower price,price,
cooling tower gearbox price,cooling tower price,price,
galaxy cooling tower price,cooling tower price,price,
cooling tower sprinkler head price,cooling tower price,price,
himgiri cooling tower price list,cooling tower price,price,
himgiri cooling tower price,cooling tower price,price,
cooling tower machine price,cooling tower price,price,
cooling tower maintenance cost,cooling tower price,price|service,
cooling tower media cost,cooling tower price,price,
cooling tower fill media price,cooling tower price,price,
mini cooling tower price,cooling tower price,price,
marley cooling tower price,cooling tower price,price,
7.5 hp cooling tower motor price,cooling tower price,price|spec,
oscillating cooling tower price,cooling tower price,price,
price of cooling tower,cooling tower price,price,
cooling tower louvers price,cooling tower price,price,
mihir cooling tower price list,cooling tower price,price,
paharpur cooling towers price list,cooling tower price,price,
cooling tower 500 ltr price,cooling tower price,price,
cooling tower pump price,cooling tower price,price,
paharpur cooling tower price,cooling tower price,price,
cooling tower replacement cost,cooling tower price,price,
cooling tower rental cost,cooling tower price,price,
cooling tower replacement cost per ton,cooling tower price,price,
cooling tower refurbishment cost,cooling tower price,price,
raj cooling tower price,cooling tower price,price,
cooling tower sprinkler price,cooling tower price,price,
cooling tower strainer price,cooling tower price,price,
cooling tower system price,cooling tower price,price,
paharpur cooling tower share price,cooling tower price,price,
paharpur cooling towers share price history,cooling tower price,price,
small cooling tower price,cooling tower price,price,
small cooling tower price in india,cooling tower price,price,
cooling tower 200 tr price,cooling tower price,price|spec,
cooling tower 20 tr price,cooling tower price,price|spec,
cooling tower 100 tr price,cooling tower price,price|spec,
cooling tower 50 tr price,cooling tower price,price|spec,
cooling tower 30 tr price,cooling tower price,price|spec,
cooling tower 300 tr price,cooling tower price,price|spec,
cooling tower 150 tr price,cooling tower price,price|spec,
cooling tower 250 tr price,cooling tower price,price|spec,
cooling tower float valve price,cooling tower price,price,
vibration switch for cooling tower price,cooling tower price,price,
cooling tower water cost,cooling tower price,price,
water cooling tower price,cooling tower price,price,
industrial water cooling tower price,cooling tower price,price,
cooling tower specification,cooling tower price,spec,
cooling tower fills material,cooling tower fills,other,
cooling tower fills hsn code,cooling tower fills,compliance,
cooling tower fills replacement,cooling tower fills,other,
cooling tower fills or fins,cooling tower fills,other,
cooling tower fills size,cooling tower fills,other,
cooling tower fills life,cooling tower fills,other,
20 tr cooling tower price,cooling tower price,price|spec,
100 tr cooling tower price,cooling tower price,price|spec,
cooling tower fills arrangement,cooling tower fills,other,
cooling tower fill and drift eliminators,cooling tower fills,other,
cooling tower abs fills,cooling tower fills,other,
cooling tower fill valve assembly,cooling tower fills,other,
difference between cooling tower fill and drift eliminators,cooling tower fills,learn,
what are cooling tower fills,cooling tower fills,other,
cooling tower fill blocks,cooling tower fills,other,
brentwood cooling tower fills,cooling tower fills,other,
what is cooling tower fill,cooling tower fills,learn,
cooling tower fills cleaning,cooling tower fills,other,
cooling tower fills cleaning procedure,cooling tower fills,other,
cooling tower fills cleaning chemical,cooling tower fills,other,
cooling tower fill calculation,cooling tower fills,spec,
cooling tower fills cost,cooling tower fills,price,
cooling tower fill cleaner,cooling tower fills,other,
cooling tower fills hs code,cooling tower fills,other,
cooling tower fill replacement cost,cooling tower fills,price,
goodway cooling tower fill cleaner,cooling tower fills,other,
cooling tower fills dimensions,cooling tower fills,other,
cooling tower fill design,cooling tower fills,other,
cooling tower fill descaler,cooling tower fills,other,
cooling tower fill là gì,cooling tower fills,other,
cooling tower fill life expectancy,cooling tower fills,other,
cooling tower fill media life expectancy,cooling tower fills,other,
evapco cooling tower fills,cooling tower fills,other,
cooling tower fills function,cooling tower fills,learn,
cooling tower fill fouling,cooling tower fills,other,
cooling tower fill for sale,cooling tower fills,other,
cooling tower film fill,cooling tower fills,other,
cooling tower fill replacement frequency,cooling tower fills,other,
cross flow cooling tower fills,cooling tower fills,other,
fills for cooling tower,cooling tower fills,other,
hsn code for cooling tower fills,cooling tower fills,compliance,
cooling tower fill height calculation,cooling tower fills,spec,
cooling tower honeycomb fills,cooling tower fills,other,
cooling tower pvc fills hsn code,cooling tower fills,compliance,
how to clean cooling tower fills,cooling tower fills,learn,
cooling tower fills images,cooling tower fills,other,
cooling tower fills installation,cooling tower fills,service,
fouled cooling tower fill increases,cooling tower fills,other,
what is cooling tower fills,cooling tower fills,learn,
cooling tower fill kit,cooling tower fills,other,
cooling tower fill line,cooling tower fills,other,
cooling tower fills making machine,cooling tower fills,other,
cooling tower fills manufacturer,cooling tower fills,supplier,
cooling tower fills moc,cooling tower fills,other,
cooling tower fill media,cooling tower fills,other,
cooling tower fill media replacement,cooling tower fills,other,
cooling tower fills near me,cooling tower fills,service,
pvc cooling tower fills manufacturer near me,cooling tower fills,supplier|service,
non clogging cooling tower fills,cooling tower fills,other,
types of cooling tower fills,cooling tower fills,learn,
fills of cooling tower,cooling tower fills,other,
cooling tower fills pvc,cooling tower fills,other,
cooling tower fills purpose,cooling tower fills,other,
cooling tower fills photo,cooling tower fills,other,
cooling tower fill pack,cooling tower fills,other,
cooling tower fill packaging,cooling tower fills,other,
cooling tower pvc fills manufacturer,cooling tower fills,supplier,
cooling tower ring fills,cooling tower fills,other,
marley cooling tower fill replacement,cooling tower fills,other,
evapco cooling tower fill replacement,cooling tower fills,other,
bac cooling tower fill replacement,cooling tower fills,other,
bac cooling tower fill replacement instructions,cooling tower fills,other,
marley spx cooling tower fill replacement,cooling tower fills,other,
cooling tower fills scrap,cooling tower fills,other,
cooling tower fills specification,cooling tower fills,spec,
cooling tower fills support,cooling tower fills,other,
cooling tower fill sheets,cooling tower fills,other,
cooling tower fill sensor,cooling tower fills,other,
cooling tower fill scale,cooling tower fills,other,
cooling tower fills uses,cooling tower fills,other,
cooling tower fills tender,cooling tower fills,other,
cooling tower trickle fills,cooling tower fills,other,
pvc cooling tower fills types,cooling tower fills,other,
cooling tower fill media types,cooling tower fills,other,
cooling tower fill valve,cooling tower fills,other,
cooling tower water fill valve,cooling tower fills,other,
marley cooling tower fill valve,cooling tower fills,other,
electronic cooling tower fill valve,cooling tower fills,other,
bac cooling tower fill valve,cooling tower fills,other,
evapco cooling tower fill valve,cooling tower fills,other,
2 cooling tower fill valve,cooling tower fills,other,
1 cooling tower fill valve,cooling tower fills,other,
cooling tower water fill,cooling tower fills,other,
how does cooling tower fill work,cooling tower fills,learn,
what is cooling tower fill material,cooling tower fills,learn,
what is cooling tower fill media,cooling tower fills,learn,
what is cooling tower fill made of,cooling tower fills,learn,
how to replace cooling tower fill,cooling tower fills,learn,
pvc cooling tower fills manufacturer,cooling tower fills,supplier,
pvc fills for cooling tower suppliers,cooling tower fills,supplier,
compressed air dryer,compressed air dryer,other,
compressed air dryer manufacturers,compressed air dryer,supplier,
compressed air dryer working principle,compressed air dryer,learn,
compressed air dryer types,compressed air dryer,other,
compressed air dryer specifications,compressed air dryer,spec,
compressed air dryer sizing calculation xls,compressed air dryer,spec,
compressed air dryer system,compressed air dryer,other,
compressed air dryers and filters,compressed air dryer,other,
compressed air dryer nz,compressed air dryer,other,
compressed air dryer harbor freight,compressed air dryer,other,
compressed air dryer and filter,compressed air dryer,other,
compressed air dryer auto drain,compressed air dryer,other,
compressed air dryer atlas copco,compressed air dryer,other,
compressed air dryer and regulator,compressed air dryer,other,
compressed air dryer amazon,compressed air dryer,other,
compressor air dryer and filter,compressed air dryer,other,
compressed air dryers and filters durban,compressed air dryer,other,
compressor air dryer and regulator,compressed air dryer,other,
compressor air dryer amazon,compressed air dryer,other,
compressed air dryer before or after tank,compressed air dryer,other,
compressed air dryer brands,compressed air dryer,supplier,
compressed air dryer beads,compressed air dryer,other,
compressed air dryer bypass,compressed air dryer,other,
compressor air dryer beads,compressed air dryer,other,
compressed air blow dryer,compressed air dryer,other,
compressed air dryer desiccant,compressed air dryer,other,
compressed air dryer diy,compressed air dryer,other,
compressed air dryer dew point,compressed air dryer,other,
compressed air dryer design,compressed air dryer,other,
compressed air dryer drain,compressed air dryer,other,
compressor air dryer diy,compressed air dryer,other,
compressor air dryer desiccant,compressed air dryer,other,
compressor air dryer dew point,compressed air dryer,other,
compressed air dryer china,compressed air dryer,other,
compressed air dryer controller,compressed air dryer,other,
compressed air dryer cost,compressed air dryer,price,
compressed air dryer components,compressed air dryer,learn,
compressed air dryer capacity,compressed air dryer,spec,
compressed air dryer cartridge,compressed air dryer,other,
compressed air dryer cleaner,compressed air dryer,other,
compressor air dryer canadian tire,compressed air dryer,other,
compressed air dryer evaporator,compressed air dryer,other,
compressed air dryer ebay,compressed air dryer,other,
compressed air dryer efficiency,compressed air dryer,other,
compressed air dryer heat exchanger,compressed air dryer,other,
epsea compressed air dryer,compressed air dryer,other,
electric compressed air dryer,compressed air dryer,other,
elgi compressed air dryer,compressed air dryer,other,
energy saving refrigerant compressed air dryer,compressed air dryer,other,
compressed air dryer filter,compressed air dryer,other,
compressed air dryer for home shop,compressed air dryer,other,
compressed air dryer filter kit,compressed air dryer,other,
compressed air dryer for home,compressed air dryer,other,
compressed air dryer for plasma cutter,compressed air dryer,other,
compressed air dryer for sale,compressed air dryer,other,
compressed air dryer for painting,compressed air dryer,other,
compressed air dryer for spray painting,compressed air dryer,other,
compressed air dryer freezing up,compressed air dryer,other,
compressed air dryer function,compressed air dryer,learn,
compressed air dryer grainger,compressed air dryer,other,
compressed air dryer gem,compressed air dryer,other,
compressed air dryer silica gel,compressed air dryer,other,
gardner denver compressed air dryer,compressed air dryer,other,
gardner denver compressed air dryer manual,compressed air dryer,other,
great lakes compressed air dryer,compressed air dryer,other,
refrigerated compressed air dryer là gì,compressed air dryer,other,
what does a compressed air dryer do,compressed air dryer,other,
compressed air dryer hs code,compressed air dryer,other,
compressed air dryer how it works,compressed air dryer,learn,
compressed air dryer hsn code,compressed air dryer,compliance,
compressed air dryer hire,compressed air dryer,other,
compressed air dryer home depot,compressed air dryer,other,
compressor air dryer harbor freight,compressed air dryer,other,
compressor air dryer hsn code,compressed air dryer,compliance,
compressor air dryer hs code,compressed air dryer,other,
compressed air dryer installation,compressed air dryer,service,
compressed air dryer ireland,compressed air dryer,other,
compressed air dryer ingersoll rand,compressed air dryer,other,
compressed air dryer industrial,compressed air dryer,other,
compressed air dryer inline,compressed air dryer,other,
jt type compressed air dryer,compressed air dryer,other,
how does a compressed air dryer work,compressed air dryer,learn,
what is a compressed air dryer,compressed air dryer,learn,
compressed air dryer kaeser,compressed air dryer,other,
compressed air dryer kit,compressed air dryer,other,
compressor air dryer kit,compressed air dryer,other,
compressed air dryer vent cleaning kit,compressed air dryer,other,
compressed air line dryer,compressed air dryer,other,
lowes compressed air dryer,compressed air dryer,other,
large compressed air dryer,compressed air dryer,other,
lode star compressed air dryer,compressed air dryer,other,
compressed air dryer maintenance checklist,compressed air dryer,service,
compressed air dryer manufacturers in india,compressed air dryer,supplier,
compressed air dryer machine,compressed air dryer,other,
compressed air dryer manual,compressed air dryer,other,
compressed air dryer model 40211,compressed air dryer,spec,
compressed air dryer mikropor,compressed air dryer,other,
compressed air dryer maintenance,compressed air dryer,service,
compressed air dryer mke 53,compressed air dryer,other,
compressed air dryer membrane,compressed air dryer,other,
compressed air dryer near me,compressed air dryer,service,
compressed air dryer not working,compressed air dryer,learn,
compressed air dryer nano,compressed air dryer,other,
compressor air dryer near me,compressed air dryer,service,
compressor air dryer nearby,compressed air dryer,other,
compressor air dryer not working,compressed air dryer,learn,
compressor air dryer nz,compressed air dryer,other,
compressed air dryer operation,compressed air dryer,other,
compressed air dryer oiler,compressed air dryer,other,
compressor air dryer oil separator,compressed air dryer,other,
omega compressed air dryer,compressed air dryer,other,
outdoor compressed air dryer,compressed air dryer,other,
types of compressed air dryer,compressed air dryer,learn,
point of use compressed air dryer,compressed air dryer,other,
dew point of compressed air dryer,compressed air dryer,other,
compressed air dryer price,compressed air dryer,price,
compressed air dryer pre filter,compressed air dryer,other,
compressed air dryer parts,compressed air dryer,other,
compressed air dryer p&id symbol,compressed air dryer,other,
compressed air dryer purpose,compressed air dryer,other,
compressed air dryer portable,compressed air dryer,other,
compressed air dryer parker,compressed air dryer,other,
compressed air dryer package,compressed air dryer,other,
quincy compressed air dryer,compressed air dryer,other,
qrht 25 compressed air dryer,compressed air dryer,other,
qrht 50 compressed air dryer,compressed air dryer,other,
compressed air dryer service near me,compressed air dryer,service,
compressed air dryer symbol,compressed air dryer,other,
compressed air dryer service,compressed air dryer,service,
compressed air dryer supplier,compressed air dryer,supplier,
compressed air dryer sizing calculation,compressed air dryer,spec,
compressed air dryer rental,compressed air dryer,other,
compressed air dryer refrigerated,compressed air dryer,other,
compressed air dryer regulator,compressed air dryer,other,
compressed air dryer repair,compressed air dryer,service,
compressed air dryer refrigerated and desiccant,compressed air dryer,other,
compressed air dryer reddit,compressed air dryer,other,
compressed air dryer repair near me,compressed air dryer,service,
compressor air dryer repair near me,compressed air dryer,service,
compressor air dryer repair,compressed air dryer,service,
compressed air dryer vent cleaner,compressed air dryer,other,
compressed air dryer vent cleaning,compressed air dryer,other,
compressed air dryer vevor,compressed air dryer,other,
compressed air dryer vent,compressed air dryer,other,
compressor air dryer vevor,compressed air dryer,other,
compressor air dryer valve,compressed air dryer,other,
compressed air dryer unit,compressed air dryer,other,
compressed air dryer uses,compressed air dryer,other,
compressor air dryer unit,compressed air dryer,other,
used compressed air dryer for sale,compressed air dryer,price,
donaldson ultrafilter compressed air dryer,compressed air dryer,other,
compressed air dryer temperature,compressed air dryer,other,
compressed air dryer troubleshooting,compressed air dryer,service,
compressor air dryer types,compressed air dryer,other,
compressor air dryer troubleshooting,compressed air dryer,service,
compressor air dryer tank,compressed air dryer,other,
refrigerated compressed air dryer troubleshooting,compressed air dryer,service,
compressed air dryer water separator,compressed air dryer,other,
compressed air dryer working,compressed air dryer,learn,
compressor air dryer working principle,compressed air dryer,learn,
compressor air dryer working,compressed air dryer,learn,
compressed air with dryer,compressed air dryer,other,
best compressed air dryer,compressed air dryer,supplier,
best compressed air dryer for home shop,compressed air dryer,supplier,
best compressor air dryer,compressed air dryer,supplier,
zeks compressed air dryer,compressed air dryer,other,
how to size compressed air dryer,compressed air dryer,learn,
how to install compressed air dryer,compressed air dryer,learn,
how compressed air dryer works,compressed air dryer,learn,
how to make compressor air dryer,compressed air dryer,learn,
how compressor air dryer works,compressed air dryer,learn,
how to make a compressed air dryer,compressed air dryer,learn,
how to build a compressor air dryer,compressed air dryer,learn,
what is compressed air dryer,compressed air dryer,learn,
what is compressor air dryer,compressed air dryer,learn,
what is a compressed air dryer used for,compressed air dryer,price|learn,
what is a refrigerated compressed air dryer,compressed air dryer,learn,
what size compressed air dryer do i need,compressed air dryer,other,
what does compressed air dryer do,compressed air dryer,other,
what does a compressor air dryer do,compressed air dryer,other,
what is the best air dryer for air compressor,compressed air dryer,supplier|learn,
cheap compressed air dryer,compressed air dryer,price,
cheap compressor air dryer,compressed air dryer,price,
buy compressed air dryer,compressed air dryer,price,
shop compressed air dryer,compressed air dryer,other,
shop compressor air dryer,compressed air dryer,other,
how do compressed air dryers work,compressed air dryer,learn,
how does compressor air dryer work,compressed air dryer,learn,
how do compressor air dryers work,compressed air dryer,learn,
how does compressed air dryer work,compressed air dryer,learn,
compressor air dryer service near me,compressed air dryer,service,
compressor air dryer price,compressed air dryer,price,
refrigerated compressed air dryer price,compressed air dryer,price,
how much does an air dryer cost,compressed air dryer,price|learn,
how much is an air dryer,compressed air dryer,learn,
compressor air dryer cost,compressed air dryer,price,
how does an air dryer work,compressed air dryer,learn,
compressor air dryer manufacturer,compressed air dryer,supplier,
air dryer manufacturers,compressed air dryer,supplier,
compressor air dryer service,compressed air dryer,service,
compressor air dryer maintenance,compressed air dryer,service,
iso 7183 compressed air dryers specification and testing,compressed air dryer,spec|compliance,
compressed air vs blow dryer,compressed air dryer,learn,
air dryer vs air compressor,compressed air dryer,learn,
air dryer capacity calculation,compressed air dryer,spec,
air dryer capacity,compressed air dryer,spec,
refrigerated air dryer,refrigerated air dryer,other,
refrigerated air dryer working principle,refrigerated air dryer,learn,
refrigerated air dryer price,refrigerated air dryer,price,
refrigerated air dryer hsn code,refrigerated air dryer,compliance,
refrigerated air dryer for compressor,refrigerated air dryer,other,
refrigerated air dryer manufacturers in india,refrigerated air dryer,supplier,
refrigerated air dryer uses,refrigerated air dryer,other,
refrigerated air dryer 40 cfm,refrigerated air dryer,spec,
refrigerated air dryer working,refrigerated air dryer,learn,
refrigerated air dryer atlas copco,refrigerated air dryer,other,
refrigerated air dryer amazon,refrigerated air dryer,other,
refrigerated air dryer brands,refrigerated air dryer,supplier,
beko refrigerated air dryer,refrigerated air dryer,other,
best refrigerated air dryer,refrigerated air dryer,supplier,
boge refrigerated air dryer,refrigerated air dryer,other,
best refrigerated air dryer manufacturers,refrigerated air dryer,supplier,
refrigerated air dryer dew point,refrigerated air dryer,other,
refrigerated air dryer diy,refrigerated air dryer,other,
refrigerated air dryer drain,refrigerated air dryer,other,
refrigerated air dryer compressor,refrigerated air dryer,other,
refrigerated air dryer china,refrigerated air dryer,other,
refrigerated air dryer components,refrigerated air dryer,learn,
refrigerated air dryer controller,refrigerated air dryer,other,
refrigerated air dryer ckd,refrigerated air dryer,other,
refrigerated air dryer catalogue,refrigerated air dryer,compliance,
refrigerated air dryer capacity,refrigerated air dryer,spec,
refrigerated air dryer cost,refrigerated air dryer,price,
refrigerated air dryer evaporator,refrigerated air dryer,other,
refrigerated air dryer elgi,refrigerated air dryer,other,
refrigerated air dryer ebay,refrigerated air dryer,other,
refrigerated air dryer heat exchanger,refrigerated air dryer,other,
emax refrigerated air dryer,refrigerated air dryer,other,
elgi refrigerated air dryer manual,refrigerated air dryer,other,
refrigerated air dryer hs code,refrigerated air dryer,other,
refrigerated air dryer harbor freight,refrigerated air dryer,other,
refrigerated air dryer how it works,refrigerated air dryer,learn,
refrigerated air dryer for sale,refrigerated air dryer,other,
refrigerated air dryer filter,refrigerated air dryer,other,
function of refrigerated air dryer,refrigerated air dryer,learn,
refrigerated air dryer for painting,refrigerated air dryer,other,
refrigerated air dryer freezing up,refrigerated air dryer,other,
refrigerated air dryer installation,refrigerated air dryer,service,
refrigerated air dryer ingersoll rand,refrigerated air dryer,other,
refrigerated air dryer in india,refrigerated air dryer,other,
gem refrigerated air dryer,refrigerated air dryer,other,
grainger refrigerated air dryer,refrigerated air dryer,other,
gardner denver refrigerated air dryer,refrigerated air dryer,other,
great lakes refrigerated air dryer,refrigerated air dryer,other,
refrigerated air dryer là gì,refrigerated air dryer,other,
refrigerated air dryer là máy gì,refrigerated air dryer,other,
jaguar refrigerated air dryer,refrigerated air dryer,other,
johnson controls refrigerated air dryer,refrigerated air dryer,other,
what is a refrigerated air dryer,refrigerated air dryer,learn,
what is a refrigerated air dryer used for,refrigerated air dryer,price|learn,
how does a refrigerated air dryer work,refrigerated air dryer,learn,
diy refrigerated air dryer,refrigerated air dryer,other,
kaeser refrigerated air dryer,refrigerated air dryer,other,
keltec refrigerated air dryer,refrigerated air dryer,other,
refrigerated air dryer manufacturers,refrigerated air dryer,supplier,
refrigerated air dryer manufacturers in mumbai,refrigerated air dryer,supplier,mumbai
refrigerated air dryer maintenance checklist,refrigerated air dryer,service,
refrigerated air dryer manual,refrigerated air dryer,other,
refrigerated air dryer manufacturers in maharashtra,refrigerated air dryer,supplier,maharashtra
refrigerated air dryer manufacturers in coimbatore,refrigerated air dryer,supplier,coimbatore
refrigerated air dryer maintenance,refrigerated air dryer,service,
refrigerated air dryer machine,refrigerated air dryer,other,
refrigeration air dryer model d600in-a,refrigerated air dryer,spec,
refrigerated air dryer near me,refrigerated air dryer,service,
refrigerated air dryer nz,refrigerated air dryer,other,
refrigerated air dryer nearby,refrigerated air dryer,other,
refrigerated air dryer repair near me,refrigerated air dryer,service,
refrigerated air dryer outlet temperature,refrigerated air dryer,other,
refrigeration type control air dryer operating principle,refrigerated air dryer,learn,
orion refrigerated air dryer,refrigerated air dryer,other,
omega refrigerated air dryer,refrigerated air dryer,other,
desiccant or refrigerated air dryer,refrigerated air dryer,other,
parts of refrigerated air dryer,refrigerated air dryer,learn,
refrigerated air dryer repair,refrigerated air dryer,service,
refrigerated air dryer rental,refrigerated air dryer,other,
refrigerated air dryer parts,refrigerated air dryer,other,
refrigerated air dryer purpose,refrigerated air dryer,other,
refrigerated air dryer p&id,refrigerated air dryer,other,
refrigerated air dryer quincy,refrigerated air dryer,other,
quincy refrigerated air dryer manual,refrigerated air dryer,other,
quincy non cycling refrigerated air dryer,refrigerated air dryer,other,
refrigerated air dryer que es,refrigerated air dryer,other,
refrigerated air dryer specification,refrigerated air dryer,spec,
refrigerated air dryer smc,refrigerated air dryer,other,
refrigerated air dryer service,refrigerated air dryer,service,
refrigerated air dryer supplier,refrigerated air dryer,supplier,
refrigerated air dryer schematic,refrigerated air dryer,other,
refrigerated air dryer system,refrigerated air dryer,other,
refrigerated air dryer sizing,refrigerated air dryer,spec,
refrigerated air dryer sullair,refrigerated air dryer,other,
refrigerated air dryer symbol,refrigerated air dryer,other,
refrigerated air dryer setup,refrigerated air dryer,other,
refrigerated air dryer troubleshooting,refrigerated air dryer,service,
ingersoll rand refrigerated air dryer troubleshooting,refrigerated air dryer,service,
compressed air dryers how they work,refrigerated air dryer,learn,
refrigerated type air dryer,refrigerated air dryer,other,
refrigerated air dryer unit,refrigerated air dryer,other,
used refrigerated air dryer for sale,refrigerated air dryer,price,
ultra air refrigerated air dryer,refrigerated air dryer,other,
unique air products refrigerated air dryer manufacturer,refrigerated air dryer,supplier,
refrigerated air dryer working animation,refrigerated air dryer,learn,
refrigerated air dryer vs desiccant,refrigerated air dryer,learn,
refrigerated air dryer vevor,refrigerated air dryer,other,
cycling refrigerated air dryer vs non cycling,refrigerated air dryer,learn,
zeks refrigerated air dryer,refrigerated air dryer,other,
top refrigerated air dryer manufacturers in india,refrigerated air dryer,supplier,
what is refrigerated air dryer,refrigerated air dryer,learn,
what is a non cycling refrigerated air dryer,refrigerated air dryer,learn,
what does a refrigerated air dryer do,refrigerated air dryer,other,
how to install refrigerated air dryer,refrigerated air dryer,learn,
how to test refrigerated air dryer,refrigerated air dryer,learn,
how refrigerated air dryer works,refrigerated air dryer,learn,
how to size a refrigerated air dryer,refrigerated air dryer,learn,
how to make a refrigerated air dryer,refrigerated air dryer,learn,
how does refrigerated air dryer work,refrigerated air dryer,learn,
refrigerant type air dryer working principle,refrigerated air dryer,learn,
refrigerant air dryer capacity correction factor calculation,refrigerated air dryer,spec,
air dryer price,air dryer price,price,
air dryer price in india,air dryer price,price,
air dryer price bd,air dryer price,price,
air dryer compressor price,air dryer price,price,
air dryer cartridge price,air dryer price,price,
air dryer filter price,air dryer price,price,
air dryer fan price,air dryer price,price,
air dryer freightliner price,air dryer price,price,
havells air dryer price,air dryer price,price,
air dryer price list,air dryer price,price,
elgi air dryer price list,air dryer price,price,
air dryer kit price,air dryer price,price,
air dryer machine price,air dryer price,price,
air dryer machine price in india,air dryer price,price,
air dryer philips price,air dryer price,price,
air dryer replacement cost,air dryer price,price,
air dryer sensor price,air dryer price,price,
air dryer valve price,air dryer price,price,
air dryer volvo price,air dryer price,price,
air dryer purge valve price,air dryer price,price,
air dryer wabco price,air dryer price,price,
air dryer truck price,air dryer price,price,
desiccant air dryer price,air dryer price,price,
hot air dryer price,air dryer price,price,
price of air dryer,air dryer price,price,
what is an air dryer,air dryer price,learn,
air dryer service near me,air dryer price,service,
air dryer repair near me,air dryer price,service,
trident air dryer price list,air dryer price,price,
air dryer specification,air dryer price,spec,
moisture separator,moisture separator,other,
moisture separator for compressor,moisture separator,other,
moisture separator for air compressor,moisture separator,other,
moisture separator for steam,moisture separator,other,
moisture separator with auto drain valve,moisture separator,other,
moisture separator hsn code,moisture separator,compliance,
moisture separator price,moisture separator,price,
moisture separator filter,moisture separator,other,
moisture separator for air compressor price,moisture separator,price,
moisture separator for air line,moisture separator,other,
moisture separator compressor,moisture separator,other,
moisture separator compressed air,moisture separator,other,
water separator compressed air,moisture separator,other,
moisture separator air compressor,moisture separator,other,
moisture separator and reheater,moisture separator,other,
moisture separator air filter,moisture separator,other,
moisture separator air,moisture separator,other,
moisture separator baffle type,moisture separator,other,
moisture separator bowl,moisture separator,other,
moisture separator element,moisture separator,other,
moisture separator design,moisture separator,other,
water separator drain valve,moisture separator,other,
moisture separator for compressed air,moisture separator,other,
moisture separator for steam line,moisture separator,other,
moisture separator for vacuum pump,moisture separator,other,
moisture separator for sandblasting,moisture separator,other,
moisture separator hs code,moisture separator,other,
moisture separator hydint,moisture separator,other,
moisture separator hvac,moisture separator,other,
moisture separator harbor freight,moisture separator,other,
moisture separator heater,moisture separator,other,
moisture separator in steam line,moisture separator,other,
moisture separator in air compressor,moisture separator,other,
moisture separator ingersoll rand,moisture separator,other,
moisture separator in compressor,moisture separator,other,
moisture separator janatics,moisture separator,other,
how does a moisture separator work,moisture separator,learn,
moisture separator manufacturer in india,moisture separator,supplier,
moisture separator machine,moisture separator,other,
moisture separator manufacturer,moisture separator,supplier,
moisture separator p&id symbol,moisture separator,other,
moisture separator p&id,moisture separator,other,
moisture separator nuclear power plant,moisture separator,other,
moisture separator reheater,moisture separator,other,
moisture separator reheater nuclear power plant,moisture separator,other,
moisture separator reheater sizing,moisture separator,spec,
moisture separator reheater nuclear,moisture separator,other,
moisture separator reheater msr,moisture separator,other,
moisture separator reheater design,moisture separator,other,
moisture separator regulator,moisture separator,other,
quincy moisture separator,moisture separator,other,
moisture separator symbol,moisture separator,other,
moisture separator steam,moisture separator,other,
moisture separator spirax sarco,moisture separator,other,
moisture separator smc,moisture separator,other,
moisture separator tank,moisture separator,other,
moisture separator thermax,moisture separator,other,
moisture separator types,moisture separator,other,
moisture separator working principle,moisture separator,learn,
moisture separator unit,moisture separator,other,
moisture separator valve,moisture separator,other,
moisture separator vs air dryer,moisture separator,learn,
moisture separator vessel,moisture separator,other,
moisture separator vs steam trap,moisture separator,learn,
water separator vs air dryer,moisture separator,learn,
best moisture separator for air compressor,moisture separator,supplier,
what is moisture separator,moisture separator,learn,
what is a moisture separator reheater,moisture separator,learn,
hydint moisture separator price,moisture separator,price,
moisture separator filter price,moisture separator,price,
steam moisture separator price,moisture separator,price,
air moisture separator working principle,moisture separator,learn,
automatic drain valve,automatic drain valve,other,
automatic drain valve for air compressor,automatic drain valve,other,
automatic drain valve hsn code,automatic drain valve,compliance,
automatic drain valve for water system,automatic drain valve,other,
automatic drain valve for air tank,automatic drain valve,other,
automatic drain valve for fire sprinkler system,automatic drain valve,other,
automatic drain valve for compressor,automatic drain valve,other,
automatic drain valve irrigation,automatic drain valve,other,
automatic drain valve price,automatic drain valve,price,
automatic drain valve for air receiver tank,automatic drain valve,other,
automatic drain valve air compressor,automatic drain valve,other,
automatic drain valve atlas copco,automatic drain valve,other,
automatic drain valve air tank,automatic drain valve,other,
auto drain valve air compressor,automatic drain valve,other,
auto drain valve ad402 04,automatic drain valve,other,
auto drain valve ad402,automatic drain valve,other,
auto drain valve assembly,automatic drain valve,other,
auto drain valve adf 695,automatic drain valve,other,
auto drain valve ad402 04 smc,automatic drain valve,other,
auto drain valve air dryer,automatic drain valve,other,
auto drain valve digital,automatic drain valve,other,
auto drain valve diaphragm,automatic drain valve,other,
auto drain valve danfoss,automatic drain valve,other,
auto drain valve dn15,automatic drain valve,other,
trident auto drain valve dealers in delhi,automatic drain valve,supplier,delhi
automatic drain valve compressor,automatic drain valve,other,
automatic drain valve compressed air,automatic drain valve,other,
auto drain valve compressor,automatic drain valve,other,
auto drain valve concept make,automatic drain valve,other,
auto drain valve connection,automatic drain valve,other,
auto drain valve coil,automatic drain valve,other,
auto drain valve catalogue,automatic drain valve,compliance,
auto drain valve concept,automatic drain valve,other,
auto drain valve ckd,automatic drain valve,other,
automatic drain valve bendix,automatic drain valve,other,
auto drain valve blows during,automatic drain valve,other,
auto drain valve bekomat,automatic drain valve,other,
auto drain valve brass,automatic drain valve,other,
automatic drain valve edv 161,automatic drain valve,other,
auto drain valve elgi,automatic drain valve,other,
auto drain valve electric,automatic drain valve,other,
auto drain valve edv 161,automatic drain valve,other,
auto drain valve edv x 1 1,automatic drain valve,other,
auto drain valve etd 121,automatic drain valve,other,
trident auto drain valve edv series,automatic drain valve,other,
automatic electronic drain valve,automatic drain valve,other,
expello automatic drain valve,automatic drain valve,other,
auto drain valve grainger,automatic drain valve,other,
auto drain valve for steam generator,automatic drain valve,other,
gardena automatic drain valve,automatic drain valve,other,
automatic drain valve hs.code,automatic drain valve,other,
automatic drain valve haldex,automatic drain valve,other,
auto drain valve hsn code,automatic drain valve,compliance,
auto drain valve hydint,automatic drain valve,other,
auto drain valve hsn code and gst rate,automatic drain valve,price|compliance,
auto drain valve had20b,automatic drain valve,other,
auto drain valve hsn code 8 digit,automatic drain valve,compliance,
auto drain valve home depot,automatic drain valve,other,
auto drain valve how it works,automatic drain valve,learn,
automatic drain valve for sprinkler system,automatic drain valve,other,
automatic drain valve for air compressor tank,automatic drain valve,other,
automatic drain valve for compressed air,automatic drain valve,other,
automatic drain valve for irrigation,automatic drain valve,other,
auto drain valve irrigation,automatic drain valve,other,
auto drain valve image,automatic drain valve,other,
auto drain valve ingersoll rand,automatic drain valve,other,
auto drain valve in compressor,automatic drain valve,other,
auto drain valve installation,automatic drain valve,service,
auto drain valve in air compressor,automatic drain valve,other,
auto drain valve in locomotive,automatic drain valve,other,
electronic drain valve ingersoll rand,automatic drain valve,other,
automatic drain valve kit,automatic drain valve,other,
auto drain valve kaeser,automatic drain valve,other,
auto drain valve kya hota hai,automatic drain valve,other,
air compressor automatic drain valve kit,automatic drain valve,other,
auto drain valve janatics,automatic drain valve,other,
auto drain valve jorc,automatic drain valve,other,
auto drain valve with timer janatics,automatic drain valve,other,
auto drain valve 1 2 janatics,automatic drain valve,other,
jorc automatic drain valve,automatic drain valve,other,
how automatic drain valve works,automatic drain valve,learn,
auto drain valve function,automatic drain valve,learn,
what is auto drain valve,automatic drain valve,learn,
how auto drain valve works,automatic drain valve,learn,
automatic drain valve model edv x 1 1,automatic drain valve,spec,
automatic drain valve mechanical,automatic drain valve,other,
auto drain valve manufacturers from india,automatic drain valve,supplier,
auto drain valve mechanical,automatic drain valve,other,
auto drain valve manufacturers,automatic drain valve,supplier,
auto drain valve manufacturers coimbatore,automatic drain valve,supplier,coimbatore
auto drain valve manual,automatic drain valve,other,
auto drain valve make,automatic drain valve,other,
auto drain valve manufacturers in ahmedabad,automatic drain valve,supplier,ahmedabad
auto drain valve manufacturers in mumbai,automatic drain valve,supplier,mumbai
auto drain valve near me,automatic drain valve,service,
auto drain valve not working,automatic drain valve,learn,
auto drain valve norgren,automatic drain valve,other,
auto drain valve parts name,automatic drain valve,other,
auto drain valve lenora,automatic drain valve,other,
auto drain valve locomotive,automatic drain valve,other,
auto drain valve ldv 1000,automatic drain valve,other,
auto drain valve ld,automatic drain valve,other,
digital auto drain valve lenora,automatic drain valve,other,
sprinkler auto drain valve leaking,automatic drain valve,other,
auto drain valve opt a,automatic drain valve,other,
auto drain valve orbit,automatic drain valve,other,
auto drain valve operation,automatic drain valve,other,
orbit automatic drain valve 10115h,automatic drain valve,other,
drain valve of semi automatic washing machine,automatic drain valve,other,
orbit brass automatic drain valve,automatic drain valve,other,
float operated automatic drain valve,automatic drain valve,other,
how does an automatic drain valve work on an air compressor,automatic drain valve,learn,
automatic drain valve pvc,automatic drain valve,other,
auto drain valve p&id symbol,automatic drain valve,other,
auto drain valve pneumatic,automatic drain valve,other,
auto drain valve parker,automatic drain valve,other,
auto drain valve plunger,automatic drain valve,other,
auto drain valve photo,automatic drain valve,other,
auto drain valve parts,automatic drain valve,other,
automatic drain valve rain bird,automatic drain valve,other,
auto drain valve rv,automatic drain valve,other,
auto drain valve repair,automatic drain valve,service,
auto drain valve replacement,automatic drain valve,other,
auto drain valve rotex,automatic drain valve,other,
auto drain valve rate,automatic drain valve,price,
automatic drain valve sprinkler,automatic drain valve,other,
automatic drain valve symbol,automatic drain valve,other,
automatic drain valve sprinkler system,automatic drain valve,other,
automatic drain valve smc,automatic drain valve,other,
auto drain valve symbol,automatic drain valve,other,
auto drain valve specification,automatic drain valve,spec,
auto drain valve supplier,automatic drain valve,supplier,
auto drain valve sprinkler,automatic drain valve,other,
auto drain valve strainer,automatic drain valve,other,
auto drain valve size 1/2,automatic drain valve,other,
automatic drain valve trident make,automatic drain valve,other,
automatic drain valve tyco,automatic drain valve,other,
automatic drain valve trident,automatic drain valve,other,
automatic drain valve timer,automatic drain valve,other,
automatic drain valve truck,automatic drain valve,other,
auto drain valve techno,automatic drain valve,other,
auto drain valve timer based,automatic drain valve,other,
auto drain valve types,automatic drain valve,other,
auto drain valve techno make,automatic drain valve,other,
auto drain valve use,automatic drain valve,other,
auto drain valve uflow,automatic drain valve,other,
electronic drain valve v2ed-180/in,automatic drain valve,other,
auto drain valve for vacuum pump,automatic drain valve,other,
automatic drain valve with timer,automatic drain valve,other,
automatic drain valve wabco,automatic drain valve,other,
automatic drain valve water,automatic drain valve,other,
automatic drain valve with heater,automatic drain valve,other,
auto drain valve with timer,automatic drain valve,other,
auto drain valve working principle,automatic drain valve,learn,
auto drain valve with strainer,automatic drain valve,other,
auto drain valve working,automatic drain valve,learn,
auto drain valve y type 1 2,automatic drain valve,other,
auto drain valve price,automatic drain valve,price,
auto tank drain valve ztd1,automatic drain valve,other,
zero loss automatic drain valve,automatic drain valve,other,
how to install automatic drain valve,automatic drain valve,learn,
how to install auto drain valve for air compressor,automatic drain valve,learn,
how to install orbit automatic drain valve,automatic drain valve,learn,
best automatic drain valve for air compressor,automatic drain valve,supplier,
best automatic drain valve for water system,automatic drain valve,supplier,
best auto drain valve for air receiver tank,automatic drain valve,supplier,
best auto drain valve,automatic drain valve,supplier,
best air compressor automatic drain valve harbor freight,automatic drain valve,supplier,
what is automatic drain valve,automatic drain valve,learn,
how does automatic drain valve work,automatic drain valve,learn,
how do auto drain valves work,automatic drain valve,learn,
lenora auto drain valve price,automatic drain valve,price,
trident auto drain valve price,automatic drain valve,price,
techno auto drain valve price,automatic drain valve,price,
concept auto drain valve price,automatic drain valve,price,
compressor auto drain valve price,automatic drain valve,price,
bekomat auto drain valve price,automatic drain valve,price,
elgi auto drain valve price,automatic drain valve,price,
auto drain valve mechanical type,automatic drain valve,other,
mechanical auto drain valve working principle,automatic drain valve,learn,
auto drain valve for air compressor working principle,automatic drain valve,learn,
auto drain valve suppliers,automatic drain valve,supplier,
air receiver tank,air receiver tank,other,
air receiver tank manufacturers,air receiver tank,supplier,
air receiver tank hsn code,air receiver tank,compliance,
air receiver tank manufacturers in coimbatore,air receiver tank,supplier,coimbatore
air receiver tank capacity,air receiver tank,spec,
air receiver tank safety valve,air receiver tank,other,
air receiver tank auto drain valve,air receiver tank,other,
air receiver tank price,air receiver tank,price,
air receiver tank capacity calculation,air receiver tank,spec,
air receiver tank colour code,air receiver tank,other,
air receiver tank adalah,air receiver tank,other,
air receiver tank accessories,air receiver tank,other,
air receiver tank atlas copco,air receiver tank,other,
air receiver tank auto drain,air receiver tank,other,
air receiver tank asme,air receiver tank,other,
air receiver tank alibaba,air receiver tank,other,
air receiver tank inlet and outlet,air receiver tank,other,
air receiver tank calculation,air receiver tank,spec,
air receiver tank capacity in litres,air receiver tank,spec,
air receiver tank connection,air receiver tank,other,
air receiver tank certification,air receiver tank,other,
air receiver tank compressor,air receiver tank,other,
air receiver tank calibration,air receiver tank,other,
air receiver tank checklist,air receiver tank,other,
air receiver tank blastline,air receiver tank,other,
air receiver tank blasting,air receiver tank,other,
air receiver tank brisbane,air receiver tank,other,
air receiver tank benefits,air receiver tank,other,
air receiver tank buy,air receiver tank,price,
air receiver tank blowdown valve,air receiver tank,other,
air receiver/buffer tank,air receiver tank,other,
air receiver tank manufacturers in bangalore,air receiver tank,supplier,bangalore
10 bar air receiver tank,air receiver tank,other,
air receiver tank dimensions,air receiver tank,other,
air receiver tank drain valve,air receiver tank,other,
air receiver tank design,air receiver tank,other,
air receiver tank dosh,air receiver tank,other,
air receiver tank design calculation,air receiver tank,spec,
air receiver tank dwg,air receiver tank,other,
air receiver tank details,air receiver tank,other,
air receiver tank drain,air receiver tank,other,
air receiver tank function,air receiver tank,learn,
air receiver tank for sale,air receiver tank,other,
air receiver tank for blasting,air receiver tank,other,
air receiver tank for compressor,air receiver tank,other,
air receiver tank filling time calculation,air receiver tank,spec,
air receiver tank fittings,air receiver tank,other,
air receiver tank filter,air receiver tank,other,
air receiver tank fabrication,air receiver tank,other,
air receiver tank foundation,air receiver tank,other,
air receiver tank gasket,air receiver tank,other,
air receiver tank gauge,air receiver tank,other,
air receiver tank pressure gauge,air receiver tank,other,
air receiver tank 60 gallon,air receiver tank,other,
air receiver tank 1000 gallon,air receiver tank,other,
air receiver tank là gì,air receiver tank,other,
air receiver tank hsn code and gst rate,air receiver tank,price|compliance,
500 gallon air receiver tank,air receiver tank,other,
200 gallon air receiver tank,air receiver tank,other,
400 gallon air receiver tank,air receiver tank,other,
air receiver tank hydro testing procedure,air receiver tank,other,
air receiver tank hs code,air receiver tank,other,
air receiver tank horizontal,air receiver tank,other,
air receiver tank hydro testing,air receiver tank,other,
air receiver tank height,air receiver tank,other,
air receiver tank hire,air receiver tank,other,
air receiver tank explosion,air receiver tank,other,
elgi air receiver tank,air receiver tank,other,
elgi air receiver tank price,air receiver tank,price,
what is air receiver tank,air receiver tank,learn,
air receiver tank purpose,air receiver tank,other,
air receiver tank inspection requirements,air receiver tank,other,
air receiver tank inspection,air receiver tank,other,
air receiver tank images,air receiver tank,other,
air receiver tank inspection checklist,air receiver tank,other,
air receiver tank installation,air receiver tank,service,
air receiver tank in malay,air receiver tank,other,
air receiver tank in chinese,air receiver tank,other,
air receiver tank in compressor,air receiver tank,other,
air receiver tank in ahmedabad,air receiver tank,other,ahmedabad
air receiver tank lifespan,air receiver tank,other,
air receiver tank capacity unit,air receiver tank,spec,
air receiver tank 1000 liter,air receiver tank,spec,
air receiver tank 500 liter,air receiver tank,spec,
air receiver tank 100 litre,air receiver tank,spec,
air receiver tank 5000 liter,air receiver tank,spec,
air receiver tank 3000 liter,air receiver tank,spec,
air receiver tank kaeser,air receiver tank,other,
air receiver tank kit,air receiver tank,other,
air receiver tank kya hota hai,air receiver tank,other,
air receiver tank manufacturers in kolkata,air receiver tank,supplier,kolkata
kobelco air receiver tank,air receiver tank,other,
kirloskar air receiver tank,air receiver tank,other,
air receiver tank weight,air receiver tank,other,
air receiver tank manufacturers near me,air receiver tank,supplier|service,
air receiver tank manufacturers in ahmedabad,air receiver tank,supplier,ahmedabad
air receiver tank manufacturers in pune,air receiver tank,supplier,pune
air receiver tank manufacturers in chennai,air receiver tank,supplier,chennai
air receiver tank material,air receiver tank,other,
air receiver tank manhole,air receiver tank,other,
air receiver tank jkkp,air receiver tank,other,
air receiver tank jb,air receiver tank,other,
air receiver tank dosh jkkp,air receiver tank,other,
jual air receiver tank,air receiver tank,other,
air receiver tank name plate,air receiver tank,other,
air receiver tank near me,air receiver tank,service,
air receiver tank nz,air receiver tank,other,
air receiver tank nearby,air receiver tank,other,
air receiver tank parts name,air receiver tank,other,
air receiver tank supplier near me,air receiver tank,supplier|service,
air receiver tank for sale near me,air receiver tank,service,
new air receiver tank,air receiver tank,other,
air receiver tank inlet outlet,air receiver tank,other,
air oil receiver tank,air receiver tank,other,
purpose of air receiver tank,air receiver tank,other,
compressed air receiver tank inlet and outlet,air receiver tank,other,
parts of air receiver tank,air receiver tank,learn,
types of air receiver tank,air receiver tank,learn,
function of air receiver tank,air receiver tank,learn,
design of air receiver tank,air receiver tank,other,
sizing of air receiver tank,air receiver tank,spec,
air receiver tank volume,air receiver tank,other,
air receiver tank photo,air receiver tank,other,
air receiver tank parts,air receiver tank,other,
air receiver tank pressure relief valve,air receiver tank,other,
air receiver tank pressure testing,air receiver tank,other,
air receiver tank price list,air receiver tank,price,
air receiver tank sizing,air receiver tank,spec,
air receiver tank specification,air receiver tank,spec,
air receiver tank size calculation,air receiver tank,spec,
air receiver tank symbol,air receiver tank,other,
air receiver tank safety relief valve,air receiver tank,other,
quincy air receiver tank,air receiver tank,other,
air receiver tank rental,air receiver tank,other,
air receiver tank regulations,air receiver tank,other,
air receiver tank relief valve,air receiver tank,other,
air receiver tank ingersoll rand,air receiver tank,other,
air receiver tank pressure rating,air receiver tank,other,
air receiver tank test certificate,air receiver tank,compliance,
air receiver tank thickness test,air receiver tank,other,
air receiver tank thickness,air receiver tank,other,
air receiver tank thickness calculation,air receiver tank,spec,
air receiver tank testing,air receiver tank,other,
air receiver tank truck,air receiver tank,other,
air receiver tank thai,air receiver tank,other,
air receiver tank working principle,air receiver tank,learn,
air receiver tank water drain,air receiver tank,other,
air receiver tank wall thickness calculation,air receiver tank,spec,
air receiver tank weight calculation,air receiver tank,spec,
air receiver tank work,air receiver tank,other,
air receiver tank with air compressor,air receiver tank,other,
wet air receiver tank,air receiver tank,other,
how does an air receiver tank work,air receiver tank,learn,
air receiver tank volume calculator,air receiver tank,spec,
air receiver tank valve,air receiver tank,other,
air receiver tank volume formula,air receiver tank,spec,
air receiver tank vertical,air receiver tank,other,
air receiver tank safety valve calibration,air receiver tank,other,
air receiver tank vs air compressor,air receiver tank,learn,
air receiver tank used,air receiver tank,price,
used air receiver tank for sale,air receiver tank,price,
used air compressor receiver tank for sale,air receiver tank,price,
riksa uji air receiver tank,air receiver tank,other,
yuen fee air receiver tank,air receiver tank,other,
what is the function of air receiver tank,air receiver tank,learn,
what is the purpose of air receiver tank,air receiver tank,learn,
what is the function of an air receiver tank in a pneumatic system,air receiver tank,learn,
what is the purpose of air receiver,air receiver tank,learn,
how to calculate air receiver tank capacity,air receiver tank,learn|spec,
how to size air receiver tank,air receiver tank,learn,
how to install air receiver tank,air receiver tank,learn,
how to clean air receiver tank,air receiver tank,learn,
how to calculate air receiver tank volume,air receiver tank,learn|spec,
how to design air receiver tank,air receiver tank,learn,
how to select air receiver tank,air receiver tank,learn,
how air receiver tank works,air receiver tank,learn,
how to size compressed air receiver tank,air receiver tank,learn,
buy air receiver tank,air receiver tank,price,
air receiver tank manufacturers in mumbai,air receiver tank,supplier,mumbai
air receiver tank price in india,air receiver tank,price,
1000l air receiver tank price,air receiver tank,price|spec,
vertical air receiver tank price,air receiver tank,price,
air receiver tank 2000 liter price,air receiver tank,price|spec,
air receiver tank 500 liter price,air receiver tank,price|spec,
air receiver tank manufacturers in delhi,air receiver tank,supplier,delhi
air receiver tank meaning,air receiver tank,learn,
air receiver tank cost,air receiver tank,price,
air receiver tank supplier,air receiver tank,supplier,
air receiver tank service,air receiver tank,service,
air receiver tank maintenance checklist,air receiver tank,service,
air receiver tank maintenance,air receiver tank,service,
air receiver tank preventive maintenance,air receiver tank,service,
air receiver tank suppliers,air receiver tank,supplier,
compressed air receiver tank specification,air receiver tank,spec,
air receiver tank cleaning,air receiver tank,other,
compressed air receiver tank capacity calculation,air receiver tank,spec,
compressed air receiver tank volume calculator,air receiver tank,spec,
air receiver vs air tank,air receiver tank,learn,
shell and tube heat exchanger,shell and tube heat exchanger,other,
shell and tube heat exchanger manufacturers in chennai,shell and tube heat exchanger,supplier,chennai
shell and tube heat exchanger types,shell and tube heat exchanger,other,
shell and tube heat exchanger design,shell and tube heat exchanger,other,
shell and tube heat exchanger images,shell and tube heat exchanger,other,
shell and tube heat exchanger working principle,shell and tube heat exchanger,learn,
shell and tube heat exchanger design calculations,shell and tube heat exchanger,spec,
shell and tube heat exchanger animation,shell and tube heat exchanger,other,
shell and tube heat exchanger area calculation,shell and tube heat exchanger,spec,
shell and tube heat exchanger apparatus,shell and tube heat exchanger,other,
shell and tube heat exchanger applications,shell and tube heat exchanger,other,
shell and tube heat exchanger advantages and disadvantages,shell and tube heat exchanger,learn,
shell and tube heat exchanger alfa laval,shell and tube heat exchanger,other,
shell and tube heat exchanger approach temperature,shell and tube heat exchanger,other,
shell and tube heat exchanger adalah,shell and tube heat exchanger,other,
shell and tube heat exchanger ansys fluent,shell and tube heat exchanger,other,
shell and tube heat exchanger calculations,shell and tube heat exchanger,spec,
shell and tube heat exchanger components,shell and tube heat exchanger,learn,
shell and tube heat exchanger construction and working,shell and tube heat exchanger,learn,
shell and tube heat exchanger construction,shell and tube heat exchanger,other,
shell and tube heat exchanger calculation excel,shell and tube heat exchanger,spec,
shell and tube heat exchanger cross section,shell and tube heat exchanger,other,
shell and tube heat exchanger calculator online,shell and tube heat exchanger,spec,
shell and tube heat exchanger capacity,shell and tube heat exchanger,spec,
shell and tube heat exchanger cost estimation,shell and tube heat exchanger,price,
shell and tube heat exchanger baffles,shell and tube heat exchanger,other,
shell and tube heat exchanger bundle removal,shell and tube heat exchanger,other,
shell and tube heat exchanger bonnet,shell and tube heat exchanger,other,
shell and tube heat exchanger baffle design,shell and tube heat exchanger,other,
shell and tube heat exchanger bundle,shell and tube heat exchanger,other,
shell and tube heat exchanger buy,shell and tube heat exchanger,price,
shell and tube heat exchanger benefits,shell and tube heat exchanger,other,
shell and tube heat exchanger book,shell and tube heat exchanger,other,
shell and tube heat exchanger bem type,shell and tube heat exchanger,other,
shell and tube heat exchanger basics,shell and tube heat exchanger,other,
shell and tube heat exchanger design calculations excel,shell and tube heat exchanger,spec,
shell and tube heat exchanger definition,shell and tube heat exchanger,learn,
shell and tube heat exchanger expansion arrangement,shell and tube heat exchanger,other,
shell and tube heat exchanger efficiency,shell and tube heat exchanger,other,
shell and tube heat exchanger equations,shell and tube heat exchanger,other,
shell and tube heat exchanger efficiency formula,shell and tube heat exchanger,spec,
shell and tube heat exchanger example,shell and tube heat exchanger,other,
shell and tube heat exchanger expansion joint,shell and tube heat exchanger,other,
shell and tube heat exchanger experiment,shell and tube heat exchanger,other,
shell and tube heat exchanger efficiency calculation,shell and tube heat exchanger,spec,
shell and tube heat exchanger explained,shell and tube heat exchanger,other,
shell and tube heat exchanger experiment lab report,shell and tube heat exchanger,other,
shell and tube heat exchanger fabrication,shell and tube heat exchanger,other,
shell and tube heat exchanger flow,shell and tube heat exchanger,other,
shell and tube heat exchanger fluid allocation,shell and tube heat exchanger,other,
shell and tube heat exchanger for sale,shell and tube heat exchanger,other,
shell and tube heat exchanger formula,shell and tube heat exchanger,spec,
shell and tube heat exchanger floating head,shell and tube heat exchanger,other,
shell and tube heat exchanger function,shell and tube heat exchanger,learn,
shell and tube heat exchanger figure,shell and tube heat exchanger,other,
shell and tube heat exchanger flow pattern,shell and tube heat exchanger,other,
shell and tube heat exchanger graph,shell and tube heat exchanger,other,
shell and tube heat exchanger gaskets,shell and tube heat exchanger,other,
shell and tube heat exchanger gif,shell and tube heat exchanger,other,
shell and tube heat exchanger gasket types,shell and tube heat exchanger,other,
shell and tube heat exchanger grabcad,shell and tube heat exchanger,other,
shell and tube heat exchanger geometry,shell and tube heat exchanger,other,
shell and tube heat exchanger gas,shell and tube heat exchanger,other,
shell and tube heat exchanger grainger,shell and tube heat exchanger,other,
shell and tube heat exchanger in ship,shell and tube heat exchanger,other,
shell and tube heat exchanger in hindi,shell and tube heat exchanger,other,
shell and tube heat exchanger internals,shell and tube heat exchanger,other,
shell and tube heat exchanger in industry,shell and tube heat exchanger,other,
shell and tube heat exchanger inlet and outlet,shell and tube heat exchanger,other,
shell and tube heat exchanger icon,shell and tube heat exchanger,other,
shell and tube heat exchanger in oil refinery,shell and tube heat exchanger,other,
shell and tube heat exchanger in india,shell and tube heat exchanger,other,
shell and tube heat exchanger in food industry,shell and tube heat exchanger,other,
shell and tube heat exchanger leak test,shell and tube heat exchanger,other,
shell and tube heat exchanger lab report,shell and tube heat exchanger,other,
shell and tube heat exchanger leak,shell and tube heat exchanger,other,
shell and tube heat exchanger lmtd,shell and tube heat exchanger,other,
shell and tube heat exchanger length,shell and tube heat exchanger,other,
shell and tube heat exchanger life expectancy,shell and tube heat exchanger,other,
shell and tube heat exchanger leak detection,shell and tube heat exchanger,other,
shell and tube heat exchanger hsn code,shell and tube heat exchanger,compliance,
shell and tube heat exchanger hydrotest procedure,shell and tube heat exchanger,other,
shell and tube heat exchanger how it works,shell and tube heat exchanger,learn,
shell and tube heat exchanger heat transfer coefficient,shell and tube heat exchanger,other,
shell and tube heat exchanger heat transfer,shell and tube heat exchanger,other,
shell and tube heat exchanger hot and cold side,shell and tube heat exchanger,other,
shell and tube heat exchanger hs code,shell and tube heat exchanger,other,
shell and tube heat exchanger hydrotest,shell and tube heat exchanger,other,
shell and tube heat exchanger hvac,shell and tube heat exchanger,other,
shell and tube heat exchanger handbook,shell and tube heat exchanger,other,
shell and tube heat exchanger manufacturers in coimbatore,shell and tube heat exchanger,supplier,coimbatore
shell and tube heat exchanger manufacturer,shell and tube heat exchanger,supplier,
shell and tube heat exchanger material,shell and tube heat exchanger,other,
shell and tube heat exchanger model,shell and tube heat exchanger,spec,
shell and tube heat exchanger marine,shell and tube heat exchanger,other,
shell and tube heat exchanger maintenance procedure,shell and tube heat exchanger,service,
shell and tube heat exchanger manufacturers in pune,shell and tube heat exchanger,supplier,pune
shell and tube heat exchanger manufacturers in ahmedabad,shell and tube heat exchanger,supplier,ahmedabad
shell and tube heat exchanger maintenance,shell and tube heat exchanger,service,
shell and tube heat exchanger kya hota hai,shell and tube heat exchanger,other,
shell and tube heat exchanger also known as,shell and tube heat exchanger,other,
kelvion shell and tube heat exchanger,shell and tube heat exchanger,other,
kettle shell and tube heat exchanger,shell and tube heat exchanger,other,
design of shell and tube heat exchanger by kern method,shell and tube heat exchanger,other,
kern method for shell and tube heat exchanger,shell and tube heat exchanger,other,
difference between shell and tube and kettle type heat exchanger,shell and tube heat exchanger,learn,
komponen shell and tube heat exchanger,shell and tube heat exchanger,other,
prinsip kerja shell and tube heat exchanger,shell and tube heat exchanger,other,
kelebihan dan kekurangan shell and tube heat exchanger,shell and tube heat exchanger,other,
shell and tube heat exchanger journal,shell and tube heat exchanger,other,
shell and tube heat exchanger jurnal,shell and tube heat exchanger,other,
jenis shell and tube heat exchanger,shell and tube heat exchanger,other,
how does a shell and tube heat exchanger work,shell and tube heat exchanger,learn,
shell and tube heat exchanger nomenclature,shell and tube heat exchanger,other,
shell and tube heat exchanger number of passes,shell and tube heat exchanger,other,
shell and tube heat exchanger near me,shell and tube heat exchanger,service,
shell and tube heat exchanger numericals,shell and tube heat exchanger,other,
shell and tube heat exchanger nozzle,shell and tube heat exchanger,other,
shell and tube heat exchanger nameplate,shell and tube heat exchanger,other,
shell and. tube heat exchanger notes,shell and tube heat exchanger,other,
shell and tube heat exchanger nptel,shell and tube heat exchanger,other,
shell and tube heat exchanger nz,shell and tube heat exchanger,other,
shell and tube heat exchanger parts name,shell and tube heat exchanger,other,
shell and tube heat exchanger overall heat transfer coefficient,shell and tube heat exchanger,other,
shell and tube heat exchanger operation,shell and tube heat exchanger,other,
shell and tube heat exchanger openfoam,shell and tube heat exchanger,other,
shell and tube heat exchanger online calculator,shell and tube heat exchanger,spec,
shell and tube heat exchanger one pass,shell and tube heat exchanger,other,
shell and tube heat exchanger oil cooler,shell and tube heat exchanger,other,
shell and tube heat exchanger other name,shell and tube heat exchanger,other,
shell and tube heat exchanger optimization,shell and tube heat exchanger,other,
shell and tube heat exchanger overhaul,shell and tube heat exchanger,other,
shell and tube heat exchanger on p&id,shell and tube heat exchanger,other,
shell and tube heat exchanger parts,shell and tube heat exchanger,other,
shell and tube heat exchanger price,shell and tube heat exchanger,price,
shell and tube heat exchanger p&id symbol,shell and tube heat exchanger,other,
shell and tube heat exchanger photo,shell and tube heat exchanger,other,
shell and tube heat exchanger principle,shell and tube heat exchanger,learn,
shell and tube heat exchanger parallel or counter flow,shell and tube heat exchanger,other,
shell and tube heat exchanger questions,shell and tube heat exchanger,other,
shell and tube heat exchanger interview questions,shell and tube heat exchanger,other,
shell and tube heat exchanger viva questions,shell and tube heat exchanger,other,
shell and tube heat exchanger que es,shell and tube heat exchanger,other,
shell and tube heat exchanger symbol,shell and tube heat exchanger,other,
shell and tube heat exchanger sketch,shell and tube heat exchanger,other,
shell and tube heat exchanger specification sheet,shell and tube heat exchanger,spec,
shell and tube heat exchanger sizing calculator,shell and tube heat exchanger,spec,
shell and tube heat exchanger sizing,shell and tube heat exchanger,spec,
shell and tube heat exchanger simulation,shell and tube heat exchanger,other,
shell and tube heat exchanger symbol p&id,shell and tube heat exchanger,other,
shell and tube heat exchanger standards,shell and tube heat exchanger,other,
shell and tube heat exchanger tube material,shell and tube heat exchanger,other,
shell and tube heat exchanger tube layout,shell and tube heat exchanger,other,
shell and tube heat exchanger tube sheet,shell and tube heat exchanger,other,
shell and tube heat exchanger tema types,shell and tube heat exchanger,other,
shell and tube heat exchanger temperature profile,shell and tube heat exchanger,other,
shell and tube heat exchanger tema,shell and tube heat exchanger,other,
shell and tube heat exchanger testing procedure,shell and tube heat exchanger,other,
shell and tube heat exchanger theory,shell and tube heat exchanger,other,
shell and tube heat exchanger research paper,shell and tube heat exchanger,other,
shell and tube heat exchanger repair,shell and tube heat exchanger,service,
shell and tube heat exchanger repair near me,shell and tube heat exchanger,service,
shell and tube heat exchanger refrigeration,shell and tube heat exchanger,other,
shell and tube heat exchanger rental,shell and tube heat exchanger,other,
shell and tube heat exchanger relief valve,shell and tube heat exchanger,other,
shell and tube heat exchanger removal,shell and tube heat exchanger,other,
shell and tube heat exchanger reynolds number,shell and tube heat exchanger,other,
shell and tube heat exchanger vs plate heat exchanger,shell and tube heat exchanger,learn,
shell and tube heat exchanger vs plate and frame,shell and tube heat exchanger,learn,
shell and tube heat exchanger vertical,shell and tube heat exchanger,other,
shell and tube heat exchanger volume calculation,shell and tube heat exchanger,spec,
shell and tube heat exchanger vendor,shell and tube heat exchanger,supplier,
shell and tube heat exchanger volume,shell and tube heat exchanger,other,
shell and tube heat exchanger velocity,shell and tube heat exchanger,other,
shell and tube heat exchanger vertical vs horizontal,shell and tube heat exchanger,learn,
shell and tube heat exchanger uses,shell and tube heat exchanger,other,
shell and tube heat exchanger u value,shell and tube heat exchanger,other,
shell and tube heat exchanger unit,shell and tube heat exchanger,other,
shell and tube heat exchanger u tube,shell and tube heat exchanger,other,
shell and tube heat exchanger design using htri software,shell and tube heat exchanger,other,
shell and tube heat exchanger working,shell and tube heat exchanger,learn,
shell and tube heat exchanger working animation,shell and tube heat exchanger,learn,
shell and tube heat exchanger which side is hot,shell and tube heat exchanger,other,
shell and tube heat exchanger with fins,shell and tube heat exchanger,other,
shell and tube heat exchanger with baffles,shell and tube heat exchanger,other,
shell and tube heat exchanger with floating head,shell and tube heat exchanger,other,
shell and tube heat exchanger weight calculation,shell and tube heat exchanger,spec,
shell and tube heat exchanger welding,shell and tube heat exchanger,other,
shell and tube heat exchanger calculations xls,shell and tube heat exchanger,spec,
xylem shell and tube heat exchanger,shell and tube heat exchanger,other,
x type shell and tube heat exchanger,shell and tube heat exchanger,other,
york shell and tube heat exchanger,shell and tube heat exchanger,other,
how do you maintain a shell and tube heat exchanger,shell and tube heat exchanger,learn,
shell and tube heat exchanger manufacturers,shell and tube heat exchanger,supplier,
shell and tube heat exchanger manufacturer in india,shell and tube heat exchanger,supplier,
why shell and tube heat exchanger is used,shell and tube heat exchanger,price|learn,
why shell and tube heat exchanger is popular,shell and tube heat exchanger,learn,
why is shell and tube heat exchanger widely used in industry,shell and tube heat exchanger,price|learn,
best shell and tube heat exchanger,shell and tube heat exchanger,supplier,
best material for shell and tube heat exchanger,shell and tube heat exchanger,supplier,
what is shell and tube heat exchanger,shell and tube heat exchanger,learn,
what is shell and tube heat exchanger used for,shell and tube heat exchanger,price|learn,
what is channel in shell and tube heat exchanger,shell and tube heat exchanger,learn,
what is pitch in shell and tube heat exchanger,shell and tube heat exchanger,learn,
what is pass in shell and tube heat exchanger,shell and tube heat exchanger,learn,
what is 1 2 shell and tube heat exchanger,shell and tube heat exchanger,learn,
what is clearance in shell and tube heat exchanger,shell and tube heat exchanger,learn,
what is 2 4 shell and tube heat exchanger,shell and tube heat exchanger,learn,
what is ase in shell and tube heat exchanger,shell and tube heat exchanger,learn,
what is fouling in shell and tube heat exchanger,shell and tube heat exchanger,learn,
how to design shell and tube heat exchanger,shell and tube heat exchanger,learn,
how to clean shell and tube heat exchanger,shell and tube heat exchanger,learn,
how to calculate shell and tube heat exchanger capacity,shell and tube heat exchanger,learn|spec,
how to make shell and tube heat exchanger,shell and tube heat exchanger,learn,
how to size shell and tube heat exchanger,shell and tube heat exchanger,learn,
how to draw shell and tube heat exchanger,shell and tube heat exchanger,learn,
how to work shell and tube heat exchanger,shell and tube heat exchanger,learn,
how to dismantle shell and tube heat exchanger,shell and tube heat exchanger,learn,
how to pressure test shell and tube heat exchanger,shell and tube heat exchanger,learn,
how does shell and tube heat exchanger work,shell and tube heat exchanger,learn,
buy shell and tube heat exchanger,shell and tube heat exchanger,price,
where are shell and tube heat exchangers used,shell and tube heat exchanger,price,
where is shell and tube heat exchanger used,shell and tube heat exchanger,price,
is a shell and tube heat exchanger a pressure vessel,shell and tube heat exchanger,other,
what does a shell and tube heat exchanger look like,shell and tube heat exchanger,other,
how does a shell and tubes heat exchanger work give typical examples,shell and tube heat exchanger,learn,
shell and tube heat exchanger in chennai,shell and tube heat exchanger,other,chennai
shell and tube heat exchanger in coimbatore,shell and tube heat exchanger,other,coimbatore
shell and tube heat exchanger manufacturers in bangalore,shell and tube heat exchanger,supplier,bangalore
shell and tube heat exchanger manufacturers in hyderabad,shell and tube heat exchanger,supplier,hyderabad
shell and tube heat exchanger manufacturers in mumbai,shell and tube heat exchanger,supplier,mumbai
shell and tube heat exchanger manufacturer in delhi,shell and tube heat exchanger,supplier,delhi
shell and tube heat exchanger manufacturers near me,shell and tube heat exchanger,supplier|service,
shell and tube heat exchanger mechanical design,shell and tube heat exchanger,other,
shell and tube heat exchanger meaning,shell and tube heat exchanger,learn,
shell and tube heat exchanger mechanism,shell and tube heat exchanger,other,
shell and tube heat exchanger cleaning methods,shell and tube heat exchanger,other,
shell and tube heat exchanger price in india,shell and tube heat exchanger,price,
shell and tube heat exchanger price list,shell and tube heat exchanger,price,
shell and tube heat exchanger cost estimation excel,shell and tube heat exchanger,price,
industrial shell and tube heat exchanger price,shell and tube heat exchanger,price,
shell and tube heat exchanger flow rate,shell and tube heat exchanger,price,
shell and tube heat exchanger in pharmaceutical industry,shell and tube heat exchanger,other,
shell and tube heat exchanger in dairy industry,shell and tube heat exchanger,other,
shell and tube heat exchanger cost,shell and tube heat exchanger,price,
average cost of a shell and tube heat exchanger,shell and tube heat exchanger,price,
what is the costliest type of shell and tube heat exchanger to manufacture,shell and tube heat exchanger,supplier|price|learn,
plastic shell and tube heat exchanger,shell and tube heat exchanger,other,
illustrate the working principle of shell and tube heat exchanger,shell and tube heat exchanger,price|learn,
shell and tube heat exchanger manufacturers in china,shell and tube heat exchanger,supplier,
shell and tube heat exchanger supplier,shell and tube heat exchanger,supplier,
shell and tube heat exchanger suppliers in india,shell and tube heat exchanger,supplier,
shell and tube heat exchanger suppliers,shell and tube heat exchanger,supplier,
used shell and tube heat exchanger for sale,shell and tube heat exchanger,price,
shell and tube heat exchanger parts and functions,shell and tube heat exchanger,learn,
shell and tube heat exchanger vs double pipe,shell and tube heat exchanger,learn,
shell and tube heat exchanger conduction or convection,shell and tube heat exchanger,other,
phe vs shell and tube heat exchanger,shell and tube heat exchanger,learn,
concentric vs shell and tube heat exchanger,shell and tube heat exchanger,learn,
shell and tube vs tubular heat exchanger,shell and tube heat exchanger,learn,
shell and tube vs plate heat exchanger efficiency,shell and tube heat exchanger,learn,
shell and tube heat exchanger service,shell and tube heat exchanger,service,
shell and tube heat exchanger maintenance checklist,shell and tube heat exchanger,service,
shell and tube heat exchanger tube replacement,shell and tube heat exchanger,other,
shell and tube heat exchanger capacity calculation,shell and tube heat exchanger,spec,
shell and tube heat exchanger size calculator,shell and tube heat exchanger,spec,
shell and tube heat exchanger cleaning,shell and tube heat exchanger,other,
shell and tube heat exchanger cleaning tools,shell and tube heat exchanger,other,
shell and tube heat exchanger cleaning procedure,shell and tube heat exchanger,other,
shell and tube heat exchanger cleaning brush,shell and tube heat exchanger,other,
shell and tube heat exchanger chemical cleaning,shell and tube heat exchanger,other,
shell and tube heat exchanger specification,shell and tube heat exchanger,spec,
shell and tube heat exchanger spec sheet,shell and tube heat exchanger,other,
heat exchanger manufacturers in chennai,heat exchanger manufacturers,supplier,chennai
heat exchanger manufacturers in coimbatore,heat exchanger manufacturers,supplier,coimbatore
heat exchanger manufacturers in india,heat exchanger manufacturers,supplier,
heat exchanger manufacturers in tamilnadu,heat exchanger manufacturers,supplier,tamilnadu
heat exchanger manufacturers,heat exchanger manufacturers,supplier,
heat exchanger manufacturers in bangalore,heat exchanger manufacturers,supplier,bangalore
heat exchanger manufacturers near me,heat exchanger manufacturers,supplier|service,
heat exchanger manufacturers in pune,heat exchanger manufacturers,supplier,pune
heat exchanger manufacturers in ahmedabad,heat exchanger manufacturers,supplier,ahmedabad
heat exchanger manufacturers in mumbai,heat exchanger manufacturers,supplier,mumbai
heat exchanger manufacturers association,heat exchanger manufacturers,supplier,
heat exchanger manufacturer ahmedabad,heat exchanger manufacturers,supplier,ahmedabad
heat exchanger additive manufacturing,heat exchanger manufacturers,supplier,
heat exchanger manufacturers in abu dhabi,heat exchanger manufacturers,supplier,
tubular heat exchanger manufacturers association,heat exchanger manufacturers,supplier,
heat exchanger manufacturers in alberta,heat exchanger manufacturers,supplier,
heat exchanger manufacturer in ambernath,heat exchanger manufacturers,supplier,
heat exchanger manufacturer in ankleshwar,heat exchanger manufacturers,supplier,
heat exchanger manufacturers bangalore,heat exchanger manufacturers,supplier,bangalore
heat exchanger manufacturers in bhopal,heat exchanger manufacturers,supplier,
heat exchanger manufacturers in brazil,heat exchanger manufacturers,supplier,
heat exchanger manufacturer in bhosari,heat exchanger manufacturers,supplier,
heat exchanger manufacturer in belgaum,heat exchanger manufacturers,supplier,
heat exchanger manufacturer in baroda,heat exchanger manufacturers,supplier,
heat exchanger companies in bangalore,heat exchanger manufacturers,supplier,bangalore
heat exchanger manufacturers delhi,heat exchanger manufacturers,supplier,delhi
shyam heat exchanger manufacturers delhi india,heat exchanger manufacturers,supplier,delhi
heat exchanger design companies,heat exchanger manufacturers,supplier,
shyam heat exchanger manufacturers delhi india ghaziabad,heat exchanger manufacturers,supplier,delhi
heat exchanger manufacturer in delhi ncr,heat exchanger manufacturers,supplier,delhi
heat exchanger manufacturer in dahej,heat exchanger manufacturers,supplier,
heat exchanger manufacturers chennai,heat exchanger manufacturers,supplier,chennai
heat exchanger manufacturing company in india,heat exchanger manufacturers,supplier,
heat exchanger manufacturer china,heat exchanger manufacturers,supplier,
heat exchanger manufacturing company,heat exchanger manufacturers,supplier,
heat exchanger condenser manufacturers in india,heat exchanger manufacturers,supplier,
heat exchanger coil manufacturer,heat exchanger manufacturers,supplier,
heat exchanger coil manufacturer in india,heat exchanger manufacturers,supplier,
heat exchanger core manufacturer,heat exchanger manufacturers,supplier,
heat exchanger manufacturers europe,heat exchanger manufacturers,supplier,
heat exchanger companies in europe,heat exchanger manufacturers,supplier,
heat exchanger tubes manufacturers in europe,heat exchanger manufacturers,supplier,
plate heat exchanger manufacturers in europe,heat exchanger manufacturers,supplier,
shell and tube heat exchanger manufacturers in europe,heat exchanger manufacturers,supplier,
heat exchanger manufacturer in middle east,heat exchanger manufacturers,supplier,
heat exchanger examples,heat exchanger manufacturers,other,
heat exchanger ferrule manufacturers in india,heat exchanger manufacturers,supplier,
heat exchanger manufacturer in faridabad,heat exchanger manufacturers,supplier,faridabad
heat exchanger manufacturer in france,heat exchanger manufacturers,supplier,
fin tube heat exchanger manufacturers india,heat exchanger manufacturers,supplier,
finned tube heat exchanger manufacturers,heat exchanger manufacturers,supplier,
fin type heat exchanger manufacturers india,heat exchanger manufacturers,supplier,
heat exchanger manufacturer germany,heat exchanger manufacturers,supplier,
heat exchanger manufacturer gujarat,heat exchanger manufacturers,supplier,gujarat
heat exchanger gasket manufacturers,heat exchanger manufacturers,supplier,
heat exchanger gasket suppliers,heat exchanger manufacturers,supplier,
heat exchanger manufacturer in ghaziabad,heat exchanger manufacturers,supplier,
heat exchanger manufacturer in gujarat list,heat exchanger manufacturers,supplier,gujarat
heat exchanger manufacturer in gurgaon,heat exchanger manufacturers,supplier,gurgaon
heat exchanger companies in germany,heat exchanger manufacturers,supplier,
plate heat exchanger gasket manufacturer,heat exchanger manufacturers,supplier,
heat exchanger manufacturer in anand gujarat,heat exchanger manufacturers,supplier,gujarat
heat exchanger manufacturers in hyderabad,heat exchanger manufacturers,supplier,hyderabad
heat exchanger manufacturers list,heat exchanger manufacturers,supplier,
heat exchanger manufacturers in hosur,heat exchanger manufacturers,supplier,
heat exchanger manufacturer in haryana,heat exchanger manufacturers,supplier,haryana
heat exchanger companies in houston,heat exchanger manufacturers,supplier,
heat exchanger companies in hyderabad,heat exchanger manufacturers,supplier,hyderabad
hvac heat exchanger manufacturers,heat exchanger manufacturers,supplier,
helical coil heat exchanger manufacturers,heat exchanger manufacturers,supplier,
heat exchanger listed companies in india,heat exchanger manufacturers,supplier,
heat exchanger manufacturers in ludhiana,heat exchanger manufacturers,supplier,ludhiana
heat exchanger listed companies,heat exchanger manufacturers,supplier,
heat exchanger manufacturers in karnataka,heat exchanger manufacturers,supplier,karnataka
heat exchanger manufacturers in karachi,heat exchanger manufacturers,supplier,
heat exchanger manufacturers in kerala,heat exchanger manufacturers,supplier,kerala
heat exchanger manufacturers in kolkata,heat exchanger manufacturers,supplier,kolkata
heat exchanger manufacturer in kolhapur,heat exchanger manufacturers,supplier,
heat exchanger manufacturer in south korea,heat exchanger manufacturers,supplier,
heat exchanger manufacturer in japan,heat exchanger manufacturers,supplier,
heat exchanger companies near me,heat exchanger manufacturers,supplier|service,
heat exchanger suppliers near me,heat exchanger manufacturers,supplier|service,
heat exchanger manufacturers tulsa ok,heat exchanger manufacturers,supplier,
heat exchanger manufacturers in ontario,heat exchanger manufacturers,supplier,
heat exchanger manufacturers in oklahoma,heat exchanger manufacturers,supplier,
heat exchanger manufacturer in odisha,heat exchanger manufacturers,supplier,odisha
oil heat exchanger manufacturers,heat exchanger manufacturers,supplier,
list of heat exchanger manufacturers in india,heat exchanger manufacturers,supplier,
oil cooler heat exchanger manufacturers,heat exchanger manufacturers,supplier,
oil cooler heat exchanger manufacturers in india,heat exchanger manufacturers,supplier,
heat exchanger manufacturing machine,heat exchanger manufacturers,supplier,
heat exchanger manufacturers in maharashtra,heat exchanger manufacturers,supplier,maharashtra
heat exchanger manufacturing process,heat exchanger manufacturers,supplier,
heat exchanger manufacturer pune,heat exchanger manufacturers,supplier,pune
heat exchanger plate manufacturer,heat exchanger manufacturers,supplier,
heat exchanger manufacturers in punjab,heat exchanger manufacturers,supplier,punjab
heat exchanger manufacturers in peenya,heat exchanger manufacturers,supplier,
heat exchanger plate supplier,heat exchanger manufacturers,supplier,
heat exchanger manufacturing standards,heat exchanger manufacturers,supplier,
heat exchanger manufacturers in surat,heat exchanger manufacturers,supplier,surat
heat exchanger manufacturers in south india,heat exchanger manufacturers,supplier,
heat exchanger repair companies,heat exchanger manufacturers,supplier|service,
heat exchanger manufacturers in rajasthan,heat exchanger manufacturers,supplier,
heat exchanger manufacturers in rajkot,heat exchanger manufacturers,supplier,rajkot
heat exchanger manufacturer in rabale,heat exchanger manufacturers,supplier,
rear door heat exchanger manufacturers,heat exchanger manufacturers,supplier,
heat exchanger manufacturer in russia,heat exchanger manufacturers,supplier,
heat exchanger tube manufacturers in india,heat exchanger manufacturers,supplier,
heat exchanger tube manufacturers,heat exchanger manufacturers,supplier,
heat exchanger tube manufacturers in china,heat exchanger manufacturers,supplier,
heat exchanger companies tulsa,heat exchanger manufacturers,supplier,
heat exchanger tube suppliers,heat exchanger manufacturers,supplier,
heat exchanger manufacturer in uttar pradesh,heat exchanger manufacturers,supplier,uttar pradesh
heat exchanger manufacturer in uttarakhand,heat exchanger manufacturers,supplier,
heat exchanger manufacturer in west bengal,heat exchanger manufacturers,supplier,
heat exchanger manufacturer in wisconsin,heat exchanger manufacturers,supplier,
heat exchanger manufacturers in vadodara,heat exchanger manufacturers,supplier,vadodara
heat exchanger manufacturers in vapi,heat exchanger manufacturers,supplier,
heat exchanger manufacturers in visakhapatnam,heat exchanger manufacturers,supplier,
heat exchanger manufacturer in vasai,heat exchanger manufacturers,supplier,
heat exchanger manufacturer in vatva,heat exchanger manufacturers,supplier,
heat exchanger pressure vessel manufacturer in india,heat exchanger manufacturers,supplier,
best heat exchanger manufacturers,heat exchanger manufacturers,supplier,
best heat exchanger manufacturers in india,heat exchanger manufacturers,supplier,
top heat exchanger manufacturers in india,heat exchanger manufacturers,supplier,
top heat exchanger manufacturers,heat exchanger manufacturers,supplier,
top heat exchanger manufacturers in chennai,heat exchanger manufacturers,supplier,chennai
top heat exchanger manufacturers in coimbatore,heat exchanger manufacturers,supplier,coimbatore
best heat exchanger companies,heat exchanger manufacturers,supplier,
top heat exchanger manufacturer in pune,heat exchanger manufacturers,supplier,pune
top heat exchanger companies in world,heat exchanger manufacturers,supplier,
largest heat exchanger manufacturers,heat exchanger manufacturers,supplier,
heat exchanger companies in coimbatore,heat exchanger manufacturers,supplier,coimbatore
plate heat exchanger manufacturers in coimbatore,heat exchanger manufacturers,supplier,coimbatore
heat exchanger companies in chennai,heat exchanger manufacturers,supplier,chennai
heat exchanger supplier in chennai,heat exchanger manufacturers,supplier,chennai
plate heat exchanger manufacturers in chennai,heat exchanger manufacturers,supplier,chennai
heat exchanger suppliers in pune,heat exchanger manufacturers,supplier,pune
heat exchanger companies in pune,heat exchanger manufacturers,supplier,pune
plate heat exchanger manufacturers in pune,heat exchanger manufacturers,supplier,pune
air cooled heat exchanger manufacturers in pune,heat exchanger manufacturers,supplier,pune
heat exchanger manufacturing companies in pune,heat exchanger manufacturers,supplier,pune
pressure vessel heat exchanger manufacturer in pune,heat exchanger manufacturers,supplier,pune
plate heat exchanger manufacturers in bangalore,heat exchanger manufacturers,supplier,bangalore
heat exchanger companies in mumbai,heat exchanger manufacturers,supplier,mumbai
heat exchanger manufacturers in navi mumbai,heat exchanger manufacturers,supplier,mumbai
plate heat exchanger manufacturer in mumbai,heat exchanger manufacturers,supplier,mumbai
heat exchangers and condensers manufacturer in mumbai,heat exchanger manufacturers,supplier,mumbai
heat exchanger supplier in ahmedabad,heat exchanger manufacturers,supplier,ahmedabad
plate heat exchanger manufacturer in ahmedabad,heat exchanger manufacturers,supplier,ahmedabad
shell & tube heat exchanger manufacturers in ahmedabad,heat exchanger manufacturers,supplier,ahmedabad
rahul industries heat exchanger coil manufacturers in ahmedabad india,heat exchanger manufacturers,supplier,ahmedabad
heat exchanger manufacturers in delhi,heat exchanger manufacturers,supplier,delhi
plate heat exchanger manufacturer in delhi,heat exchanger manufacturers,supplier,delhi
air cooled heat exchanger manufacturers in delhi,heat exchanger manufacturers,supplier,delhi
heat exchanger cleaning companies near me,heat exchanger manufacturers,supplier|service,
heat exchanger manufacturing companies in india,heat exchanger manufacturers,supplier,
heat exchanger manufacturing companies,heat exchanger manufacturers,supplier,
heat exchanger manufacturing companies in kolkata,heat exchanger manufacturers,supplier,kolkata
heat exchanger manufacturing companies in germany,heat exchanger manufacturers,supplier,
heat exchanger repair cost,heat exchanger manufacturers,price|service,
can a heat exchanger be repaired,heat exchanger manufacturers,service,
heat exchanger cost to replace,heat exchanger manufacturers,price,
